{
  "type": "FeatureCollection",
  "features": [
    {
      "type": "Feature",
      "geometry": {
        "type": "Point",
        "coordinates": [
          -74.0579512,
          4.6714483
        ]
      },
      "properties": {
        "id": "253761879",
        "nombre": "Nodo 253761879",
        "tipo": "interseccion",
        "accesible": true
      }
    },
    {
      "type": "Feature",
      "geometry": {
        "type": "Point",
        "coordinates": [
          -74.0572856,
          4.6644634
        ]
      },
      "properties": {
        "id": "253761882",
        "nombre": "Nodo 253761882",
        "tipo": "interseccion",
        "accesible": true
      }
    },
    {
      "type": "Feature",
      "geometry": {
        "type": "Point",
        "coordinates": [
          -74.052285,
          4.6594405
        ]
      },
      "properties": {
        "id": "253761969",
        "nombre": "Nodo 253761969",
        "tipo": "interseccion",
        "accesible": true
      }
    },
    {
      "type": "Feature",
      "geometry": {
        "type": "Point",
        "coordinates": [
          -74.0566042,
          4.6640311
        ]
      },
      "properties": {
        "id": "253761997",
        "nombre": "Nodo 253761997",
        "tipo": "interseccion",
        "accesible": true
      }
    },
    {
      "type": "Feature",
      "geometry": {
        "type": "Point",
        "coordinates": [
          -74.0577435,
          4.6636778
        ]
      },
      "properties": {
        "id": "253762016",
        "nombre": "Nodo 253762016",
        "tipo": "interseccion",
        "accesible": true
      }
    },
    {
      "type": "Feature",
      "geometry": {
        "type": "Point",
        "coordinates": [
          -74.0556494,
          4.6632992
        ]
      },
      "properties": {
        "id": "253762045",
        "nombre": "Nodo 253762045",
        "tipo": "interseccion",
        "accesible": true
      }
    },
    {
      "type": "Feature",
      "geometry": {
        "type": "Point",
        "coordinates": [
          -74.0543726,
          4.663569
        ]
      },
      "properties": {
        "id": "253762048",
        "nombre": "Nodo 253762048",
        "tipo": "interseccion",
        "accesible": true
      }
    },
    {
      "type": "Feature",
      "geometry": {
        "type": "Point",
        "coordinates": [
          -74.0688364,
          4.6575061
        ]
      },
      "properties": {
        "id": "253762071",
        "nombre": "Nodo 253762071",
        "tipo": "interseccion",
        "accesible": true
      }
    },
    {
      "type": "Feature",
      "geometry": {
        "type": "Point",
        "coordinates": [
          -74.0676869,
          4.6567662
        ]
      },
      "properties": {
        "id": "253762143",
        "nombre": "Nodo 253762143",
        "tipo": "interseccion",
        "accesible": true
      }
    },
    {
      "type": "Feature",
      "geometry": {
        "type": "Point",
        "coordinates": [
          -74.0581496,
          4.6631196
        ]
      },
      "properties": {
        "id": "253762149",
        "nombre": "Nodo 253762149",
        "tipo": "interseccion",
        "accesible": true
      }
    },
    {
      "type": "Feature",
      "geometry": {
        "type": "Point",
        "coordinates": [
          -74.0690054,
          4.6665492
        ]
      },
      "properties": {
        "id": "253762179",
        "nombre": "Nodo 253762179",
        "tipo": "interseccion",
        "accesible": true
      }
    },
    {
      "type": "Feature",
      "geometry": {
        "type": "Point",
        "coordinates": [
          -74.064242,
          4.6661265
        ]
      },
      "properties": {
        "id": "253762181",
        "nombre": "Nodo 253762181",
        "tipo": "interseccion",
        "accesible": true
      }
    },
    {
      "type": "Feature",
      "geometry": {
        "type": "Point",
        "coordinates": [
          -74.0570766,
          4.6624315
        ]
      },
      "properties": {
        "id": "253762216",
        "nombre": "Nodo 253762216",
        "tipo": "interseccion",
        "accesible": true
      }
    },
    {
      "type": "Feature",
      "geometry": {
        "type": "Point",
        "coordinates": [
          -74.05511,
          4.6640945
        ]
      },
      "properties": {
        "id": "253762297",
        "nombre": "Nodo 253762297",
        "tipo": "interseccion",
        "accesible": true
      }
    },
    {
      "type": "Feature",
      "geometry": {
        "type": "Point",
        "coordinates": [
          -74.0567145,
          4.6630036
        ]
      },
      "properties": {
        "id": "253762307",
        "nombre": "Nodo 253762307",
        "tipo": "interseccion",
        "accesible": true
      }
    },
    {
      "type": "Feature",
      "geometry": {
        "type": "Point",
        "coordinates": [
          -74.0585796,
          4.6625128
        ]
      },
      "properties": {
        "id": "253762318",
        "nombre": "Nodo 253762318",
        "tipo": "interseccion",
        "accesible": true
      }
    },
    {
      "type": "Feature",
      "geometry": {
        "type": "Point",
        "coordinates": [
          -74.056354,
          4.6677942
        ]
      },
      "properties": {
        "id": "253845435",
        "nombre": "Nodo 253845435",
        "tipo": "interseccion",
        "accesible": true
      }
    },
    {
      "type": "Feature",
      "geometry": {
        "type": "Point",
        "coordinates": [
          -74.0571025,
          4.6632578
        ]
      },
      "properties": {
        "id": "253846793",
        "nombre": "Nodo 253846793",
        "tipo": "interseccion",
        "accesible": true
      }
    },
    {
      "type": "Feature",
      "geometry": {
        "type": "Point",
        "coordinates": [
          -74.057009,
          4.6649372
        ]
      },
      "properties": {
        "id": "253847647",
        "nombre": "Nodo 253847647",
        "tipo": "interseccion",
        "accesible": true
      }
    },
    {
      "type": "Feature",
      "geometry": {
        "type": "Point",
        "coordinates": [
          -74.0493685,
          4.6623969
        ]
      },
      "properties": {
        "id": "253848095",
        "nombre": "Nodo 253848095",
        "tipo": "interseccion",
        "accesible": true
      }
    },
    {
      "type": "Feature",
      "geometry": {
        "type": "Point",
        "coordinates": [
          -74.0565096,
          4.662219
        ]
      },
      "properties": {
        "id": "253848285",
        "nombre": "Nodo 253848285",
        "tipo": "interseccion",
        "accesible": true
      }
    },
    {
      "type": "Feature",
      "geometry": {
        "type": "Point",
        "coordinates": [
          -74.0559962,
          4.6667035
        ]
      },
      "properties": {
        "id": "253848294",
        "nombre": "Nodo 253848294",
        "tipo": "interseccion",
        "accesible": true
      }
    },
    {
      "type": "Feature",
      "geometry": {
        "type": "Point",
        "coordinates": [
          -74.0529088,
          4.6587875
        ]
      },
      "properties": {
        "id": "254347517",
        "nombre": "Nodo 254347517",
        "tipo": "interseccion",
        "accesible": true
      }
    },
    {
      "type": "Feature",
      "geometry": {
        "type": "Point",
        "coordinates": [
          -74.0562267,
          4.6637691
        ]
      },
      "properties": {
        "id": "254530322",
        "nombre": "Nodo 254530322",
        "tipo": "interseccion",
        "accesible": true
      }
    },
    {
      "type": "Feature",
      "geometry": {
        "type": "Point",
        "coordinates": [
          -74.0669136,
          4.6618498
        ]
      },
      "properties": {
        "id": "254530323",
        "nombre": "Nodo 254530323",
        "tipo": "interseccion",
        "accesible": true
      }
    },
    {
      "type": "Feature",
      "geometry": {
        "type": "Point",
        "coordinates": [
          -74.066232,
          4.6613994
        ]
      },
      "properties": {
        "id": "254530324",
        "nombre": "Nodo 254530324",
        "tipo": "interseccion",
        "accesible": true
      }
    },
    {
      "type": "Feature",
      "geometry": {
        "type": "Point",
        "coordinates": [
          -74.0695925,
          4.656434
        ]
      },
      "properties": {
        "id": "254530325",
        "nombre": "Nodo 254530325",
        "tipo": "interseccion",
        "accesible": true
      }
    },
    {
      "type": "Feature",
      "geometry": {
        "type": "Point",
        "coordinates": [
          -74.0551887,
          4.6551706
        ]
      },
      "properties": {
        "id": "254530345",
        "nombre": "Nodo 254530345",
        "tipo": "interseccion",
        "accesible": true
      }
    },
    {
      "type": "Feature",
      "geometry": {
        "type": "Point",
        "coordinates": [
          -74.0694049,
          4.6540839
        ]
      },
      "properties": {
        "id": "255471027",
        "nombre": "Nodo 255471027",
        "tipo": "interseccion",
        "accesible": true
      }
    },
    {
      "type": "Feature",
      "geometry": {
        "type": "Point",
        "coordinates": [
          -74.0703557,
          4.6553902
        ]
      },
      "properties": {
        "id": "255471033",
        "nombre": "Nodo 255471033",
        "tipo": "interseccion",
        "accesible": true
      }
    },
    {
      "type": "Feature",
      "geometry": {
        "type": "Point",
        "coordinates": [
          -74.0653553,
          4.6643235
        ]
      },
      "properties": {
        "id": "255471043",
        "nombre": "Nodo 255471043",
        "tipo": "interseccion",
        "accesible": true
      }
    },
    {
      "type": "Feature",
      "geometry": {
        "type": "Point",
        "coordinates": [
          -74.0622642,
          4.6636404
        ]
      },
      "properties": {
        "id": "260487059",
        "nombre": "Nodo 260487059",
        "tipo": "interseccion",
        "accesible": true
      }
    },
    {
      "type": "Feature",
      "geometry": {
        "type": "Point",
        "coordinates": [
          -74.0617067,
          4.664507
        ]
      },
      "properties": {
        "id": "260487068",
        "nombre": "Nodo 260487068",
        "tipo": "interseccion",
        "accesible": true
      }
    },
    {
      "type": "Feature",
      "geometry": {
        "type": "Point",
        "coordinates": [
          -74.0597361,
          4.6679328
        ]
      },
      "properties": {
        "id": "260623191",
        "nombre": "Nodo 260623191",
        "tipo": "interseccion",
        "accesible": true
      }
    },
    {
      "type": "Feature",
      "geometry": {
        "type": "Point",
        "coordinates": [
          -74.0604184,
          4.6647561
        ]
      },
      "properties": {
        "id": "260627307",
        "nombre": "Nodo 260627307",
        "tipo": "interseccion",
        "accesible": true
      }
    },
    {
      "type": "Feature",
      "geometry": {
        "type": "Point",
        "coordinates": [
          -74.0650121,
          4.6536475
        ]
      },
      "properties": {
        "id": "261817164",
        "nombre": "Nodo 261817164",
        "tipo": "interseccion",
        "accesible": true
      }
    },
    {
      "type": "Feature",
      "geometry": {
        "type": "Point",
        "coordinates": [
          -74.0592187,
          4.652667
        ]
      },
      "properties": {
        "id": "263471068",
        "nombre": "Nodo 263471068",
        "tipo": "interseccion",
        "accesible": true
      }
    },
    {
      "type": "Feature",
      "geometry": {
        "type": "Point",
        "coordinates": [
          -74.0538342,
          4.660555
        ]
      },
      "properties": {
        "id": "263471094",
        "nombre": "Nodo 263471094",
        "tipo": "interseccion",
        "accesible": true
      }
    },
    {
      "type": "Feature",
      "geometry": {
        "type": "Point",
        "coordinates": [
          -74.0588066,
          4.6659498
        ]
      },
      "properties": {
        "id": "264441787",
        "nombre": "Nodo 264441787",
        "tipo": "interseccion",
        "accesible": true
      }
    },
    {
      "type": "Feature",
      "geometry": {
        "type": "Point",
        "coordinates": [
          -74.0596529,
          4.6644386
        ]
      },
      "properties": {
        "id": "264441789",
        "nombre": "Nodo 264441789",
        "tipo": "interseccion",
        "accesible": true
      }
    },
    {
      "type": "Feature",
      "geometry": {
        "type": "Point",
        "coordinates": [
          -74.051651,
          4.6583546
        ]
      },
      "properties": {
        "id": "264552904",
        "nombre": "Nodo 264552904",
        "tipo": "interseccion",
        "accesible": true
      }
    },
    {
      "type": "Feature",
      "geometry": {
        "type": "Point",
        "coordinates": [
          -74.0530677,
          4.6559605
        ]
      },
      "properties": {
        "id": "264552907",
        "nombre": "Nodo 264552907",
        "tipo": "interseccion",
        "accesible": true
      }
    },
    {
      "type": "Feature",
      "geometry": {
        "type": "Point",
        "coordinates": [
          -74.0535828,
          4.6543544
        ]
      },
      "properties": {
        "id": "264552912",
        "nombre": "Nodo 264552912",
        "tipo": "interseccion",
        "accesible": true
      }
    },
    {
      "type": "Feature",
      "geometry": {
        "type": "Point",
        "coordinates": [
          -74.0528642,
          4.653994
        ]
      },
      "properties": {
        "id": "264553080",
        "nombre": "Nodo 264553080",
        "tipo": "interseccion",
        "accesible": true
      }
    },
    {
      "type": "Feature",
      "geometry": {
        "type": "Point",
        "coordinates": [
          -74.0509615,
          4.6525202
        ]
      },
      "properties": {
        "id": "264553086",
        "nombre": "Nodo 264553086",
        "tipo": "interseccion",
        "accesible": true
      }
    },
    {
      "type": "Feature",
      "geometry": {
        "type": "Point",
        "coordinates": [
          -74.0520736,
          4.653668
        ]
      },
      "properties": {
        "id": "264553120",
        "nombre": "Nodo 264553120",
        "tipo": "interseccion",
        "accesible": true
      }
    },
    {
      "type": "Feature",
      "geometry": {
        "type": "Point",
        "coordinates": [
          -74.0515629,
          4.654749
        ]
      },
      "properties": {
        "id": "264553123",
        "nombre": "Nodo 264553123",
        "tipo": "interseccion",
        "accesible": true
      }
    },
    {
      "type": "Feature",
      "geometry": {
        "type": "Point",
        "coordinates": [
          -74.0522735,
          4.655556
        ]
      },
      "properties": {
        "id": "264553463",
        "nombre": "Nodo 264553463",
        "tipo": "interseccion",
        "accesible": true
      }
    },
    {
      "type": "Feature",
      "geometry": {
        "type": "Point",
        "coordinates": [
          -74.0516801,
          4.655257
        ]
      },
      "properties": {
        "id": "264553464",
        "nombre": "Nodo 264553464",
        "tipo": "interseccion",
        "accesible": true
      }
    },
    {
      "type": "Feature",
      "geometry": {
        "type": "Point",
        "coordinates": [
          -74.050718,
          4.6547405
        ]
      },
      "properties": {
        "id": "264553465",
        "nombre": "Nodo 264553465",
        "tipo": "interseccion",
        "accesible": true
      }
    },
    {
      "type": "Feature",
      "geometry": {
        "type": "Point",
        "coordinates": [
          -74.0524247,
          4.6573005
        ]
      },
      "properties": {
        "id": "264553634",
        "nombre": "Nodo 264553634",
        "tipo": "interseccion",
        "accesible": true
      }
    },
    {
      "type": "Feature",
      "geometry": {
        "type": "Point",
        "coordinates": [
          -74.0516728,
          4.6568812
        ]
      },
      "properties": {
        "id": "264553636",
        "nombre": "Nodo 264553636",
        "tipo": "interseccion",
        "accesible": true
      }
    },
    {
      "type": "Feature",
      "geometry": {
        "type": "Point",
        "coordinates": [
          -74.0511529,
          4.6562731
        ]
      },
      "properties": {
        "id": "264553638",
        "nombre": "Nodo 264553638",
        "tipo": "interseccion",
        "accesible": true
      }
    },
    {
      "type": "Feature",
      "geometry": {
        "type": "Point",
        "coordinates": [
          -74.0508599,
          4.6564995
        ]
      },
      "properties": {
        "id": "264553640",
        "nombre": "Nodo 264553640",
        "tipo": "interseccion",
        "accesible": true
      }
    },
    {
      "type": "Feature",
      "geometry": {
        "type": "Point",
        "coordinates": [
          -74.056218,
          4.6570967
        ]
      },
      "properties": {
        "id": "264718124",
        "nombre": "Nodo 264718124",
        "tipo": "interseccion",
        "accesible": true
      }
    },
    {
      "type": "Feature",
      "geometry": {
        "type": "Point",
        "coordinates": [
          -74.0558766,
          4.6575847
        ]
      },
      "properties": {
        "id": "264718187",
        "nombre": "Nodo 264718187",
        "tipo": "interseccion",
        "accesible": true
      }
    },
    {
      "type": "Feature",
      "geometry": {
        "type": "Point",
        "coordinates": [
          -74.0538203,
          4.6575745
        ]
      },
      "properties": {
        "id": "264718418",
        "nombre": "Nodo 264718418",
        "tipo": "interseccion",
        "accesible": true
      }
    },
    {
      "type": "Feature",
      "geometry": {
        "type": "Point",
        "coordinates": [
          -74.0552667,
          4.6584947
        ]
      },
      "properties": {
        "id": "264718620",
        "nombre": "Nodo 264718620",
        "tipo": "interseccion",
        "accesible": true
      }
    },
    {
      "type": "Feature",
      "geometry": {
        "type": "Point",
        "coordinates": [
          -74.0532823,
          4.6614443
        ]
      },
      "properties": {
        "id": "264718938",
        "nombre": "Nodo 264718938",
        "tipo": "interseccion",
        "accesible": true
      }
    },
    {
      "type": "Feature",
      "geometry": {
        "type": "Point",
        "coordinates": [
          -74.0516696,
          4.66391
        ]
      },
      "properties": {
        "id": "264718942",
        "nombre": "Nodo 264718942",
        "tipo": "interseccion",
        "accesible": true
      }
    },
    {
      "type": "Feature",
      "geometry": {
        "type": "Point",
        "coordinates": [
          -74.051577,
          4.660099
        ]
      },
      "properties": {
        "id": "264719943",
        "nombre": "Nodo 264719943",
        "tipo": "interseccion",
        "accesible": true
      }
    },
    {
      "type": "Feature",
      "geometry": {
        "type": "Point",
        "coordinates": [
          -74.0553218,
          4.6514437
        ]
      },
      "properties": {
        "id": "264977631",
        "nombre": "Nodo 264977631",
        "tipo": "interseccion",
        "accesible": true
      }
    },
    {
      "type": "Feature",
      "geometry": {
        "type": "Point",
        "coordinates": [
          -74.0617744,
          4.6519972
        ]
      },
      "properties": {
        "id": "265024857",
        "nombre": "Nodo 265024857",
        "tipo": "interseccion",
        "accesible": true
      }
    },
    {
      "type": "Feature",
      "geometry": {
        "type": "Point",
        "coordinates": [
          -74.0599917,
          4.6540923
        ]
      },
      "properties": {
        "id": "265024978",
        "nombre": "Nodo 265024978",
        "tipo": "interseccion",
        "accesible": true
      }
    },
    {
      "type": "Feature",
      "geometry": {
        "type": "Point",
        "coordinates": [
          -74.0596449,
          4.6545927
        ]
      },
      "properties": {
        "id": "265025140",
        "nombre": "Nodo 265025140",
        "tipo": "interseccion",
        "accesible": true
      }
    },
    {
      "type": "Feature",
      "geometry": {
        "type": "Point",
        "coordinates": [
          -74.0584261,
          4.6538455
        ]
      },
      "properties": {
        "id": "265025229",
        "nombre": "Nodo 265025229",
        "tipo": "interseccion",
        "accesible": true
      }
    },
    {
      "type": "Feature",
      "geometry": {
        "type": "Point",
        "coordinates": [
          -74.055667,
          4.6549469
        ]
      },
      "properties": {
        "id": "265498547",
        "nombre": "Nodo 265498547",
        "tipo": "interseccion",
        "accesible": true
      }
    },
    {
      "type": "Feature",
      "geometry": {
        "type": "Point",
        "coordinates": [
          -74.0603365,
          4.6548984
        ]
      },
      "properties": {
        "id": "265498776",
        "nombre": "Nodo 265498776",
        "tipo": "interseccion",
        "accesible": true
      }
    },
    {
      "type": "Feature",
      "geometry": {
        "type": "Point",
        "coordinates": [
          -74.0597092,
          4.6544999
        ]
      },
      "properties": {
        "id": "265498777",
        "nombre": "Nodo 265498777",
        "tipo": "interseccion",
        "accesible": true
      }
    },
    {
      "type": "Feature",
      "geometry": {
        "type": "Point",
        "coordinates": [
          -74.0583621,
          4.6539353
        ]
      },
      "properties": {
        "id": "265498788",
        "nombre": "Nodo 265498788",
        "tipo": "interseccion",
        "accesible": true
      }
    },
    {
      "type": "Feature",
      "geometry": {
        "type": "Point",
        "coordinates": [
          -74.0595886,
          4.6546739
        ]
      },
      "properties": {
        "id": "265498789",
        "nombre": "Nodo 265498789",
        "tipo": "interseccion",
        "accesible": true
      }
    },
    {
      "type": "Feature",
      "geometry": {
        "type": "Point",
        "coordinates": [
          -74.0593381,
          4.6721839
        ]
      },
      "properties": {
        "id": "265580300",
        "nombre": "Nodo 265580300",
        "tipo": "interseccion",
        "accesible": true
      }
    },
    {
      "type": "Feature",
      "geometry": {
        "type": "Point",
        "coordinates": [
          -74.0528903,
          4.6656705
        ]
      },
      "properties": {
        "id": "265580307",
        "nombre": "Nodo 265580307",
        "tipo": "interseccion",
        "accesible": true
      }
    },
    {
      "type": "Feature",
      "geometry": {
        "type": "Point",
        "coordinates": [
          -74.0503207,
          4.6636448
        ]
      },
      "properties": {
        "id": "265687601",
        "nombre": "Nodo 265687601",
        "tipo": "interseccion",
        "accesible": true
      }
    },
    {
      "type": "Feature",
      "geometry": {
        "type": "Point",
        "coordinates": [
          -74.0505881,
          4.6632185
        ]
      },
      "properties": {
        "id": "265687602",
        "nombre": "Nodo 265687602",
        "tipo": "interseccion",
        "accesible": true
      }
    },
    {
      "type": "Feature",
      "geometry": {
        "type": "Point",
        "coordinates": [
          -74.0509837,
          4.6625883
        ]
      },
      "properties": {
        "id": "265687653",
        "nombre": "Nodo 265687653",
        "tipo": "interseccion",
        "accesible": true
      }
    },
    {
      "type": "Feature",
      "geometry": {
        "type": "Point",
        "coordinates": [
          -74.0520701,
          4.6633088
        ]
      },
      "properties": {
        "id": "265687654",
        "nombre": "Nodo 265687654",
        "tipo": "interseccion",
        "accesible": true
      }
    },
    {
      "type": "Feature",
      "geometry": {
        "type": "Point",
        "coordinates": [
          -74.0498677,
          4.661852
        ]
      },
      "properties": {
        "id": "265687956",
        "nombre": "Nodo 265687956",
        "tipo": "interseccion",
        "accesible": true
      }
    },
    {
      "type": "Feature",
      "geometry": {
        "type": "Point",
        "coordinates": [
          -74.0511481,
          4.6646177
        ]
      },
      "properties": {
        "id": "265784089",
        "nombre": "Nodo 265784089",
        "tipo": "interseccion",
        "accesible": true
      }
    },
    {
      "type": "Feature",
      "geometry": {
        "type": "Point",
        "coordinates": [
          -74.0496625,
          4.6657838
        ]
      },
      "properties": {
        "id": "265784101",
        "nombre": "Nodo 265784101",
        "tipo": "interseccion",
        "accesible": true
      }
    },
    {
      "type": "Feature",
      "geometry": {
        "type": "Point",
        "coordinates": [
          -74.0640461,
          4.6624542
        ]
      },
      "properties": {
        "id": "266023850",
        "nombre": "Nodo 266023850",
        "tipo": "interseccion",
        "accesible": true
      }
    },
    {
      "type": "Feature",
      "geometry": {
        "type": "Point",
        "coordinates": [
          -74.0565568,
          4.6528156
        ]
      },
      "properties": {
        "id": "266891706",
        "nombre": "Nodo 266891706",
        "tipo": "interseccion",
        "accesible": true
      }
    },
    {
      "type": "Feature",
      "geometry": {
        "type": "Point",
        "coordinates": [
          -74.0575555,
          4.6513812
        ]
      },
      "properties": {
        "id": "266891797",
        "nombre": "Nodo 266891797",
        "tipo": "interseccion",
        "accesible": true
      }
    },
    {
      "type": "Feature",
      "geometry": {
        "type": "Point",
        "coordinates": [
          -74.0578351,
          4.6535188
        ]
      },
      "properties": {
        "id": "266892161",
        "nombre": "Nodo 266892161",
        "tipo": "interseccion",
        "accesible": true
      }
    },
    {
      "type": "Feature",
      "geometry": {
        "type": "Point",
        "coordinates": [
          -74.058668,
          4.6522416
        ]
      },
      "properties": {
        "id": "266892197",
        "nombre": "Nodo 266892197",
        "tipo": "interseccion",
        "accesible": true
      }
    },
    {
      "type": "Feature",
      "geometry": {
        "type": "Point",
        "coordinates": [
          -74.0572832,
          4.6531967
        ]
      },
      "properties": {
        "id": "266892205",
        "nombre": "Nodo 266892205",
        "tipo": "interseccion",
        "accesible": true
      }
    },
    {
      "type": "Feature",
      "geometry": {
        "type": "Point",
        "coordinates": [
          -74.0581355,
          4.6518303
        ]
      },
      "properties": {
        "id": "266892225",
        "nombre": "Nodo 266892225",
        "tipo": "interseccion",
        "accesible": true
      }
    },
    {
      "type": "Feature",
      "geometry": {
        "type": "Point",
        "coordinates": [
          -74.060311,
          4.6536321
        ]
      },
      "properties": {
        "id": "266892231",
        "nombre": "Nodo 266892231",
        "tipo": "interseccion",
        "accesible": true
      }
    },
    {
      "type": "Feature",
      "geometry": {
        "type": "Point",
        "coordinates": [
          -74.0563652,
          4.6660263
        ]
      },
      "properties": {
        "id": "267890873",
        "nombre": "Nodo 267890873",
        "tipo": "interseccion",
        "accesible": true
      }
    },
    {
      "type": "Feature",
      "geometry": {
        "type": "Point",
        "coordinates": [
          -74.0552792,
          4.6652665
        ]
      },
      "properties": {
        "id": "267890875",
        "nombre": "Nodo 267890875",
        "tipo": "interseccion",
        "accesible": true
      }
    },
    {
      "type": "Feature",
      "geometry": {
        "type": "Point",
        "coordinates": [
          -74.0546528,
          4.664816
        ]
      },
      "properties": {
        "id": "267890876",
        "nombre": "Nodo 267890876",
        "tipo": "interseccion",
        "accesible": true
      }
    },
    {
      "type": "Feature",
      "geometry": {
        "type": "Point",
        "coordinates": [
          -74.0556574,
          4.6655534
        ]
      },
      "properties": {
        "id": "267890877",
        "nombre": "Nodo 267890877",
        "tipo": "interseccion",
        "accesible": true
      }
    },
    {
      "type": "Feature",
      "geometry": {
        "type": "Point",
        "coordinates": [
          -74.0574656,
          4.662681
        ]
      },
      "properties": {
        "id": "267890881",
        "nombre": "Nodo 267890881",
        "tipo": "interseccion",
        "accesible": true
      }
    },
    {
      "type": "Feature",
      "geometry": {
        "type": "Point",
        "coordinates": [
          -74.0574387,
          4.6634781
        ]
      },
      "properties": {
        "id": "267890883",
        "nombre": "Nodo 267890883",
        "tipo": "interseccion",
        "accesible": true
      }
    },
    {
      "type": "Feature",
      "geometry": {
        "type": "Point",
        "coordinates": [
          -74.0569649,
          4.6642542
        ]
      },
      "properties": {
        "id": "267890885",
        "nombre": "Nodo 267890885",
        "tipo": "interseccion",
        "accesible": true
      }
    },
    {
      "type": "Feature",
      "geometry": {
        "type": "Point",
        "coordinates": [
          -74.0560199,
          4.6658051
        ]
      },
      "properties": {
        "id": "267890886",
        "nombre": "Nodo 267890886",
        "tipo": "interseccion",
        "accesible": true
      }
    },
    {
      "type": "Feature",
      "geometry": {
        "type": "Point",
        "coordinates": [
          -74.0521916,
          4.6631242
        ]
      },
      "properties": {
        "id": "267890887",
        "nombre": "Nodo 267890887",
        "tipo": "interseccion",
        "accesible": true
      }
    },
    {
      "type": "Feature",
      "geometry": {
        "type": "Point",
        "coordinates": [
          -74.0526857,
          4.6623663
        ]
      },
      "properties": {
        "id": "267890888",
        "nombre": "Nodo 267890888",
        "tipo": "interseccion",
        "accesible": true
      }
    },
    {
      "type": "Feature",
      "geometry": {
        "type": "Point",
        "coordinates": [
          -74.0549244,
          4.6669213
        ]
      },
      "properties": {
        "id": "267899265",
        "nombre": "Nodo 267899265",
        "tipo": "interseccion",
        "accesible": true
      }
    },
    {
      "type": "Feature",
      "geometry": {
        "type": "Point",
        "coordinates": [
          -74.0539671,
          4.6686557
        ]
      },
      "properties": {
        "id": "267899270",
        "nombre": "Nodo 267899270",
        "tipo": "interseccion",
        "accesible": true
      }
    },
    {
      "type": "Feature",
      "geometry": {
        "type": "Point",
        "coordinates": [
          -74.0555711,
          4.6694311
        ]
      },
      "properties": {
        "id": "267899271",
        "nombre": "Nodo 267899271",
        "tipo": "interseccion",
        "accesible": true
      }
    },
    {
      "type": "Feature",
      "geometry": {
        "type": "Point",
        "coordinates": [
          -74.0546134,
          4.6689679
        ]
      },
      "properties": {
        "id": "267899274",
        "nombre": "Nodo 267899274",
        "tipo": "interseccion",
        "accesible": true
      }
    },
    {
      "type": "Feature",
      "geometry": {
        "type": "Point",
        "coordinates": [
          -74.0550808,
          4.6691939
        ]
      },
      "properties": {
        "id": "267899275",
        "nombre": "Nodo 267899275",
        "tipo": "interseccion",
        "accesible": true
      }
    },
    {
      "type": "Feature",
      "geometry": {
        "type": "Point",
        "coordinates": [
          -74.0558934,
          4.667513
        ]
      },
      "properties": {
        "id": "267899276",
        "nombre": "Nodo 267899276",
        "tipo": "interseccion",
        "accesible": true
      }
    },
    {
      "type": "Feature",
      "geometry": {
        "type": "Point",
        "coordinates": [
          -74.049732,
          4.664154
        ]
      },
      "properties": {
        "id": "267899279",
        "nombre": "Nodo 267899279",
        "tipo": "interseccion",
        "accesible": true
      }
    },
    {
      "type": "Feature",
      "geometry": {
        "type": "Point",
        "coordinates": [
          -74.0506528,
          4.6651275
        ]
      },
      "properties": {
        "id": "267899280",
        "nombre": "Nodo 267899280",
        "tipo": "interseccion",
        "accesible": true
      }
    },
    {
      "type": "Feature",
      "geometry": {
        "type": "Point",
        "coordinates": [
          -74.049654,
          4.6642189
        ]
      },
      "properties": {
        "id": "267899287",
        "nombre": "Nodo 267899287",
        "tipo": "interseccion",
        "accesible": true
      }
    },
    {
      "type": "Feature",
      "geometry": {
        "type": "Point",
        "coordinates": [
          -74.050412,
          4.6650234
        ]
      },
      "properties": {
        "id": "267899288",
        "nombre": "Nodo 267899288",
        "tipo": "interseccion",
        "accesible": true
      }
    },
    {
      "type": "Feature",
      "geometry": {
        "type": "Point",
        "coordinates": [
          -74.0541302,
          4.6664364
        ]
      },
      "properties": {
        "id": "267899291",
        "nombre": "Nodo 267899291",
        "tipo": "interseccion",
        "accesible": true
      }
    },
    {
      "type": "Feature",
      "geometry": {
        "type": "Point",
        "coordinates": [
          -74.0530186,
          4.6676716
        ]
      },
      "properties": {
        "id": "267899293",
        "nombre": "Nodo 267899293",
        "tipo": "interseccion",
        "accesible": true
      }
    },
    {
      "type": "Feature",
      "geometry": {
        "type": "Point",
        "coordinates": [
          -74.0548156,
          4.6561342
        ]
      },
      "properties": {
        "id": "267899316",
        "nombre": "Nodo 267899316",
        "tipo": "interseccion",
        "accesible": true
      }
    },
    {
      "type": "Feature",
      "geometry": {
        "type": "Point",
        "coordinates": [
          -74.054396,
          4.6597784
        ]
      },
      "properties": {
        "id": "267899323",
        "nombre": "Nodo 267899323",
        "tipo": "interseccion",
        "accesible": true
      }
    },
    {
      "type": "Feature",
      "geometry": {
        "type": "Point",
        "coordinates": [
          -74.0529375,
          4.667743
        ]
      },
      "properties": {
        "id": "267899340",
        "nombre": "Nodo 267899340",
        "tipo": "interseccion",
        "accesible": true
      }
    },
    {
      "type": "Feature",
      "geometry": {
        "type": "Point",
        "coordinates": [
          -74.0524148,
          4.6684303
        ]
      },
      "properties": {
        "id": "267899342",
        "nombre": "Nodo 267899342",
        "tipo": "interseccion",
        "accesible": true
      }
    },
    {
      "type": "Feature",
      "geometry": {
        "type": "Point",
        "coordinates": [
          -74.0539442,
          4.6705069
        ]
      },
      "properties": {
        "id": "267902561",
        "nombre": "Nodo 267902561",
        "tipo": "interseccion",
        "accesible": true
      }
    },
    {
      "type": "Feature",
      "geometry": {
        "type": "Point",
        "coordinates": [
          -74.05443,
          4.6695926
        ]
      },
      "properties": {
        "id": "267902562",
        "nombre": "Nodo 267902562",
        "tipo": "interseccion",
        "accesible": true
      }
    },
    {
      "type": "Feature",
      "geometry": {
        "type": "Point",
        "coordinates": [
          -74.0530209,
          4.6703594
        ]
      },
      "properties": {
        "id": "267902565",
        "nombre": "Nodo 267902565",
        "tipo": "interseccion",
        "accesible": true
      }
    },
    {
      "type": "Feature",
      "geometry": {
        "type": "Point",
        "coordinates": [
          -74.0564303,
          4.6705726
        ]
      },
      "properties": {
        "id": "268083089",
        "nombre": "Nodo 268083089",
        "tipo": "interseccion",
        "accesible": true
      }
    },
    {
      "type": "Feature",
      "geometry": {
        "type": "Point",
        "coordinates": [
          -74.0563618,
          4.6706769
        ]
      },
      "properties": {
        "id": "268083090",
        "nombre": "Nodo 268083090",
        "tipo": "interseccion",
        "accesible": true
      }
    },
    {
      "type": "Feature",
      "geometry": {
        "type": "Point",
        "coordinates": [
          -74.058512,
          4.6715817
        ]
      },
      "properties": {
        "id": "268083092",
        "nombre": "Nodo 268083092",
        "tipo": "interseccion",
        "accesible": true
      }
    },
    {
      "type": "Feature",
      "geometry": {
        "type": "Point",
        "coordinates": [
          -74.0584606,
          4.6716924
        ]
      },
      "properties": {
        "id": "268083093",
        "nombre": "Nodo 268083093",
        "tipo": "interseccion",
        "accesible": true
      }
    },
    {
      "type": "Feature",
      "geometry": {
        "type": "Point",
        "coordinates": [
          -74.06483,
          4.6665023
        ]
      },
      "properties": {
        "id": "268152908",
        "nombre": "Nodo 268152908",
        "tipo": "interseccion",
        "accesible": true
      }
    },
    {
      "type": "Feature",
      "geometry": {
        "type": "Point",
        "coordinates": [
          -74.0696711,
          4.671805
        ]
      },
      "properties": {
        "id": "268152921",
        "nombre": "Nodo 268152921",
        "tipo": "interseccion",
        "accesible": true
      }
    },
    {
      "type": "Feature",
      "geometry": {
        "type": "Point",
        "coordinates": [
          -74.0634079,
          4.669271
        ]
      },
      "properties": {
        "id": "268153039",
        "nombre": "Nodo 268153039",
        "tipo": "interseccion",
        "accesible": true
      }
    },
    {
      "type": "Feature",
      "geometry": {
        "type": "Point",
        "coordinates": [
          -74.0664241,
          4.662627
        ]
      },
      "properties": {
        "id": "268153045",
        "nombre": "Nodo 268153045",
        "tipo": "interseccion",
        "accesible": true
      }
    },
    {
      "type": "Feature",
      "geometry": {
        "type": "Point",
        "coordinates": [
          -74.0606115,
          4.6686738
        ]
      },
      "properties": {
        "id": "268153063",
        "nombre": "Nodo 268153063",
        "tipo": "interseccion",
        "accesible": true
      }
    },
    {
      "type": "Feature",
      "geometry": {
        "type": "Point",
        "coordinates": [
          -74.0599441,
          4.6533079
        ]
      },
      "properties": {
        "id": "268230382",
        "nombre": "Nodo 268230382",
        "tipo": "interseccion",
        "accesible": true
      }
    },
    {
      "type": "Feature",
      "geometry": {
        "type": "Point",
        "coordinates": [
          -74.0629836,
          4.6526275
        ]
      },
      "properties": {
        "id": "268230525",
        "nombre": "Nodo 268230525",
        "tipo": "interseccion",
        "accesible": true
      }
    },
    {
      "type": "Feature",
      "geometry": {
        "type": "Point",
        "coordinates": [
          -74.0608964,
          4.6515381
        ]
      },
      "properties": {
        "id": "268230526",
        "nombre": "Nodo 268230526",
        "tipo": "interseccion",
        "accesible": true
      }
    },
    {
      "type": "Feature",
      "geometry": {
        "type": "Point",
        "coordinates": [
          -74.0579141,
          4.6546053
        ]
      },
      "properties": {
        "id": "268231703",
        "nombre": "Nodo 268231703",
        "tipo": "interseccion",
        "accesible": true
      }
    },
    {
      "type": "Feature",
      "geometry": {
        "type": "Point",
        "coordinates": [
          -74.0575431,
          4.6551582
        ]
      },
      "properties": {
        "id": "268231713",
        "nombre": "Nodo 268231713",
        "tipo": "interseccion",
        "accesible": true
      }
    },
    {
      "type": "Feature",
      "geometry": {
        "type": "Point",
        "coordinates": [
          -74.061416,
          4.6546141
        ]
      },
      "properties": {
        "id": "268231793",
        "nombre": "Nodo 268231793",
        "tipo": "interseccion",
        "accesible": true
      }
    },
    {
      "type": "Feature",
      "geometry": {
        "type": "Point",
        "coordinates": [
          -74.0626256,
          4.6545852
        ]
      },
      "properties": {
        "id": "268231795",
        "nombre": "Nodo 268231795",
        "tipo": "interseccion",
        "accesible": true
      }
    },
    {
      "type": "Feature",
      "geometry": {
        "type": "Point",
        "coordinates": [
          -74.0619082,
          4.6543753
        ]
      },
      "properties": {
        "id": "268231798",
        "nombre": "Nodo 268231798",
        "tipo": "interseccion",
        "accesible": true
      }
    },
    {
      "type": "Feature",
      "geometry": {
        "type": "Point",
        "coordinates": [
          -74.0627019,
          4.6541256
        ]
      },
      "properties": {
        "id": "268231809",
        "nombre": "Nodo 268231809",
        "tipo": "interseccion",
        "accesible": true
      }
    },
    {
      "type": "Feature",
      "geometry": {
        "type": "Point",
        "coordinates": [
          -74.0610681,
          4.6535093
        ]
      },
      "properties": {
        "id": "268231810",
        "nombre": "Nodo 268231810",
        "tipo": "interseccion",
        "accesible": true
      }
    },
    {
      "type": "Feature",
      "geometry": {
        "type": "Point",
        "coordinates": [
          -74.061886,
          4.6538174
        ]
      },
      "properties": {
        "id": "268231829",
        "nombre": "Nodo 268231829",
        "tipo": "interseccion",
        "accesible": true
      }
    },
    {
      "type": "Feature",
      "geometry": {
        "type": "Point",
        "coordinates": [
          -74.0598375,
          4.6578245
        ]
      },
      "properties": {
        "id": "268231867",
        "nombre": "Nodo 268231867",
        "tipo": "interseccion",
        "accesible": true
      }
    },
    {
      "type": "Feature",
      "geometry": {
        "type": "Point",
        "coordinates": [
          -74.060447,
          4.6569041
        ]
      },
      "properties": {
        "id": "268231899",
        "nombre": "Nodo 268231899",
        "tipo": "interseccion",
        "accesible": true
      }
    },
    {
      "type": "Feature",
      "geometry": {
        "type": "Point",
        "coordinates": [
          -74.0688668,
          4.6539836
        ]
      },
      "properties": {
        "id": "268383664",
        "nombre": "Nodo 268383664",
        "tipo": "interseccion",
        "accesible": true
      }
    },
    {
      "type": "Feature",
      "geometry": {
        "type": "Point",
        "coordinates": [
          -74.049055,
          4.6559797
        ]
      },
      "properties": {
        "id": "268383722",
        "nombre": "Nodo 268383722",
        "tipo": "interseccion",
        "accesible": true
      }
    },
    {
      "type": "Feature",
      "geometry": {
        "type": "Point",
        "coordinates": [
          -74.0500172,
          4.657958
        ]
      },
      "properties": {
        "id": "269720678",
        "nombre": "Nodo 269720678",
        "tipo": "interseccion",
        "accesible": true
      }
    },
    {
      "type": "Feature",
      "geometry": {
        "type": "Point",
        "coordinates": [
          -74.0503977,
          4.6581973
        ]
      },
      "properties": {
        "id": "269720739",
        "nombre": "Nodo 269720739",
        "tipo": "interseccion",
        "accesible": true
      }
    },
    {
      "type": "Feature",
      "geometry": {
        "type": "Point",
        "coordinates": [
          -74.0504614,
          4.658316
        ]
      },
      "properties": {
        "id": "269720740",
        "nombre": "Nodo 269720740",
        "tipo": "interseccion",
        "accesible": true
      }
    },
    {
      "type": "Feature",
      "geometry": {
        "type": "Point",
        "coordinates": [
          -74.0674312,
          4.6511931
        ]
      },
      "properties": {
        "id": "278365681",
        "nombre": "Nodo 278365681",
        "tipo": "interseccion",
        "accesible": true
      }
    },
    {
      "type": "Feature",
      "geometry": {
        "type": "Point",
        "coordinates": [
          -74.066909,
          4.6562737
        ]
      },
      "properties": {
        "id": "283253380",
        "nombre": "Nodo 283253380",
        "tipo": "interseccion",
        "accesible": true
      }
    },
    {
      "type": "Feature",
      "geometry": {
        "type": "Point",
        "coordinates": [
          -74.0625506,
          4.6614304
        ]
      },
      "properties": {
        "id": "283255674",
        "nombre": "Nodo 283255674",
        "tipo": "interseccion",
        "accesible": true
      }
    },
    {
      "type": "Feature",
      "geometry": {
        "type": "Point",
        "coordinates": [
          -74.0645613,
          4.6581635
        ]
      },
      "properties": {
        "id": "283255680",
        "nombre": "Nodo 283255680",
        "tipo": "interseccion",
        "accesible": true
      }
    },
    {
      "type": "Feature",
      "geometry": {
        "type": "Point",
        "coordinates": [
          -74.0651105,
          4.657274
        ]
      },
      "properties": {
        "id": "283255682",
        "nombre": "Nodo 283255682",
        "tipo": "interseccion",
        "accesible": true
      }
    },
    {
      "type": "Feature",
      "geometry": {
        "type": "Point",
        "coordinates": [
          -74.0660737,
          4.6557514
        ]
      },
      "properties": {
        "id": "283255690",
        "nombre": "Nodo 283255690",
        "tipo": "interseccion",
        "accesible": true
      }
    },
    {
      "type": "Feature",
      "geometry": {
        "type": "Point",
        "coordinates": [
          -74.0662721,
          4.6525852
        ]
      },
      "properties": {
        "id": "283342319",
        "nombre": "Nodo 283342319",
        "tipo": "interseccion",
        "accesible": true
      }
    },
    {
      "type": "Feature",
      "geometry": {
        "type": "Point",
        "coordinates": [
          -74.0670773,
          4.6530787
        ]
      },
      "properties": {
        "id": "283342322",
        "nombre": "Nodo 283342322",
        "tipo": "interseccion",
        "accesible": true
      }
    },
    {
      "type": "Feature",
      "geometry": {
        "type": "Point",
        "coordinates": [
          -74.0705641,
          4.6542998
        ]
      },
      "properties": {
        "id": "283342323",
        "nombre": "Nodo 283342323",
        "tipo": "interseccion",
        "accesible": true
      }
    },
    {
      "type": "Feature",
      "geometry": {
        "type": "Point",
        "coordinates": [
          -74.0691391,
          4.6544987
        ]
      },
      "properties": {
        "id": "283342324",
        "nombre": "Nodo 283342324",
        "tipo": "interseccion",
        "accesible": true
      }
    },
    {
      "type": "Feature",
      "geometry": {
        "type": "Point",
        "coordinates": [
          -74.0678735,
          4.6535784
        ]
      },
      "properties": {
        "id": "283342327",
        "nombre": "Nodo 283342327",
        "tipo": "interseccion",
        "accesible": true
      }
    },
    {
      "type": "Feature",
      "geometry": {
        "type": "Point",
        "coordinates": [
          -74.0688009,
          4.6514585
        ]
      },
      "properties": {
        "id": "283342329",
        "nombre": "Nodo 283342329",
        "tipo": "interseccion",
        "accesible": true
      }
    },
    {
      "type": "Feature",
      "geometry": {
        "type": "Point",
        "coordinates": [
          -74.0682722,
          4.6513563
        ]
      },
      "properties": {
        "id": "283342330",
        "nombre": "Nodo 283342330",
        "tipo": "interseccion",
        "accesible": true
      }
    },
    {
      "type": "Feature",
      "geometry": {
        "type": "Point",
        "coordinates": [
          -74.0525942,
          4.6625124
        ]
      },
      "properties": {
        "id": "308238253",
        "nombre": "Nodo 308238253",
        "tipo": "interseccion",
        "accesible": true
      }
    },
    {
      "type": "Feature",
      "geometry": {
        "type": "Point",
        "coordinates": [
          -74.0508517,
          4.6608391
        ]
      },
      "properties": {
        "id": "308238350",
        "nombre": "Nodo 308238350",
        "tipo": "interseccion",
        "accesible": true
      }
    },
    {
      "type": "Feature",
      "geometry": {
        "type": "Point",
        "coordinates": [
          -74.0528424,
          4.662129
        ]
      },
      "properties": {
        "id": "308238457",
        "nombre": "Nodo 308238457",
        "tipo": "interseccion",
        "accesible": true
      }
    },
    {
      "type": "Feature",
      "geometry": {
        "type": "Point",
        "coordinates": [
          -74.0509613,
          4.6607348
        ]
      },
      "properties": {
        "id": "308238542",
        "nombre": "Nodo 308238542",
        "tipo": "interseccion",
        "accesible": true
      }
    },
    {
      "type": "Feature",
      "geometry": {
        "type": "Point",
        "coordinates": [
          -74.0507886,
          4.6665935
        ]
      },
      "properties": {
        "id": "309297260",
        "nombre": "Nodo 309297260",
        "tipo": "interseccion",
        "accesible": true
      }
    },
    {
      "type": "Feature",
      "geometry": {
        "type": "Point",
        "coordinates": [
          -74.0511856,
          4.6662219
        ]
      },
      "properties": {
        "id": "309297320",
        "nombre": "Nodo 309297320",
        "tipo": "interseccion",
        "accesible": true
      }
    },
    {
      "type": "Feature",
      "geometry": {
        "type": "Point",
        "coordinates": [
          -74.0552952,
          4.6662409
        ]
      },
      "properties": {
        "id": "309297385",
        "nombre": "Nodo 309297385",
        "tipo": "interseccion",
        "accesible": true
      }
    },
    {
      "type": "Feature",
      "geometry": {
        "type": "Point",
        "coordinates": [
          -74.0527504,
          4.6722517
        ]
      },
      "properties": {
        "id": "309297394",
        "nombre": "Nodo 309297394",
        "tipo": "interseccion",
        "accesible": true
      }
    },
    {
      "type": "Feature",
      "geometry": {
        "type": "Point",
        "coordinates": [
          -74.0558427,
          4.6704242
        ]
      },
      "properties": {
        "id": "309298297",
        "nombre": "Nodo 309298297",
        "tipo": "interseccion",
        "accesible": true
      }
    },
    {
      "type": "Feature",
      "geometry": {
        "type": "Point",
        "coordinates": [
          -74.0616948,
          4.6708404
        ]
      },
      "properties": {
        "id": "309298536",
        "nombre": "Nodo 309298536",
        "tipo": "interseccion",
        "accesible": true
      }
    },
    {
      "type": "Feature",
      "geometry": {
        "type": "Point",
        "coordinates": [
          -74.0631059,
          4.6710516
        ]
      },
      "properties": {
        "id": "309298537",
        "nombre": "Nodo 309298537",
        "tipo": "interseccion",
        "accesible": true
      }
    },
    {
      "type": "Feature",
      "geometry": {
        "type": "Point",
        "coordinates": [
          -74.0501716,
          4.6588195
        ]
      },
      "properties": {
        "id": "309298977",
        "nombre": "Nodo 309298977",
        "tipo": "interseccion",
        "accesible": true
      }
    },
    {
      "type": "Feature",
      "geometry": {
        "type": "Point",
        "coordinates": [
          -74.0543203,
          4.6508417
        ]
      },
      "properties": {
        "id": "309299184",
        "nombre": "Nodo 309299184",
        "tipo": "interseccion",
        "accesible": true
      }
    },
    {
      "type": "Feature",
      "geometry": {
        "type": "Point",
        "coordinates": [
          -74.0568856,
          4.6709307
        ]
      },
      "properties": {
        "id": "310000051",
        "nombre": "Nodo 310000051",
        "tipo": "interseccion",
        "accesible": true
      }
    },
    {
      "type": "Feature",
      "geometry": {
        "type": "Point",
        "coordinates": [
          -74.0574242,
          4.6711924
        ]
      },
      "properties": {
        "id": "310000063",
        "nombre": "Nodo 310000063",
        "tipo": "interseccion",
        "accesible": true
      }
    },
    {
      "type": "Feature",
      "geometry": {
        "type": "Point",
        "coordinates": [
          -74.0635797,
          4.6575194
        ]
      },
      "properties": {
        "id": "310000249",
        "nombre": "Nodo 310000249",
        "tipo": "interseccion",
        "accesible": true
      }
    },
    {
      "type": "Feature",
      "geometry": {
        "type": "Point",
        "coordinates": [
          -74.0633895,
          4.6586409
        ]
      },
      "properties": {
        "id": "310000257",
        "nombre": "Nodo 310000257",
        "tipo": "interseccion",
        "accesible": true
      }
    },
    {
      "type": "Feature",
      "geometry": {
        "type": "Point",
        "coordinates": [
          -74.0667674,
          4.6595322
        ]
      },
      "properties": {
        "id": "310000260",
        "nombre": "Nodo 310000260",
        "tipo": "interseccion",
        "accesible": true
      }
    },
    {
      "type": "Feature",
      "geometry": {
        "type": "Point",
        "coordinates": [
          -74.0697658,
          4.6549316
        ]
      },
      "properties": {
        "id": "310666305",
        "nombre": "Nodo 310666305",
        "tipo": "interseccion",
        "accesible": true
      }
    },
    {
      "type": "Feature",
      "geometry": {
        "type": "Point",
        "coordinates": [
          -74.0700625,
          4.6532133
        ]
      },
      "properties": {
        "id": "310666402",
        "nombre": "Nodo 310666402",
        "tipo": "interseccion",
        "accesible": true
      }
    },
    {
      "type": "Feature",
      "geometry": {
        "type": "Point",
        "coordinates": [
          -74.0663976,
          4.6518533
        ]
      },
      "properties": {
        "id": "310666444",
        "nombre": "Nodo 310666444",
        "tipo": "interseccion",
        "accesible": true
      }
    },
    {
      "type": "Feature",
      "geometry": {
        "type": "Point",
        "coordinates": [
          -74.0696558,
          4.6551471
        ]
      },
      "properties": {
        "id": "310666529",
        "nombre": "Nodo 310666529",
        "tipo": "interseccion",
        "accesible": true
      }
    },
    {
      "type": "Feature",
      "geometry": {
        "type": "Point",
        "coordinates": [
          -74.0682168,
          4.6542489
        ]
      },
      "properties": {
        "id": "310666531",
        "nombre": "Nodo 310666531",
        "tipo": "interseccion",
        "accesible": true
      }
    },
    {
      "type": "Feature",
      "geometry": {
        "type": "Point",
        "coordinates": [
          -74.0655671,
          4.6554247
        ]
      },
      "properties": {
        "id": "310666622",
        "nombre": "Nodo 310666622",
        "tipo": "interseccion",
        "accesible": true
      }
    },
    {
      "type": "Feature",
      "geometry": {
        "type": "Point",
        "coordinates": [
          -74.0649105,
          4.6542133
        ]
      },
      "properties": {
        "id": "310666711",
        "nombre": "Nodo 310666711",
        "tipo": "interseccion",
        "accesible": true
      }
    },
    {
      "type": "Feature",
      "geometry": {
        "type": "Point",
        "coordinates": [
          -74.0656873,
          4.6547107
        ]
      },
      "properties": {
        "id": "310666712",
        "nombre": "Nodo 310666712",
        "tipo": "interseccion",
        "accesible": true
      }
    },
    {
      "type": "Feature",
      "geometry": {
        "type": "Point",
        "coordinates": [
          -74.0672835,
          4.6556857
        ]
      },
      "properties": {
        "id": "310666802",
        "nombre": "Nodo 310666802",
        "tipo": "interseccion",
        "accesible": true
      }
    },
    {
      "type": "Feature",
      "geometry": {
        "type": "Point",
        "coordinates": [
          -74.0547465,
          4.6523686
        ]
      },
      "properties": {
        "id": "311342355",
        "nombre": "Nodo 311342355",
        "tipo": "interseccion",
        "accesible": true
      }
    },
    {
      "type": "Feature",
      "geometry": {
        "type": "Point",
        "coordinates": [
          -74.0550549,
          4.6518729
        ]
      },
      "properties": {
        "id": "311342541",
        "nombre": "Nodo 311342541",
        "tipo": "interseccion",
        "accesible": true
      }
    },
    {
      "type": "Feature",
      "geometry": {
        "type": "Point",
        "coordinates": [
          -74.0540274,
          4.6512799
        ]
      },
      "properties": {
        "id": "311342544",
        "nombre": "Nodo 311342544",
        "tipo": "interseccion",
        "accesible": true
      }
    },
    {
      "type": "Feature",
      "geometry": {
        "type": "Point",
        "coordinates": [
          -74.0545004,
          4.6527643
        ]
      },
      "properties": {
        "id": "311361335",
        "nombre": "Nodo 311361335",
        "tipo": "interseccion",
        "accesible": true
      }
    },
    {
      "type": "Feature",
      "geometry": {
        "type": "Point",
        "coordinates": [
          -74.0519675,
          4.652624
        ]
      },
      "properties": {
        "id": "311366871",
        "nombre": "Nodo 311366871",
        "tipo": "interseccion",
        "accesible": true
      }
    },
    {
      "type": "Feature",
      "geometry": {
        "type": "Point",
        "coordinates": [
          -74.0512757,
          4.6575946
        ]
      },
      "properties": {
        "id": "311370574",
        "nombre": "Nodo 311370574",
        "tipo": "interseccion",
        "accesible": true
      }
    },
    {
      "type": "Feature",
      "geometry": {
        "type": "Point",
        "coordinates": [
          -74.0510998,
          4.6576584
        ]
      },
      "properties": {
        "id": "311370575",
        "nombre": "Nodo 311370575",
        "tipo": "interseccion",
        "accesible": true
      }
    },
    {
      "type": "Feature",
      "geometry": {
        "type": "Point",
        "coordinates": [
          -74.0499218,
          4.6600352
        ]
      },
      "properties": {
        "id": "311370730",
        "nombre": "Nodo 311370730",
        "tipo": "interseccion",
        "accesible": true
      }
    },
    {
      "type": "Feature",
      "geometry": {
        "type": "Point",
        "coordinates": [
          -74.0507919,
          4.6592457
        ]
      },
      "properties": {
        "id": "311370734",
        "nombre": "Nodo 311370734",
        "tipo": "interseccion",
        "accesible": true
      }
    },
    {
      "type": "Feature",
      "geometry": {
        "type": "Point",
        "coordinates": [
          -74.0532114,
          4.6638274
        ]
      },
      "properties": {
        "id": "311373461",
        "nombre": "Nodo 311373461",
        "tipo": "interseccion",
        "accesible": true
      }
    },
    {
      "type": "Feature",
      "geometry": {
        "type": "Point",
        "coordinates": [
          -74.0523311,
          4.6629123
        ]
      },
      "properties": {
        "id": "311373884",
        "nombre": "Nodo 311373884",
        "tipo": "interseccion",
        "accesible": true
      }
    },
    {
      "type": "Feature",
      "geometry": {
        "type": "Point",
        "coordinates": [
          -74.0496656,
          4.6681792
        ]
      },
      "properties": {
        "id": "311374412",
        "nombre": "Nodo 311374412",
        "tipo": "interseccion",
        "accesible": true
      }
    },
    {
      "type": "Feature",
      "geometry": {
        "type": "Point",
        "coordinates": [
          -74.0497058,
          4.6681052
        ]
      },
      "properties": {
        "id": "311374484",
        "nombre": "Nodo 311374484",
        "tipo": "interseccion",
        "accesible": true
      }
    },
    {
      "type": "Feature",
      "geometry": {
        "type": "Point",
        "coordinates": [
          -74.052284,
          4.6716326
        ]
      },
      "properties": {
        "id": "311375156",
        "nombre": "Nodo 311375156",
        "tipo": "interseccion",
        "accesible": true
      }
    },
    {
      "type": "Feature",
      "geometry": {
        "type": "Point",
        "coordinates": [
          -74.0591111,
          4.6690185
        ]
      },
      "properties": {
        "id": "312644643",
        "nombre": "Nodo 312644643",
        "tipo": "interseccion",
        "accesible": true
      }
    },
    {
      "type": "Feature",
      "geometry": {
        "type": "Point",
        "coordinates": [
          -74.0586155,
          4.6687055
        ]
      },
      "properties": {
        "id": "312644663",
        "nombre": "Nodo 312644663",
        "tipo": "interseccion",
        "accesible": true
      }
    },
    {
      "type": "Feature",
      "geometry": {
        "type": "Point",
        "coordinates": [
          -74.0581597,
          4.6696628
        ]
      },
      "properties": {
        "id": "312644664",
        "nombre": "Nodo 312644664",
        "tipo": "interseccion",
        "accesible": true
      }
    },
    {
      "type": "Feature",
      "geometry": {
        "type": "Point",
        "coordinates": [
          -74.0590549,
          4.6704863
        ]
      },
      "properties": {
        "id": "312644720",
        "nombre": "Nodo 312644720",
        "tipo": "interseccion",
        "accesible": true
      }
    },
    {
      "type": "Feature",
      "geometry": {
        "type": "Point",
        "coordinates": [
          -74.0593617,
          4.6698919
        ]
      },
      "properties": {
        "id": "312644737",
        "nombre": "Nodo 312644737",
        "tipo": "interseccion",
        "accesible": true
      }
    },
    {
      "type": "Feature",
      "geometry": {
        "type": "Point",
        "coordinates": [
          -74.0576113,
          4.6680844
        ]
      },
      "properties": {
        "id": "312644769",
        "nombre": "Nodo 312644769",
        "tipo": "interseccion",
        "accesible": true
      }
    },
    {
      "type": "Feature",
      "geometry": {
        "type": "Point",
        "coordinates": [
          -74.0564102,
          4.6692048
        ]
      },
      "properties": {
        "id": "312644985",
        "nombre": "Nodo 312644985",
        "tipo": "interseccion",
        "accesible": true
      }
    },
    {
      "type": "Feature",
      "geometry": {
        "type": "Point",
        "coordinates": [
          -74.055642,
          4.6692803
        ]
      },
      "properties": {
        "id": "312644988",
        "nombre": "Nodo 312644988",
        "tipo": "interseccion",
        "accesible": true
      }
    },
    {
      "type": "Feature",
      "geometry": {
        "type": "Point",
        "coordinates": [
          -74.0571139,
          4.6677727
        ]
      },
      "properties": {
        "id": "312645171",
        "nombre": "Nodo 312645171",
        "tipo": "interseccion",
        "accesible": true
      }
    },
    {
      "type": "Feature",
      "geometry": {
        "type": "Point",
        "coordinates": [
          -74.058301,
          4.6656616
        ]
      },
      "properties": {
        "id": "312645244",
        "nombre": "Nodo 312645244",
        "tipo": "interseccion",
        "accesible": true
      }
    },
    {
      "type": "Feature",
      "geometry": {
        "type": "Point",
        "coordinates": [
          -74.0593118,
          4.66624
        ]
      },
      "properties": {
        "id": "312645325",
        "nombre": "Nodo 312645325",
        "tipo": "interseccion",
        "accesible": true
      }
    },
    {
      "type": "Feature",
      "geometry": {
        "type": "Point",
        "coordinates": [
          -74.0580981,
          4.6683855
        ]
      },
      "properties": {
        "id": "312645326",
        "nombre": "Nodo 312645326",
        "tipo": "interseccion",
        "accesible": true
      }
    },
    {
      "type": "Feature",
      "geometry": {
        "type": "Point",
        "coordinates": [
          -74.0591973,
          4.667648
        ]
      },
      "properties": {
        "id": "312645765",
        "nombre": "Nodo 312645765",
        "tipo": "interseccion",
        "accesible": true
      }
    },
    {
      "type": "Feature",
      "geometry": {
        "type": "Point",
        "coordinates": [
          -74.0598735,
          4.6652623
        ]
      },
      "properties": {
        "id": "312645962",
        "nombre": "Nodo 312645962",
        "tipo": "interseccion",
        "accesible": true
      }
    },
    {
      "type": "Feature",
      "geometry": {
        "type": "Point",
        "coordinates": [
          -74.0593505,
          4.6649786
        ]
      },
      "properties": {
        "id": "312645997",
        "nombre": "Nodo 312645997",
        "tipo": "interseccion",
        "accesible": true
      }
    },
    {
      "type": "Feature",
      "geometry": {
        "type": "Point",
        "coordinates": [
          -74.0601446,
          4.6654093
        ]
      },
      "properties": {
        "id": "312645998",
        "nombre": "Nodo 312645998",
        "tipo": "interseccion",
        "accesible": true
      }
    },
    {
      "type": "Feature",
      "geometry": {
        "type": "Point",
        "coordinates": [
          -74.0509608,
          4.6618739
        ]
      },
      "properties": {
        "id": "312646818",
        "nombre": "Nodo 312646818",
        "tipo": "interseccion",
        "accesible": true
      }
    },
    {
      "type": "Feature",
      "geometry": {
        "type": "Point",
        "coordinates": [
          -74.0520645,
          4.6651844
        ]
      },
      "properties": {
        "id": "312648919",
        "nombre": "Nodo 312648919",
        "tipo": "interseccion",
        "accesible": true
      }
    },
    {
      "type": "Feature",
      "geometry": {
        "type": "Point",
        "coordinates": [
          -74.0603437,
          4.6623908
        ]
      },
      "properties": {
        "id": "312649085",
        "nombre": "Nodo 312649085",
        "tipo": "interseccion",
        "accesible": true
      }
    },
    {
      "type": "Feature",
      "geometry": {
        "type": "Point",
        "coordinates": [
          -74.0597652,
          4.6632692
        ]
      },
      "properties": {
        "id": "312649086",
        "nombre": "Nodo 312649086",
        "tipo": "interseccion",
        "accesible": true
      }
    },
    {
      "type": "Feature",
      "geometry": {
        "type": "Point",
        "coordinates": [
          -74.0591973,
          4.6616037
        ]
      },
      "properties": {
        "id": "312649100",
        "nombre": "Nodo 312649100",
        "tipo": "interseccion",
        "accesible": true
      }
    },
    {
      "type": "Feature",
      "geometry": {
        "type": "Point",
        "coordinates": [
          -74.0647792,
          4.6652689
        ]
      },
      "properties": {
        "id": "312649221",
        "nombre": "Nodo 312649221",
        "tipo": "interseccion",
        "accesible": true
      }
    },
    {
      "type": "Feature",
      "geometry": {
        "type": "Point",
        "coordinates": [
          -74.0653873,
          4.665658
        ]
      },
      "properties": {
        "id": "312649222",
        "nombre": "Nodo 312649222",
        "tipo": "interseccion",
        "accesible": true
      }
    },
    {
      "type": "Feature",
      "geometry": {
        "type": "Point",
        "coordinates": [
          -74.0650557,
          4.6647966
        ]
      },
      "properties": {
        "id": "312649269",
        "nombre": "Nodo 312649269",
        "tipo": "interseccion",
        "accesible": true
      }
    },
    {
      "type": "Feature",
      "geometry": {
        "type": "Point",
        "coordinates": [
          -74.0633478,
          4.6636647
        ]
      },
      "properties": {
        "id": "312649281",
        "nombre": "Nodo 312649281",
        "tipo": "interseccion",
        "accesible": true
      }
    },
    {
      "type": "Feature",
      "geometry": {
        "type": "Point",
        "coordinates": [
          -74.0687836,
          4.6678552
        ]
      },
      "properties": {
        "id": "312649437",
        "nombre": "Nodo 312649437",
        "tipo": "interseccion",
        "accesible": true
      }
    },
    {
      "type": "Feature",
      "geometry": {
        "type": "Point",
        "coordinates": [
          -74.065477,
          4.6657328
        ]
      },
      "properties": {
        "id": "312649438",
        "nombre": "Nodo 312649438",
        "tipo": "interseccion",
        "accesible": true
      }
    },
    {
      "type": "Feature",
      "geometry": {
        "type": "Point",
        "coordinates": [
          -74.0683973,
          4.6683048
        ]
      },
      "properties": {
        "id": "312649507",
        "nombre": "Nodo 312649507",
        "tipo": "interseccion",
        "accesible": true
      }
    },
    {
      "type": "Feature",
      "geometry": {
        "type": "Point",
        "coordinates": [
          -74.0651568,
          4.6662304
        ]
      },
      "properties": {
        "id": "312649509",
        "nombre": "Nodo 312649509",
        "tipo": "interseccion",
        "accesible": true
      }
    },
    {
      "type": "Feature",
      "geometry": {
        "type": "Point",
        "coordinates": [
          -74.0691393,
          4.6674415
        ]
      },
      "properties": {
        "id": "312649530",
        "nombre": "Nodo 312649530",
        "tipo": "interseccion",
        "accesible": true
      }
    },
    {
      "type": "Feature",
      "geometry": {
        "type": "Point",
        "coordinates": [
          -74.0657825,
          4.6652579
        ]
      },
      "properties": {
        "id": "312649531",
        "nombre": "Nodo 312649531",
        "tipo": "interseccion",
        "accesible": true
      }
    },
    {
      "type": "Feature",
      "geometry": {
        "type": "Point",
        "coordinates": [
          -74.0643906,
          4.6673523
        ]
      },
      "properties": {
        "id": "312649660",
        "nombre": "Nodo 312649660",
        "tipo": "interseccion",
        "accesible": true
      }
    },
    {
      "type": "Feature",
      "geometry": {
        "type": "Point",
        "coordinates": [
          -74.0697902,
          4.6708462
        ]
      },
      "properties": {
        "id": "312649661",
        "nombre": "Nodo 312649661",
        "tipo": "interseccion",
        "accesible": true
      }
    },
    {
      "type": "Feature",
      "geometry": {
        "type": "Point",
        "coordinates": [
          -74.0692293,
          4.6715106
        ]
      },
      "properties": {
        "id": "312649721",
        "nombre": "Nodo 312649721",
        "tipo": "interseccion",
        "accesible": true
      }
    },
    {
      "type": "Feature",
      "geometry": {
        "type": "Point",
        "coordinates": [
          -74.0695435,
          4.6669514
        ]
      },
      "properties": {
        "id": "312649896",
        "nombre": "Nodo 312649896",
        "tipo": "interseccion",
        "accesible": true
      }
    },
    {
      "type": "Feature",
      "geometry": {
        "type": "Point",
        "coordinates": [
          -74.0679275,
          4.6688588
        ]
      },
      "properties": {
        "id": "312649899",
        "nombre": "Nodo 312649899",
        "tipo": "interseccion",
        "accesible": true
      }
    },
    {
      "type": "Feature",
      "geometry": {
        "type": "Point",
        "coordinates": [
          -74.0674876,
          4.6693601
        ]
      },
      "properties": {
        "id": "312649901",
        "nombre": "Nodo 312649901",
        "tipo": "interseccion",
        "accesible": true
      }
    },
    {
      "type": "Feature",
      "geometry": {
        "type": "Point",
        "coordinates": [
          -74.066913,
          4.6700216
        ]
      },
      "properties": {
        "id": "312649903",
        "nombre": "Nodo 312649903",
        "tipo": "interseccion",
        "accesible": true
      }
    },
    {
      "type": "Feature",
      "geometry": {
        "type": "Point",
        "coordinates": [
          -74.0569879,
          4.6509031
        ]
      },
      "properties": {
        "id": "312650439",
        "nombre": "Nodo 312650439",
        "tipo": "interseccion",
        "accesible": true
      }
    },
    {
      "type": "Feature",
      "geometry": {
        "type": "Point",
        "coordinates": [
          -74.0640879,
          4.6566394
        ]
      },
      "properties": {
        "id": "312655765",
        "nombre": "Nodo 312655765",
        "tipo": "interseccion",
        "accesible": true
      }
    },
    {
      "type": "Feature",
      "geometry": {
        "type": "Point",
        "coordinates": [
          -74.0647842,
          4.6549389
        ]
      },
      "properties": {
        "id": "312655767",
        "nombre": "Nodo 312655767",
        "tipo": "interseccion",
        "accesible": true
      }
    },
    {
      "type": "Feature",
      "geometry": {
        "type": "Point",
        "coordinates": [
          -74.0651308,
          4.6529645
        ]
      },
      "properties": {
        "id": "312655769",
        "nombre": "Nodo 312655769",
        "tipo": "interseccion",
        "accesible": true
      }
    },
    {
      "type": "Feature",
      "geometry": {
        "type": "Point",
        "coordinates": [
          -74.0661302,
          4.6591324
        ]
      },
      "properties": {
        "id": "312655857",
        "nombre": "Nodo 312655857",
        "tipo": "interseccion",
        "accesible": true
      }
    },
    {
      "type": "Feature",
      "geometry": {
        "type": "Point",
        "coordinates": [
          -74.065367,
          4.6586637
        ]
      },
      "properties": {
        "id": "312655858",
        "nombre": "Nodo 312655858",
        "tipo": "interseccion",
        "accesible": true
      }
    },
    {
      "type": "Feature",
      "geometry": {
        "type": "Point",
        "coordinates": [
          -74.0690477,
          4.6560479
        ]
      },
      "properties": {
        "id": "312656093",
        "nombre": "Nodo 312656093",
        "tipo": "interseccion",
        "accesible": true
      }
    },
    {
      "type": "Feature",
      "geometry": {
        "type": "Point",
        "coordinates": [
          -74.0683216,
          4.6571701
        ]
      },
      "properties": {
        "id": "312656101",
        "nombre": "Nodo 312656101",
        "tipo": "interseccion",
        "accesible": true
      }
    },
    {
      "type": "Feature",
      "geometry": {
        "type": "Point",
        "coordinates": [
          -74.0679131,
          4.6578028
        ]
      },
      "properties": {
        "id": "312656102",
        "nombre": "Nodo 312656102",
        "tipo": "interseccion",
        "accesible": true
      }
    },
    {
      "type": "Feature",
      "geometry": {
        "type": "Point",
        "coordinates": [
          -74.0673482,
          4.6586584
        ]
      },
      "properties": {
        "id": "312656218",
        "nombre": "Nodo 312656218",
        "tipo": "interseccion",
        "accesible": true
      }
    },
    {
      "type": "Feature",
      "geometry": {
        "type": "Point",
        "coordinates": [
          -74.066177,
          4.6603891
        ]
      },
      "properties": {
        "id": "312656219",
        "nombre": "Nodo 312656219",
        "tipo": "interseccion",
        "accesible": true
      }
    },
    {
      "type": "Feature",
      "geometry": {
        "type": "Point",
        "coordinates": [
          -74.0657377,
          4.6610728
        ]
      },
      "properties": {
        "id": "312656220",
        "nombre": "Nodo 312656220",
        "tipo": "interseccion",
        "accesible": true
      }
    },
    {
      "type": "Feature",
      "geometry": {
        "type": "Point",
        "coordinates": [
          -74.0643851,
          4.660179
        ]
      },
      "properties": {
        "id": "312656265",
        "nombre": "Nodo 312656265",
        "tipo": "interseccion",
        "accesible": true
      }
    },
    {
      "type": "Feature",
      "geometry": {
        "type": "Point",
        "coordinates": [
          -74.0627091,
          4.6590955
        ]
      },
      "properties": {
        "id": "312656270",
        "nombre": "Nodo 312656270",
        "tipo": "interseccion",
        "accesible": true
      }
    },
    {
      "type": "Feature",
      "geometry": {
        "type": "Point",
        "coordinates": [
          -74.0640293,
          4.659025
        ]
      },
      "properties": {
        "id": "312656380",
        "nombre": "Nodo 312656380",
        "tipo": "interseccion",
        "accesible": true
      }
    },
    {
      "type": "Feature",
      "geometry": {
        "type": "Point",
        "coordinates": [
          -74.0648085,
          4.659514
        ]
      },
      "properties": {
        "id": "312656381",
        "nombre": "Nodo 312656381",
        "tipo": "interseccion",
        "accesible": true
      }
    },
    {
      "type": "Feature",
      "geometry": {
        "type": "Point",
        "coordinates": [
          -74.0655644,
          4.6599868
        ]
      },
      "properties": {
        "id": "312656382",
        "nombre": "Nodo 312656382",
        "tipo": "interseccion",
        "accesible": true
      }
    },
    {
      "type": "Feature",
      "geometry": {
        "type": "Point",
        "coordinates": [
          -74.0667019,
          4.6607098
        ]
      },
      "properties": {
        "id": "312656383",
        "nombre": "Nodo 312656383",
        "tipo": "interseccion",
        "accesible": true
      }
    },
    {
      "type": "Feature",
      "geometry": {
        "type": "Point",
        "coordinates": [
          -74.0679967,
          4.6615182
        ]
      },
      "properties": {
        "id": "312656384",
        "nombre": "Nodo 312656384",
        "tipo": "interseccion",
        "accesible": true
      }
    },
    {
      "type": "Feature",
      "geometry": {
        "type": "Point",
        "coordinates": [
          -74.0685496,
          4.6606359
        ]
      },
      "properties": {
        "id": "312656396",
        "nombre": "Nodo 312656396",
        "tipo": "interseccion",
        "accesible": true
      }
    },
    {
      "type": "Feature",
      "geometry": {
        "type": "Point",
        "coordinates": [
          -74.0679074,
          4.6602377
        ]
      },
      "properties": {
        "id": "312656397",
        "nombre": "Nodo 312656397",
        "tipo": "interseccion",
        "accesible": true
      }
    },
    {
      "type": "Feature",
      "geometry": {
        "type": "Point",
        "coordinates": [
          -74.0672937,
          4.6598585
        ]
      },
      "properties": {
        "id": "312656398",
        "nombre": "Nodo 312656398",
        "tipo": "interseccion",
        "accesible": true
      }
    },
    {
      "type": "Feature",
      "geometry": {
        "type": "Point",
        "coordinates": [
          -74.0673606,
          4.6611087
        ]
      },
      "properties": {
        "id": "312656404",
        "nombre": "Nodo 312656404",
        "tipo": "interseccion",
        "accesible": true
      }
    },
    {
      "type": "Feature",
      "geometry": {
        "type": "Point",
        "coordinates": [
          -74.0689814,
          4.6585569
        ]
      },
      "properties": {
        "id": "312656405",
        "nombre": "Nodo 312656405",
        "tipo": "interseccion",
        "accesible": true
      }
    },
    {
      "type": "Feature",
      "geometry": {
        "type": "Point",
        "coordinates": [
          -74.0684624,
          4.6593465
        ]
      },
      "properties": {
        "id": "312656406",
        "nombre": "Nodo 312656406",
        "tipo": "interseccion",
        "accesible": true
      }
    },
    {
      "type": "Feature",
      "geometry": {
        "type": "Point",
        "coordinates": [
          -74.0694222,
          4.657927
        ]
      },
      "properties": {
        "id": "312656480",
        "nombre": "Nodo 312656480",
        "tipo": "interseccion",
        "accesible": true
      }
    },
    {
      "type": "Feature",
      "geometry": {
        "type": "Point",
        "coordinates": [
          -74.069849,
          4.6573172
        ]
      },
      "properties": {
        "id": "312656481",
        "nombre": "Nodo 312656481",
        "tipo": "interseccion",
        "accesible": true
      }
    },
    {
      "type": "Feature",
      "geometry": {
        "type": "Point",
        "coordinates": [
          -74.0701773,
          4.6568485
        ]
      },
      "properties": {
        "id": "312656482",
        "nombre": "Nodo 312656482",
        "tipo": "interseccion",
        "accesible": true
      }
    },
    {
      "type": "Feature",
      "geometry": {
        "type": "Point",
        "coordinates": [
          -74.0706254,
          4.6562083
        ]
      },
      "properties": {
        "id": "312656483",
        "nombre": "Nodo 312656483",
        "tipo": "interseccion",
        "accesible": true
      }
    },
    {
      "type": "Feature",
      "geometry": {
        "type": "Point",
        "coordinates": [
          -74.0702006,
          4.6582413
        ]
      },
      "properties": {
        "id": "312656666",
        "nombre": "Nodo 312656666",
        "tipo": "interseccion",
        "accesible": true
      }
    },
    {
      "type": "Feature",
      "geometry": {
        "type": "Point",
        "coordinates": [
          -74.0705445,
          4.6628229
        ]
      },
      "properties": {
        "id": "312656926",
        "nombre": "Nodo 312656926",
        "tipo": "interseccion",
        "accesible": true
      }
    },
    {
      "type": "Feature",
      "geometry": {
        "type": "Point",
        "coordinates": [
          -74.0704622,
          4.6666316
        ]
      },
      "properties": {
        "id": "312657883",
        "nombre": "Nodo 312657883",
        "tipo": "interseccion",
        "accesible": true
      }
    },
    {
      "type": "Feature",
      "geometry": {
        "type": "Point",
        "coordinates": [
          -74.0680969,
          4.6615655
        ]
      },
      "properties": {
        "id": "312660056",
        "nombre": "Nodo 312660056",
        "tipo": "interseccion",
        "accesible": true
      }
    },
    {
      "type": "Feature",
      "geometry": {
        "type": "Point",
        "coordinates": [
          -74.0661046,
          4.6631353
        ]
      },
      "properties": {
        "id": "312660198",
        "nombre": "Nodo 312660198",
        "tipo": "interseccion",
        "accesible": true
      }
    },
    {
      "type": "Feature",
      "geometry": {
        "type": "Point",
        "coordinates": [
          -74.0643494,
          4.6618915
        ]
      },
      "properties": {
        "id": "312660201",
        "nombre": "Nodo 312660201",
        "tipo": "interseccion",
        "accesible": true
      }
    },
    {
      "type": "Feature",
      "geometry": {
        "type": "Point",
        "coordinates": [
          -74.0628761,
          4.6609139
        ]
      },
      "properties": {
        "id": "312660204",
        "nombre": "Nodo 312660204",
        "tipo": "interseccion",
        "accesible": true
      }
    },
    {
      "type": "Feature",
      "geometry": {
        "type": "Point",
        "coordinates": [
          -74.0636211,
          4.6614084
        ]
      },
      "properties": {
        "id": "312660207",
        "nombre": "Nodo 312660207",
        "tipo": "interseccion",
        "accesible": true
      }
    },
    {
      "type": "Feature",
      "geometry": {
        "type": "Point",
        "coordinates": [
          -74.0653897,
          4.662649
        ]
      },
      "properties": {
        "id": "312660208",
        "nombre": "Nodo 312660208",
        "tipo": "interseccion",
        "accesible": true
      }
    },
    {
      "type": "Feature",
      "geometry": {
        "type": "Point",
        "coordinates": [
          -74.0654091,
          4.6617946
        ]
      },
      "properties": {
        "id": "312660210",
        "nombre": "Nodo 312660210",
        "tipo": "interseccion",
        "accesible": true
      }
    },
    {
      "type": "Feature",
      "geometry": {
        "type": "Point",
        "coordinates": [
          -74.0690516,
          4.6631437
        ]
      },
      "properties": {
        "id": "312660426",
        "nombre": "Nodo 312660426",
        "tipo": "interseccion",
        "accesible": true
      }
    },
    {
      "type": "Feature",
      "geometry": {
        "type": "Point",
        "coordinates": [
          -74.0684511,
          4.6639806
        ]
      },
      "properties": {
        "id": "312660427",
        "nombre": "Nodo 312660427",
        "tipo": "interseccion",
        "accesible": true
      }
    },
    {
      "type": "Feature",
      "geometry": {
        "type": "Point",
        "coordinates": [
          -74.0688706,
          4.6642985
        ]
      },
      "properties": {
        "id": "312660429",
        "nombre": "Nodo 312660429",
        "tipo": "interseccion",
        "accesible": true
      }
    },
    {
      "type": "Feature",
      "geometry": {
        "type": "Point",
        "coordinates": [
          -74.0688787,
          4.6603166
        ]
      },
      "properties": {
        "id": "312660814",
        "nombre": "Nodo 312660814",
        "tipo": "interseccion",
        "accesible": true
      }
    },
    {
      "type": "Feature",
      "geometry": {
        "type": "Point",
        "coordinates": [
          -74.0675669,
          4.6634486
        ]
      },
      "properties": {
        "id": "312660844",
        "nombre": "Nodo 312660844",
        "tipo": "interseccion",
        "accesible": true
      }
    },
    {
      "type": "Feature",
      "geometry": {
        "type": "Point",
        "coordinates": [
          -74.0679799,
          4.663758
        ]
      },
      "properties": {
        "id": "312660847",
        "nombre": "Nodo 312660847",
        "tipo": "interseccion",
        "accesible": true
      }
    },
    {
      "type": "Feature",
      "geometry": {
        "type": "Point",
        "coordinates": [
          -74.0688147,
          4.6643879
        ]
      },
      "properties": {
        "id": "312660984",
        "nombre": "Nodo 312660984",
        "tipo": "interseccion",
        "accesible": true
      }
    },
    {
      "type": "Feature",
      "geometry": {
        "type": "Point",
        "coordinates": [
          -74.0683918,
          4.6640666
        ]
      },
      "properties": {
        "id": "312660987",
        "nombre": "Nodo 312660987",
        "tipo": "interseccion",
        "accesible": true
      }
    },
    {
      "type": "Feature",
      "geometry": {
        "type": "Point",
        "coordinates": [
          -74.068688,
          4.6655152
        ]
      },
      "properties": {
        "id": "312661324",
        "nombre": "Nodo 312661324",
        "tipo": "interseccion",
        "accesible": true
      }
    },
    {
      "type": "Feature",
      "geometry": {
        "type": "Point",
        "coordinates": [
          -74.0692442,
          4.6647141
        ]
      },
      "properties": {
        "id": "312661325",
        "nombre": "Nodo 312661325",
        "tipo": "interseccion",
        "accesible": true
      }
    },
    {
      "type": "Feature",
      "geometry": {
        "type": "Point",
        "coordinates": [
          -74.0677838,
          4.6659112
        ]
      },
      "properties": {
        "id": "312661326",
        "nombre": "Nodo 312661326",
        "tipo": "interseccion",
        "accesible": true
      }
    },
    {
      "type": "Feature",
      "geometry": {
        "type": "Point",
        "coordinates": [
          -74.0682795,
          4.6662301
        ]
      },
      "properties": {
        "id": "312661329",
        "nombre": "Nodo 312661329",
        "tipo": "interseccion",
        "accesible": true
      }
    },
    {
      "type": "Feature",
      "geometry": {
        "type": "Point",
        "coordinates": [
          -74.0647938,
          4.670531
        ]
      },
      "properties": {
        "id": "312661820",
        "nombre": "Nodo 312661820",
        "tipo": "interseccion",
        "accesible": true
      }
    },
    {
      "type": "Feature",
      "geometry": {
        "type": "Point",
        "coordinates": [
          -74.0650129,
          4.6701901
        ]
      },
      "properties": {
        "id": "312661821",
        "nombre": "Nodo 312661821",
        "tipo": "interseccion",
        "accesible": true
      }
    },
    {
      "type": "Feature",
      "geometry": {
        "type": "Point",
        "coordinates": [
          -74.0656427,
          4.6692023
        ]
      },
      "properties": {
        "id": "312661822",
        "nombre": "Nodo 312661822",
        "tipo": "interseccion",
        "accesible": true
      }
    },
    {
      "type": "Feature",
      "geometry": {
        "type": "Point",
        "coordinates": [
          -74.0661172,
          4.6684729
        ]
      },
      "properties": {
        "id": "312661823",
        "nombre": "Nodo 312661823",
        "tipo": "interseccion",
        "accesible": true
      }
    },
    {
      "type": "Feature",
      "geometry": {
        "type": "Point",
        "coordinates": [
          -74.0665336,
          4.6678329
        ]
      },
      "properties": {
        "id": "312661824",
        "nombre": "Nodo 312661824",
        "tipo": "interseccion",
        "accesible": true
      }
    },
    {
      "type": "Feature",
      "geometry": {
        "type": "Point",
        "coordinates": [
          -74.0668523,
          4.6673431
        ]
      },
      "properties": {
        "id": "312661825",
        "nombre": "Nodo 312661825",
        "tipo": "interseccion",
        "accesible": true
      }
    },
    {
      "type": "Feature",
      "geometry": {
        "type": "Point",
        "coordinates": [
          -74.0671862,
          4.6668298
        ]
      },
      "properties": {
        "id": "312661826",
        "nombre": "Nodo 312661826",
        "tipo": "interseccion",
        "accesible": true
      }
    },
    {
      "type": "Feature",
      "geometry": {
        "type": "Point",
        "coordinates": [
          -74.0674877,
          4.6663664
        ]
      },
      "properties": {
        "id": "312661827",
        "nombre": "Nodo 312661827",
        "tipo": "interseccion",
        "accesible": true
      }
    },
    {
      "type": "Feature",
      "geometry": {
        "type": "Point",
        "coordinates": [
          -74.0701322,
          4.6704282
        ]
      },
      "properties": {
        "id": "312661858",
        "nombre": "Nodo 312661858",
        "tipo": "interseccion",
        "accesible": true
      }
    },
    {
      "type": "Feature",
      "geometry": {
        "type": "Point",
        "coordinates": [
          -74.0670354,
          4.6681618
        ]
      },
      "properties": {
        "id": "312661870",
        "nombre": "Nodo 312661870",
        "tipo": "interseccion",
        "accesible": true
      }
    },
    {
      "type": "Feature",
      "geometry": {
        "type": "Point",
        "coordinates": [
          -74.0673886,
          4.6684554
        ]
      },
      "properties": {
        "id": "312661871",
        "nombre": "Nodo 312661871",
        "tipo": "interseccion",
        "accesible": true
      }
    },
    {
      "type": "Feature",
      "geometry": {
        "type": "Point",
        "coordinates": [
          -74.0684803,
          4.669252
        ]
      },
      "properties": {
        "id": "312661873",
        "nombre": "Nodo 312661873",
        "tipo": "interseccion",
        "accesible": true
      }
    },
    {
      "type": "Feature",
      "geometry": {
        "type": "Point",
        "coordinates": [
          -74.0690344,
          4.6696521
        ]
      },
      "properties": {
        "id": "312661874",
        "nombre": "Nodo 312661874",
        "tipo": "interseccion",
        "accesible": true
      }
    },
    {
      "type": "Feature",
      "geometry": {
        "type": "Point",
        "coordinates": [
          -74.0695926,
          4.6700397
        ]
      },
      "properties": {
        "id": "312661875",
        "nombre": "Nodo 312661875",
        "tipo": "interseccion",
        "accesible": true
      }
    },
    {
      "type": "Feature",
      "geometry": {
        "type": "Point",
        "coordinates": [
          -74.0656329,
          4.6715623
        ]
      },
      "properties": {
        "id": "312661925",
        "nombre": "Nodo 312661925",
        "tipo": "interseccion",
        "accesible": true
      }
    },
    {
      "type": "Feature",
      "geometry": {
        "type": "Point",
        "coordinates": [
          -74.0661543,
          4.6708875
        ]
      },
      "properties": {
        "id": "312661928",
        "nombre": "Nodo 312661928",
        "tipo": "interseccion",
        "accesible": true
      }
    },
    {
      "type": "Feature",
      "geometry": {
        "type": "Point",
        "coordinates": [
          -74.0667738,
          4.6712705
        ]
      },
      "properties": {
        "id": "312662078",
        "nombre": "Nodo 312662078",
        "tipo": "interseccion",
        "accesible": true
      }
    },
    {
      "type": "Feature",
      "geometry": {
        "type": "Point",
        "coordinates": [
          -74.0675059,
          4.6704056
        ]
      },
      "properties": {
        "id": "312662079",
        "nombre": "Nodo 312662079",
        "tipo": "interseccion",
        "accesible": true
      }
    },
    {
      "type": "Feature",
      "geometry": {
        "type": "Point",
        "coordinates": [
          -74.0680732,
          4.6697333
        ]
      },
      "properties": {
        "id": "312662080",
        "nombre": "Nodo 312662080",
        "tipo": "interseccion",
        "accesible": true
      }
    },
    {
      "type": "Feature",
      "geometry": {
        "type": "Point",
        "coordinates": [
          -74.0699766,
          4.6672853
        ]
      },
      "properties": {
        "id": "312662082",
        "nombre": "Nodo 312662082",
        "tipo": "interseccion",
        "accesible": true
      }
    },
    {
      "type": "Feature",
      "geometry": {
        "type": "Point",
        "coordinates": [
          -74.0673461,
          4.6716079
        ]
      },
      "properties": {
        "id": "312662154",
        "nombre": "Nodo 312662154",
        "tipo": "interseccion",
        "accesible": true
      }
    },
    {
      "type": "Feature",
      "geometry": {
        "type": "Point",
        "coordinates": [
          -74.0680846,
          4.6707808
        ]
      },
      "properties": {
        "id": "312662155",
        "nombre": "Nodo 312662155",
        "tipo": "interseccion",
        "accesible": true
      }
    },
    {
      "type": "Feature",
      "geometry": {
        "type": "Point",
        "coordinates": [
          -74.0686459,
          4.6701165
        ]
      },
      "properties": {
        "id": "312662156",
        "nombre": "Nodo 312662156",
        "tipo": "interseccion",
        "accesible": true
      }
    },
    {
      "type": "Feature",
      "geometry": {
        "type": "Point",
        "coordinates": [
          -74.069769,
          4.6684966
        ]
      },
      "properties": {
        "id": "312662157",
        "nombre": "Nodo 312662157",
        "tipo": "interseccion",
        "accesible": true
      }
    },
    {
      "type": "Feature",
      "geometry": {
        "type": "Point",
        "coordinates": [
          -74.0704296,
          4.6676407
        ]
      },
      "properties": {
        "id": "312662158",
        "nombre": "Nodo 312662158",
        "tipo": "interseccion",
        "accesible": true
      }
    },
    {
      "type": "Feature",
      "geometry": {
        "type": "Point",
        "coordinates": [
          -74.0686566,
          4.6711424
        ]
      },
      "properties": {
        "id": "312662292",
        "nombre": "Nodo 312662292",
        "tipo": "interseccion",
        "accesible": true
      }
    },
    {
      "type": "Feature",
      "geometry": {
        "type": "Point",
        "coordinates": [
          -74.069223,
          4.6704847
        ]
      },
      "properties": {
        "id": "312662293",
        "nombre": "Nodo 312662293",
        "tipo": "interseccion",
        "accesible": true
      }
    },
    {
      "type": "Feature",
      "geometry": {
        "type": "Point",
        "coordinates": [
          -74.0694276,
          4.669019
        ]
      },
      "properties": {
        "id": "312662473",
        "nombre": "Nodo 312662473",
        "tipo": "interseccion",
        "accesible": true
      }
    },
    {
      "type": "Feature",
      "geometry": {
        "type": "Point",
        "coordinates": [
          -74.0702559,
          4.6688203
        ]
      },
      "properties": {
        "id": "312662632",
        "nombre": "Nodo 312662632",
        "tipo": "interseccion",
        "accesible": true
      }
    },
    {
      "type": "Feature",
      "geometry": {
        "type": "Point",
        "coordinates": [
          -74.0698759,
          4.6693051
        ]
      },
      "properties": {
        "id": "312662633",
        "nombre": "Nodo 312662633",
        "tipo": "interseccion",
        "accesible": true
      }
    },
    {
      "type": "Feature",
      "geometry": {
        "type": "Point",
        "coordinates": [
          -74.0700563,
          4.6698375
        ]
      },
      "properties": {
        "id": "312662782",
        "nombre": "Nodo 312662782",
        "tipo": "interseccion",
        "accesible": true
      }
    },
    {
      "type": "Feature",
      "geometry": {
        "type": "Point",
        "coordinates": [
          -74.0663377,
          4.6696476
        ]
      },
      "properties": {
        "id": "312662920",
        "nombre": "Nodo 312662920",
        "tipo": "interseccion",
        "accesible": true
      }
    },
    {
      "type": "Feature",
      "geometry": {
        "type": "Point",
        "coordinates": [
          -74.0669191,
          4.6689912
        ]
      },
      "properties": {
        "id": "312662921",
        "nombre": "Nodo 312662921",
        "tipo": "interseccion",
        "accesible": true
      }
    },
    {
      "type": "Feature",
      "geometry": {
        "type": "Point",
        "coordinates": [
          -74.0678174,
          4.667932
        ]
      },
      "properties": {
        "id": "312662922",
        "nombre": "Nodo 312662922",
        "tipo": "interseccion",
        "accesible": true
      }
    },
    {
      "type": "Feature",
      "geometry": {
        "type": "Point",
        "coordinates": [
          -74.0681908,
          4.6674747
        ]
      },
      "properties": {
        "id": "312662923",
        "nombre": "Nodo 312662923",
        "tipo": "interseccion",
        "accesible": true
      }
    },
    {
      "type": "Feature",
      "geometry": {
        "type": "Point",
        "coordinates": [
          -74.0685372,
          4.6670687
        ]
      },
      "properties": {
        "id": "312662925",
        "nombre": "Nodo 312662925",
        "tipo": "interseccion",
        "accesible": true
      }
    },
    {
      "type": "Feature",
      "geometry": {
        "type": "Point",
        "coordinates": [
          -74.0651373,
          4.6688753
        ]
      },
      "properties": {
        "id": "312663001",
        "nombre": "Nodo 312663001",
        "tipo": "interseccion",
        "accesible": true
      }
    },
    {
      "type": "Feature",
      "geometry": {
        "type": "Point",
        "coordinates": [
          -74.0656067,
          4.6681458
        ]
      },
      "properties": {
        "id": "312663002",
        "nombre": "Nodo 312663002",
        "tipo": "interseccion",
        "accesible": true
      }
    },
    {
      "type": "Feature",
      "geometry": {
        "type": "Point",
        "coordinates": [
          -74.066027,
          4.6675076
        ]
      },
      "properties": {
        "id": "312663003",
        "nombre": "Nodo 312663003",
        "tipo": "interseccion",
        "accesible": true
      }
    },
    {
      "type": "Feature",
      "geometry": {
        "type": "Point",
        "coordinates": [
          -74.0663544,
          4.6670145
        ]
      },
      "properties": {
        "id": "312663004",
        "nombre": "Nodo 312663004",
        "tipo": "interseccion",
        "accesible": true
      }
    },
    {
      "type": "Feature",
      "geometry": {
        "type": "Point",
        "coordinates": [
          -74.066682,
          4.6665062
        ]
      },
      "properties": {
        "id": "312663005",
        "nombre": "Nodo 312663005",
        "tipo": "interseccion",
        "accesible": true
      }
    },
    {
      "type": "Feature",
      "geometry": {
        "type": "Point",
        "coordinates": [
          -74.0669903,
          4.6660394
        ]
      },
      "properties": {
        "id": "312663006",
        "nombre": "Nodo 312663006",
        "tipo": "interseccion",
        "accesible": true
      }
    },
    {
      "type": "Feature",
      "geometry": {
        "type": "Point",
        "coordinates": [
          -74.0673311,
          4.6656199
        ]
      },
      "properties": {
        "id": "312663007",
        "nombre": "Nodo 312663007",
        "tipo": "interseccion",
        "accesible": true
      }
    },
    {
      "type": "Feature",
      "geometry": {
        "type": "Point",
        "coordinates": [
          -74.065529,
          4.6671758
        ]
      },
      "properties": {
        "id": "312663044",
        "nombre": "Nodo 312663044",
        "tipo": "interseccion",
        "accesible": true
      }
    },
    {
      "type": "Feature",
      "geometry": {
        "type": "Point",
        "coordinates": [
          -74.0646407,
          4.6685525
        ]
      },
      "properties": {
        "id": "312663045",
        "nombre": "Nodo 312663045",
        "tipo": "interseccion",
        "accesible": true
      }
    },
    {
      "type": "Feature",
      "geometry": {
        "type": "Point",
        "coordinates": [
          -74.0651142,
          4.6678187
        ]
      },
      "properties": {
        "id": "312663046",
        "nombre": "Nodo 312663046",
        "tipo": "interseccion",
        "accesible": true
      }
    },
    {
      "type": "Feature",
      "geometry": {
        "type": "Point",
        "coordinates": [
          -74.0658501,
          4.6666781
        ]
      },
      "properties": {
        "id": "312663047",
        "nombre": "Nodo 312663047",
        "tipo": "interseccion",
        "accesible": true
      }
    },
    {
      "type": "Feature",
      "geometry": {
        "type": "Point",
        "coordinates": [
          -74.0661721,
          4.666179
        ]
      },
      "properties": {
        "id": "312663048",
        "nombre": "Nodo 312663048",
        "tipo": "interseccion",
        "accesible": true
      }
    },
    {
      "type": "Feature",
      "geometry": {
        "type": "Point",
        "coordinates": [
          -74.066478,
          4.665705
        ]
      },
      "properties": {
        "id": "312663049",
        "nombre": "Nodo 312663049",
        "tipo": "interseccion",
        "accesible": true
      }
    },
    {
      "type": "Feature",
      "geometry": {
        "type": "Point",
        "coordinates": [
          -74.0668849,
          4.6653329
        ]
      },
      "properties": {
        "id": "312663050",
        "nombre": "Nodo 312663050",
        "tipo": "interseccion",
        "accesible": true
      }
    },
    {
      "type": "Feature",
      "geometry": {
        "type": "Point",
        "coordinates": [
          -74.0664706,
          4.6650664
        ]
      },
      "properties": {
        "id": "312663066",
        "nombre": "Nodo 312663066",
        "tipo": "interseccion",
        "accesible": true
      }
    },
    {
      "type": "Feature",
      "geometry": {
        "type": "Point",
        "coordinates": [
          -74.0665555,
          4.6640513
        ]
      },
      "properties": {
        "id": "312663078",
        "nombre": "Nodo 312663078",
        "tipo": "interseccion",
        "accesible": true
      }
    },
    {
      "type": "Feature",
      "geometry": {
        "type": "Point",
        "coordinates": [
          -74.0655693,
          4.670539
        ]
      },
      "properties": {
        "id": "314145160",
        "nombre": "Nodo 314145160",
        "tipo": "interseccion",
        "accesible": true
      }
    },
    {
      "type": "Feature",
      "geometry": {
        "type": "Point",
        "coordinates": [
          -74.0679376,
          4.6719805
        ]
      },
      "properties": {
        "id": "314145162",
        "nombre": "Nodo 314145162",
        "tipo": "interseccion",
        "accesible": true
      }
    },
    {
      "type": "Feature",
      "geometry": {
        "type": "Point",
        "coordinates": [
          -74.0685133,
          4.6723428
        ]
      },
      "properties": {
        "id": "314145164",
        "nombre": "Nodo 314145164",
        "tipo": "interseccion",
        "accesible": true
      }
    },
    {
      "type": "Feature",
      "geometry": {
        "type": "Point",
        "coordinates": [
          -74.0658992,
          4.671892
        ]
      },
      "properties": {
        "id": "314145295",
        "nombre": "Nodo 314145295",
        "tipo": "interseccion",
        "accesible": true
      }
    },
    {
      "type": "Feature",
      "geometry": {
        "type": "Point",
        "coordinates": [
          -74.0622788,
          4.6678782
        ]
      },
      "properties": {
        "id": "314145536",
        "nombre": "Nodo 314145536",
        "tipo": "interseccion",
        "accesible": true
      }
    },
    {
      "type": "Feature",
      "geometry": {
        "type": "Point",
        "coordinates": [
          -74.0620149,
          4.6678841
        ]
      },
      "properties": {
        "id": "314145669",
        "nombre": "Nodo 314145669",
        "tipo": "interseccion",
        "accesible": true
      }
    },
    {
      "type": "Feature",
      "geometry": {
        "type": "Point",
        "coordinates": [
          -74.0602826,
          4.6706294
        ]
      },
      "properties": {
        "id": "314146038",
        "nombre": "Nodo 314146038",
        "tipo": "interseccion",
        "accesible": true
      }
    },
    {
      "type": "Feature",
      "geometry": {
        "type": "Point",
        "coordinates": [
          -74.0607924,
          4.6707056
        ]
      },
      "properties": {
        "id": "314146079",
        "nombre": "Nodo 314146079",
        "tipo": "interseccion",
        "accesible": true
      }
    },
    {
      "type": "Feature",
      "geometry": {
        "type": "Point",
        "coordinates": [
          -74.0614566,
          4.672269
        ]
      },
      "properties": {
        "id": "314146150",
        "nombre": "Nodo 314146150",
        "tipo": "interseccion",
        "accesible": true
      }
    },
    {
      "type": "Feature",
      "geometry": {
        "type": "Point",
        "coordinates": [
          -74.0631999,
          4.6713429
        ]
      },
      "properties": {
        "id": "314146484",
        "nombre": "Nodo 314146484",
        "tipo": "interseccion",
        "accesible": true
      }
    },
    {
      "type": "Feature",
      "geometry": {
        "type": "Point",
        "coordinates": [
          -74.0567673,
          4.6698481
        ]
      },
      "properties": {
        "id": "327871421",
        "nombre": "Nodo 327871421",
        "tipo": "interseccion",
        "accesible": true
      }
    },
    {
      "type": "Feature",
      "geometry": {
        "type": "Point",
        "coordinates": [
          -74.0574827,
          4.6710785
        ]
      },
      "properties": {
        "id": "327915650",
        "nombre": "Nodo 327915650",
        "tipo": "interseccion",
        "accesible": true
      }
    },
    {
      "type": "Feature",
      "geometry": {
        "type": "Point",
        "coordinates": [
          -74.0569396,
          4.6708175
        ]
      },
      "properties": {
        "id": "327915816",
        "nombre": "Nodo 327915816",
        "tipo": "interseccion",
        "accesible": true
      }
    },
    {
      "type": "Feature",
      "geometry": {
        "type": "Point",
        "coordinates": [
          -74.0580016,
          4.6699947
        ]
      },
      "properties": {
        "id": "327916030",
        "nombre": "Nodo 327916030",
        "tipo": "interseccion",
        "accesible": true
      }
    },
    {
      "type": "Feature",
      "geometry": {
        "type": "Point",
        "coordinates": [
          -74.068703,
          4.6664213
        ]
      },
      "properties": {
        "id": "339058332",
        "nombre": "Nodo 339058332",
        "tipo": "interseccion",
        "accesible": true
      }
    },
    {
      "type": "Feature",
      "geometry": {
        "type": "Point",
        "coordinates": [
          -74.0696598,
          4.6650298
        ]
      },
      "properties": {
        "id": "339058335",
        "nombre": "Nodo 339058335",
        "tipo": "interseccion",
        "accesible": true
      }
    },
    {
      "type": "Feature",
      "geometry": {
        "type": "Point",
        "coordinates": [
          -74.0693029,
          4.6646223
        ]
      },
      "properties": {
        "id": "339058337",
        "nombre": "Nodo 339058337",
        "tipo": "interseccion",
        "accesible": true
      }
    },
    {
      "type": "Feature",
      "geometry": {
        "type": "Point",
        "coordinates": [
          -74.0634714,
          4.6656342
        ]
      },
      "properties": {
        "id": "354855989",
        "nombre": "Nodo 354855989",
        "tipo": "interseccion",
        "accesible": true
      }
    },
    {
      "type": "Feature",
      "geometry": {
        "type": "Point",
        "coordinates": [
          -74.0644877,
          4.6637727
        ]
      },
      "properties": {
        "id": "354855992",
        "nombre": "Nodo 354855992",
        "tipo": "interseccion",
        "accesible": true
      }
    },
    {
      "type": "Feature",
      "geometry": {
        "type": "Point",
        "coordinates": [
          -74.0649363,
          4.6630542
        ]
      },
      "properties": {
        "id": "354855993",
        "nombre": "Nodo 354855993",
        "tipo": "interseccion",
        "accesible": true
      }
    },
    {
      "type": "Feature",
      "geometry": {
        "type": "Point",
        "coordinates": [
          -74.0623723,
          4.6634724
        ]
      },
      "properties": {
        "id": "354856189",
        "nombre": "Nodo 354856189",
        "tipo": "interseccion",
        "accesible": true
      }
    },
    {
      "type": "Feature",
      "geometry": {
        "type": "Point",
        "coordinates": [
          -74.0637776,
          4.6633084
        ]
      },
      "properties": {
        "id": "354856190",
        "nombre": "Nodo 354856190",
        "tipo": "interseccion",
        "accesible": true
      }
    },
    {
      "type": "Feature",
      "geometry": {
        "type": "Point",
        "coordinates": [
          -74.0624685,
          4.6671704
        ]
      },
      "properties": {
        "id": "354856250",
        "nombre": "Nodo 354856250",
        "tipo": "interseccion",
        "accesible": true
      }
    },
    {
      "type": "Feature",
      "geometry": {
        "type": "Point",
        "coordinates": [
          -74.0638275,
          4.6680119
        ]
      },
      "properties": {
        "id": "354856252",
        "nombre": "Nodo 354856252",
        "tipo": "interseccion",
        "accesible": true
      }
    },
    {
      "type": "Feature",
      "geometry": {
        "type": "Point",
        "coordinates": [
          -74.0626866,
          4.6668414
        ]
      },
      "properties": {
        "id": "354856271",
        "nombre": "Nodo 354856271",
        "tipo": "interseccion",
        "accesible": true
      }
    },
    {
      "type": "Feature",
      "geometry": {
        "type": "Point",
        "coordinates": [
          -74.0617103,
          4.6662229
        ]
      },
      "properties": {
        "id": "354856272",
        "nombre": "Nodo 354856272",
        "tipo": "interseccion",
        "accesible": true
      }
    },
    {
      "type": "Feature",
      "geometry": {
        "type": "Point",
        "coordinates": [
          -74.061984,
          4.6657948
        ]
      },
      "properties": {
        "id": "354856338",
        "nombre": "Nodo 354856338",
        "tipo": "interseccion",
        "accesible": true
      }
    },
    {
      "type": "Feature",
      "geometry": {
        "type": "Point",
        "coordinates": [
          -74.0630397,
          4.6641455
        ]
      },
      "properties": {
        "id": "354856340",
        "nombre": "Nodo 354856340",
        "tipo": "interseccion",
        "accesible": true
      }
    },
    {
      "type": "Feature",
      "geometry": {
        "type": "Point",
        "coordinates": [
          -74.0635226,
          4.6633919
        ]
      },
      "properties": {
        "id": "354856341",
        "nombre": "Nodo 354856341",
        "tipo": "interseccion",
        "accesible": true
      }
    },
    {
      "type": "Feature",
      "geometry": {
        "type": "Point",
        "coordinates": [
          -74.0622409,
          4.6653929
        ]
      },
      "properties": {
        "id": "354856368",
        "nombre": "Nodo 354856368",
        "tipo": "interseccion",
        "accesible": true
      }
    },
    {
      "type": "Feature",
      "geometry": {
        "type": "Point",
        "coordinates": [
          -74.0606558,
          4.671669
        ]
      },
      "properties": {
        "id": "361323635",
        "nombre": "Nodo 361323635",
        "tipo": "interseccion",
        "accesible": true
      }
    },
    {
      "type": "Feature",
      "geometry": {
        "type": "Point",
        "coordinates": [
          -74.0619435,
          4.6634315
        ]
      },
      "properties": {
        "id": "373293506",
        "nombre": "Nodo 373293506",
        "tipo": "interseccion",
        "accesible": true
      }
    },
    {
      "type": "Feature",
      "geometry": {
        "type": "Point",
        "coordinates": [
          -74.0634086,
          4.6562179
        ]
      },
      "properties": {
        "id": "373376108",
        "nombre": "Nodo 373376108",
        "tipo": "interseccion",
        "accesible": true
      }
    },
    {
      "type": "Feature",
      "geometry": {
        "type": "Point",
        "coordinates": [
          -74.0631316,
          4.656666
        ]
      },
      "properties": {
        "id": "373376115",
        "nombre": "Nodo 373376115",
        "tipo": "interseccion",
        "accesible": true
      }
    },
    {
      "type": "Feature",
      "geometry": {
        "type": "Point",
        "coordinates": [
          -74.0628116,
          4.6585061
        ]
      },
      "properties": {
        "id": "373376121",
        "nombre": "Nodo 373376121",
        "tipo": "interseccion",
        "accesible": true
      }
    },
    {
      "type": "Feature",
      "geometry": {
        "type": "Point",
        "coordinates": [
          -74.0625827,
          4.6598223
        ]
      },
      "properties": {
        "id": "373376129",
        "nombre": "Nodo 373376129",
        "tipo": "interseccion",
        "accesible": true
      }
    },
    {
      "type": "Feature",
      "geometry": {
        "type": "Point",
        "coordinates": [
          -74.0642854,
          4.6586102
        ]
      },
      "properties": {
        "id": "373376217",
        "nombre": "Nodo 373376217",
        "tipo": "interseccion",
        "accesible": true
      }
    },
    {
      "type": "Feature",
      "geometry": {
        "type": "Point",
        "coordinates": [
          -74.0650837,
          4.6590948
        ]
      },
      "properties": {
        "id": "373376219",
        "nombre": "Nodo 373376219",
        "tipo": "interseccion",
        "accesible": true
      }
    },
    {
      "type": "Feature",
      "geometry": {
        "type": "Point",
        "coordinates": [
          -74.0658352,
          4.6595759
        ]
      },
      "properties": {
        "id": "373376223",
        "nombre": "Nodo 373376223",
        "tipo": "interseccion",
        "accesible": true
      }
    },
    {
      "type": "Feature",
      "geometry": {
        "type": "Point",
        "coordinates": [
          -74.0632565,
          4.6594208
        ]
      },
      "properties": {
        "id": "373376286",
        "nombre": "Nodo 373376286",
        "tipo": "interseccion",
        "accesible": true
      }
    },
    {
      "type": "Feature",
      "geometry": {
        "type": "Point",
        "coordinates": [
          -74.0648518,
          4.6576929
        ]
      },
      "properties": {
        "id": "373376440",
        "nombre": "Nodo 373376440",
        "tipo": "interseccion",
        "accesible": true
      }
    },
    {
      "type": "Feature",
      "geometry": {
        "type": "Point",
        "coordinates": [
          -74.0642068,
          4.6579447
        ]
      },
      "properties": {
        "id": "373376512",
        "nombre": "Nodo 373376512",
        "tipo": "interseccion",
        "accesible": true
      }
    },
    {
      "type": "Feature",
      "geometry": {
        "type": "Point",
        "coordinates": [
          -74.0636885,
          4.6587958
        ]
      },
      "properties": {
        "id": "373376541",
        "nombre": "Nodo 373376541",
        "tipo": "interseccion",
        "accesible": true
      }
    },
    {
      "type": "Feature",
      "geometry": {
        "type": "Point",
        "coordinates": [
          -74.0664146,
          4.6587049
        ]
      },
      "properties": {
        "id": "373376601",
        "nombre": "Nodo 373376601",
        "tipo": "interseccion",
        "accesible": true
      }
    },
    {
      "type": "Feature",
      "geometry": {
        "type": "Point",
        "coordinates": [
          -74.0656504,
          4.6582248
        ]
      },
      "properties": {
        "id": "373376644",
        "nombre": "Nodo 373376644",
        "tipo": "interseccion",
        "accesible": true
      }
    },
    {
      "type": "Feature",
      "geometry": {
        "type": "Point",
        "coordinates": [
          -74.0643386,
          4.6574469
        ]
      },
      "properties": {
        "id": "373377101",
        "nombre": "Nodo 373377101",
        "tipo": "interseccion",
        "accesible": true
      }
    },
    {
      "type": "Feature",
      "geometry": {
        "type": "Point",
        "coordinates": [
          -74.0637977,
          4.6571037
        ]
      },
      "properties": {
        "id": "373377103",
        "nombre": "Nodo 373377103",
        "tipo": "interseccion",
        "accesible": true
      }
    },
    {
      "type": "Feature",
      "geometry": {
        "type": "Point",
        "coordinates": [
          -74.0651735,
          4.6560531
        ]
      },
      "properties": {
        "id": "373377289",
        "nombre": "Nodo 373377289",
        "tipo": "interseccion",
        "accesible": true
      }
    },
    {
      "type": "Feature",
      "geometry": {
        "type": "Point",
        "coordinates": [
          -74.0646286,
          4.656975
        ]
      },
      "properties": {
        "id": "373377291",
        "nombre": "Nodo 373377291",
        "tipo": "interseccion",
        "accesible": true
      }
    },
    {
      "type": "Feature",
      "geometry": {
        "type": "Point",
        "coordinates": [
          -74.0662087,
          4.657346
        ]
      },
      "properties": {
        "id": "373377512",
        "nombre": "Nodo 373377512",
        "tipo": "interseccion",
        "accesible": true
      }
    },
    {
      "type": "Feature",
      "geometry": {
        "type": "Point",
        "coordinates": [
          -74.0669847,
          4.6578476
        ]
      },
      "properties": {
        "id": "373377513",
        "nombre": "Nodo 373377513",
        "tipo": "interseccion",
        "accesible": true
      }
    },
    {
      "type": "Feature",
      "geometry": {
        "type": "Point",
        "coordinates": [
          -74.0700182,
          4.6583429
        ]
      },
      "properties": {
        "id": "373377848",
        "nombre": "Nodo 373377848",
        "tipo": "interseccion",
        "accesible": true
      }
    },
    {
      "type": "Feature",
      "geometry": {
        "type": "Point",
        "coordinates": [
          -74.0664473,
          4.6551424
        ]
      },
      "properties": {
        "id": "373377963",
        "nombre": "Nodo 373377963",
        "tipo": "interseccion",
        "accesible": true
      }
    },
    {
      "type": "Feature",
      "geometry": {
        "type": "Point",
        "coordinates": [
          -74.0508956,
          4.6700693
        ]
      },
      "properties": {
        "id": "375476085",
        "nombre": "Nodo 375476085",
        "tipo": "interseccion",
        "accesible": true
      }
    },
    {
      "type": "Feature",
      "geometry": {
        "type": "Point",
        "coordinates": [
          -74.0633045,
          4.6619373
        ]
      },
      "properties": {
        "id": "375478380",
        "nombre": "Nodo 375478380",
        "tipo": "interseccion",
        "accesible": true
      }
    },
    {
      "type": "Feature",
      "geometry": {
        "type": "Point",
        "coordinates": [
          -74.0624175,
          4.6633978
        ]
      },
      "properties": {
        "id": "375478832",
        "nombre": "Nodo 375478832",
        "tipo": "interseccion",
        "accesible": true
      }
    },
    {
      "type": "Feature",
      "geometry": {
        "type": "Point",
        "coordinates": [
          -74.0657331,
          4.6621473
        ]
      },
      "properties": {
        "id": "375480121",
        "nombre": "Nodo 375480121",
        "tipo": "interseccion",
        "accesible": true
      }
    },
    {
      "type": "Feature",
      "geometry": {
        "type": "Point",
        "coordinates": [
          -74.0514117,
          4.6642835
        ]
      },
      "properties": {
        "id": "377918731",
        "nombre": "Nodo 377918731",
        "tipo": "interseccion",
        "accesible": true
      }
    },
    {
      "type": "Feature",
      "geometry": {
        "type": "Point",
        "coordinates": [
          -74.057995,
          4.6713319
        ]
      },
      "properties": {
        "id": "389158752",
        "nombre": "Nodo 389158752",
        "tipo": "interseccion",
        "accesible": true
      }
    },
    {
      "type": "Feature",
      "geometry": {
        "type": "Point",
        "coordinates": [
          -74.056289,
          4.6508792
        ]
      },
      "properties": {
        "id": "432495016",
        "nombre": "Nodo 432495016",
        "tipo": "interseccion",
        "accesible": true
      }
    },
    {
      "type": "Feature",
      "geometry": {
        "type": "Point",
        "coordinates": [
          -74.0537117,
          4.6517522
        ]
      },
      "properties": {
        "id": "433136408",
        "nombre": "Nodo 433136408",
        "tipo": "interseccion",
        "accesible": true
      }
    },
    {
      "type": "Feature",
      "geometry": {
        "type": "Point",
        "coordinates": [
          -74.0541748,
          4.653272
        ]
      },
      "properties": {
        "id": "433136426",
        "nombre": "Nodo 433136426",
        "tipo": "interseccion",
        "accesible": true
      }
    },
    {
      "type": "Feature",
      "geometry": {
        "type": "Point",
        "coordinates": [
          -74.0590209,
          4.6719642
        ]
      },
      "properties": {
        "id": "434946794",
        "nombre": "Nodo 434946794",
        "tipo": "interseccion",
        "accesible": true
      }
    },
    {
      "type": "Feature",
      "geometry": {
        "type": "Point",
        "coordinates": [
          -74.0617764,
          4.6698503
        ]
      },
      "properties": {
        "id": "434947579",
        "nombre": "Nodo 434947579",
        "tipo": "interseccion",
        "accesible": true
      }
    },
    {
      "type": "Feature",
      "geometry": {
        "type": "Point",
        "coordinates": [
          -74.0539687,
          4.6536022
        ]
      },
      "properties": {
        "id": "435197550",
        "nombre": "Nodo 435197550",
        "tipo": "interseccion",
        "accesible": true
      }
    },
    {
      "type": "Feature",
      "geometry": {
        "type": "Point",
        "coordinates": [
          -74.0538898,
          4.6537246
        ]
      },
      "properties": {
        "id": "435197551",
        "nombre": "Nodo 435197551",
        "tipo": "interseccion",
        "accesible": true
      }
    },
    {
      "type": "Feature",
      "geometry": {
        "type": "Point",
        "coordinates": [
          -74.0556717,
          4.6522434
        ]
      },
      "properties": {
        "id": "435197561",
        "nombre": "Nodo 435197561",
        "tipo": "interseccion",
        "accesible": true
      }
    },
    {
      "type": "Feature",
      "geometry": {
        "type": "Point",
        "coordinates": [
          -74.0559456,
          4.6518183
        ]
      },
      "properties": {
        "id": "435197562",
        "nombre": "Nodo 435197562",
        "tipo": "interseccion",
        "accesible": true
      }
    },
    {
      "type": "Feature",
      "geometry": {
        "type": "Point",
        "coordinates": [
          -74.0556296,
          4.6509589
        ]
      },
      "properties": {
        "id": "435197564",
        "nombre": "Nodo 435197564",
        "tipo": "interseccion",
        "accesible": true
      }
    },
    {
      "type": "Feature",
      "geometry": {
        "type": "Point",
        "coordinates": [
          -74.0512744,
          4.6509648
        ]
      },
      "properties": {
        "id": "439749230",
        "nombre": "Nodo 439749230",
        "tipo": "interseccion",
        "accesible": true
      }
    },
    {
      "type": "Feature",
      "geometry": {
        "type": "Point",
        "coordinates": [
          -74.0501037,
          4.651478
        ]
      },
      "properties": {
        "id": "439749236",
        "nombre": "Nodo 439749236",
        "tipo": "interseccion",
        "accesible": true
      }
    },
    {
      "type": "Feature",
      "geometry": {
        "type": "Point",
        "coordinates": [
          -74.0536331,
          4.6592697
        ]
      },
      "properties": {
        "id": "439752067",
        "nombre": "Nodo 439752067",
        "tipo": "interseccion",
        "accesible": true
      }
    },
    {
      "type": "Feature",
      "geometry": {
        "type": "Point",
        "coordinates": [
          -74.0545062,
          4.6580152
        ]
      },
      "properties": {
        "id": "439752068",
        "nombre": "Nodo 439752068",
        "tipo": "interseccion",
        "accesible": true
      }
    },
    {
      "type": "Feature",
      "geometry": {
        "type": "Point",
        "coordinates": [
          -74.0527626,
          4.6570504
        ]
      },
      "properties": {
        "id": "441217422",
        "nombre": "Nodo 441217422",
        "tipo": "interseccion",
        "accesible": true
      }
    },
    {
      "type": "Feature",
      "geometry": {
        "type": "Point",
        "coordinates": [
          -74.0525898,
          4.6569396
        ]
      },
      "properties": {
        "id": "441217423",
        "nombre": "Nodo 441217423",
        "tipo": "interseccion",
        "accesible": true
      }
    },
    {
      "type": "Feature",
      "geometry": {
        "type": "Point",
        "coordinates": [
          -74.0514178,
          4.6557619
        ]
      },
      "properties": {
        "id": "441217424",
        "nombre": "Nodo 441217424",
        "tipo": "interseccion",
        "accesible": true
      }
    },
    {
      "type": "Feature",
      "geometry": {
        "type": "Point",
        "coordinates": [
          -74.0497587,
          4.6511966
        ]
      },
      "properties": {
        "id": "441217425",
        "nombre": "Nodo 441217425",
        "tipo": "interseccion",
        "accesible": true
      }
    },
    {
      "type": "Feature",
      "geometry": {
        "type": "Point",
        "coordinates": [
          -74.0501757,
          4.6523966
        ]
      },
      "properties": {
        "id": "441217432",
        "nombre": "Nodo 441217432",
        "tipo": "interseccion",
        "accesible": true
      }
    },
    {
      "type": "Feature",
      "geometry": {
        "type": "Point",
        "coordinates": [
          -74.0519071,
          4.6547904
        ]
      },
      "properties": {
        "id": "441217462",
        "nombre": "Nodo 441217462",
        "tipo": "interseccion",
        "accesible": true
      }
    },
    {
      "type": "Feature",
      "geometry": {
        "type": "Point",
        "coordinates": [
          -74.0509449,
          4.6555217
        ]
      },
      "properties": {
        "id": "441217463",
        "nombre": "Nodo 441217463",
        "tipo": "interseccion",
        "accesible": true
      }
    },
    {
      "type": "Feature",
      "geometry": {
        "type": "Point",
        "coordinates": [
          -74.0522814,
          4.6571939
        ]
      },
      "properties": {
        "id": "441217466",
        "nombre": "Nodo 441217466",
        "tipo": "interseccion",
        "accesible": true
      }
    },
    {
      "type": "Feature",
      "geometry": {
        "type": "Point",
        "coordinates": [
          -74.0503027,
          4.6568024
        ]
      },
      "properties": {
        "id": "441217487",
        "nombre": "Nodo 441217487",
        "tipo": "interseccion",
        "accesible": true
      }
    },
    {
      "type": "Feature",
      "geometry": {
        "type": "Point",
        "coordinates": [
          -74.0588582,
          4.6519627
        ]
      },
      "properties": {
        "id": "449727343",
        "nombre": "Nodo 449727343",
        "tipo": "interseccion",
        "accesible": true
      }
    },
    {
      "type": "Feature",
      "geometry": {
        "type": "Point",
        "coordinates": [
          -74.0491059,
          4.6616374
        ]
      },
      "properties": {
        "id": "450845438",
        "nombre": "Nodo 450845438",
        "tipo": "interseccion",
        "accesible": true
      }
    },
    {
      "type": "Feature",
      "geometry": {
        "type": "Point",
        "coordinates": [
          -74.0513853,
          4.6577541
        ]
      },
      "properties": {
        "id": "450845513",
        "nombre": "Nodo 450845513",
        "tipo": "interseccion",
        "accesible": true
      }
    },
    {
      "type": "Feature",
      "geometry": {
        "type": "Point",
        "coordinates": [
          -74.051779,
          4.6592751
        ]
      },
      "properties": {
        "id": "450845528",
        "nombre": "Nodo 450845528",
        "tipo": "interseccion",
        "accesible": true
      }
    },
    {
      "type": "Feature",
      "geometry": {
        "type": "Point",
        "coordinates": [
          -74.0495802,
          4.6578383
        ]
      },
      "properties": {
        "id": "450845535",
        "nombre": "Nodo 450845535",
        "tipo": "interseccion",
        "accesible": true
      }
    },
    {
      "type": "Feature",
      "geometry": {
        "type": "Point",
        "coordinates": [
          -74.0496177,
          4.6577199
        ]
      },
      "properties": {
        "id": "450845537",
        "nombre": "Nodo 450845537",
        "tipo": "interseccion",
        "accesible": true
      }
    },
    {
      "type": "Feature",
      "geometry": {
        "type": "Point",
        "coordinates": [
          -74.0497163,
          4.6574323
        ]
      },
      "properties": {
        "id": "450845539",
        "nombre": "Nodo 450845539",
        "tipo": "interseccion",
        "accesible": true
      }
    },
    {
      "type": "Feature",
      "geometry": {
        "type": "Point",
        "coordinates": [
          -74.052823,
          4.6564617
        ]
      },
      "properties": {
        "id": "450845645",
        "nombre": "Nodo 450845645",
        "tipo": "interseccion",
        "accesible": true
      }
    },
    {
      "type": "Feature",
      "geometry": {
        "type": "Point",
        "coordinates": [
          -74.051981,
          4.6561806
        ]
      },
      "properties": {
        "id": "450845652",
        "nombre": "Nodo 450845652",
        "tipo": "interseccion",
        "accesible": true
      }
    },
    {
      "type": "Feature",
      "geometry": {
        "type": "Point",
        "coordinates": [
          -74.0499872,
          4.6698462
        ]
      },
      "properties": {
        "id": "452556899",
        "nombre": "Nodo 452556899",
        "tipo": "interseccion",
        "accesible": true
      }
    },
    {
      "type": "Feature",
      "geometry": {
        "type": "Point",
        "coordinates": [
          -74.0499352,
          4.669922
        ]
      },
      "properties": {
        "id": "452556902",
        "nombre": "Nodo 452556902",
        "tipo": "interseccion",
        "accesible": true
      }
    },
    {
      "type": "Feature",
      "geometry": {
        "type": "Point",
        "coordinates": [
          -74.0508264,
          4.6563848
        ]
      },
      "properties": {
        "id": "452556935",
        "nombre": "Nodo 452556935",
        "tipo": "interseccion",
        "accesible": true
      }
    },
    {
      "type": "Feature",
      "geometry": {
        "type": "Point",
        "coordinates": [
          -74.0505316,
          4.6529037
        ]
      },
      "properties": {
        "id": "460921936",
        "nombre": "Nodo 460921936",
        "tipo": "interseccion",
        "accesible": true
      }
    },
    {
      "type": "Feature",
      "geometry": {
        "type": "Point",
        "coordinates": [
          -74.0504048,
          4.6612657
        ]
      },
      "properties": {
        "id": "465823484",
        "nombre": "Nodo 465823484",
        "tipo": "interseccion",
        "accesible": true
      }
    },
    {
      "type": "Feature",
      "geometry": {
        "type": "Point",
        "coordinates": [
          -74.051899,
          4.6619269
        ]
      },
      "properties": {
        "id": "465823587",
        "nombre": "Nodo 465823587",
        "tipo": "interseccion",
        "accesible": true
      }
    },
    {
      "type": "Feature",
      "geometry": {
        "type": "Point",
        "coordinates": [
          -74.0521929,
          4.661586
        ]
      },
      "properties": {
        "id": "465823593",
        "nombre": "Nodo 465823593",
        "tipo": "interseccion",
        "accesible": true
      }
    },
    {
      "type": "Feature",
      "geometry": {
        "type": "Point",
        "coordinates": [
          -74.0520676,
          4.6614813
        ]
      },
      "properties": {
        "id": "465823598",
        "nombre": "Nodo 465823598",
        "tipo": "interseccion",
        "accesible": true
      }
    },
    {
      "type": "Feature",
      "geometry": {
        "type": "Point",
        "coordinates": [
          -74.051768,
          4.6618166
        ]
      },
      "properties": {
        "id": "465823604",
        "nombre": "Nodo 465823604",
        "tipo": "interseccion",
        "accesible": true
      }
    },
    {
      "type": "Feature",
      "geometry": {
        "type": "Point",
        "coordinates": [
          -74.0513348,
          4.6610683
        ]
      },
      "properties": {
        "id": "465823640",
        "nombre": "Nodo 465823640",
        "tipo": "interseccion",
        "accesible": true
      }
    },
    {
      "type": "Feature",
      "geometry": {
        "type": "Point",
        "coordinates": [
          -74.0512476,
          4.6611789
        ]
      },
      "properties": {
        "id": "465823668",
        "nombre": "Nodo 465823668",
        "tipo": "interseccion",
        "accesible": true
      }
    },
    {
      "type": "Feature",
      "geometry": {
        "type": "Point",
        "coordinates": [
          -74.0507863,
          4.6686933
        ]
      },
      "properties": {
        "id": "465823710",
        "nombre": "Nodo 465823710",
        "tipo": "interseccion",
        "accesible": true
      }
    },
    {
      "type": "Feature",
      "geometry": {
        "type": "Point",
        "coordinates": [
          -74.0700245,
          4.6626382
        ]
      },
      "properties": {
        "id": "489190711",
        "nombre": "Nodo 489190711",
        "tipo": "interseccion",
        "accesible": true
      }
    },
    {
      "type": "Feature",
      "geometry": {
        "type": "Point",
        "coordinates": [
          -74.0700545,
          4.6593528
        ]
      },
      "properties": {
        "id": "489190793",
        "nombre": "Nodo 489190793",
        "tipo": "interseccion",
        "accesible": true
      }
    },
    {
      "type": "Feature",
      "geometry": {
        "type": "Point",
        "coordinates": [
          -74.0706057,
          4.6585197
        ]
      },
      "properties": {
        "id": "489190852",
        "nombre": "Nodo 489190852",
        "tipo": "interseccion",
        "accesible": true
      }
    },
    {
      "type": "Feature",
      "geometry": {
        "type": "Point",
        "coordinates": [
          -74.066988,
          4.6535761
        ]
      },
      "properties": {
        "id": "498602113",
        "nombre": "Nodo 498602113",
        "tipo": "interseccion",
        "accesible": true
      }
    },
    {
      "type": "Feature",
      "geometry": {
        "type": "Point",
        "coordinates": [
          -74.0661738,
          4.6531593
        ]
      },
      "properties": {
        "id": "498602117",
        "nombre": "Nodo 498602117",
        "tipo": "interseccion",
        "accesible": true
      }
    },
    {
      "type": "Feature",
      "geometry": {
        "type": "Point",
        "coordinates": [
          -74.0656542,
          4.6530703
        ]
      },
      "properties": {
        "id": "498602475",
        "nombre": "Nodo 498602475",
        "tipo": "interseccion",
        "accesible": true
      }
    },
    {
      "type": "Feature",
      "geometry": {
        "type": "Point",
        "coordinates": [
          -74.0657881,
          4.6522883
        ]
      },
      "properties": {
        "id": "498602498",
        "nombre": "Nodo 498602498",
        "tipo": "interseccion",
        "accesible": true
      }
    },
    {
      "type": "Feature",
      "geometry": {
        "type": "Point",
        "coordinates": [
          -74.0655168,
          4.6508544
        ]
      },
      "properties": {
        "id": "498604658",
        "nombre": "Nodo 498604658",
        "tipo": "interseccion",
        "accesible": true
      }
    },
    {
      "type": "Feature",
      "geometry": {
        "type": "Point",
        "coordinates": [
          -74.0665378,
          4.6510353
        ]
      },
      "properties": {
        "id": "498604661",
        "nombre": "Nodo 498604661",
        "tipo": "interseccion",
        "accesible": true
      }
    },
    {
      "type": "Feature",
      "geometry": {
        "type": "Point",
        "coordinates": [
          -74.0698423,
          4.6516598
        ]
      },
      "properties": {
        "id": "498604664",
        "nombre": "Nodo 498604664",
        "tipo": "interseccion",
        "accesible": true
      }
    },
    {
      "type": "Feature",
      "geometry": {
        "type": "Point",
        "coordinates": [
          -74.0703195,
          4.651752
        ]
      },
      "properties": {
        "id": "498604669",
        "nombre": "Nodo 498604669",
        "tipo": "interseccion",
        "accesible": true
      }
    },
    {
      "type": "Feature",
      "geometry": {
        "type": "Point",
        "coordinates": [
          -74.0629542,
          4.6664251
        ]
      },
      "properties": {
        "id": "500963205",
        "nombre": "Nodo 500963205",
        "tipo": "interseccion",
        "accesible": true
      }
    },
    {
      "type": "Feature",
      "geometry": {
        "type": "Point",
        "coordinates": [
          -74.0622833,
          4.6674445
        ]
      },
      "properties": {
        "id": "500963208",
        "nombre": "Nodo 500963208",
        "tipo": "interseccion",
        "accesible": true
      }
    },
    {
      "type": "Feature",
      "geometry": {
        "type": "Point",
        "coordinates": [
          -74.062904,
          4.668204
        ]
      },
      "properties": {
        "id": "500963758",
        "nombre": "Nodo 500963758",
        "tipo": "interseccion",
        "accesible": true
      }
    },
    {
      "type": "Feature",
      "geometry": {
        "type": "Point",
        "coordinates": [
          -74.0632444,
          4.6676649
        ]
      },
      "properties": {
        "id": "500963759",
        "nombre": "Nodo 500963759",
        "tipo": "interseccion",
        "accesible": true
      }
    },
    {
      "type": "Feature",
      "geometry": {
        "type": "Point",
        "coordinates": [
          -74.0637068,
          4.6669326
        ]
      },
      "properties": {
        "id": "500963760",
        "nombre": "Nodo 500963760",
        "tipo": "interseccion",
        "accesible": true
      }
    },
    {
      "type": "Feature",
      "geometry": {
        "type": "Point",
        "coordinates": [
          -74.05218,
          4.6697432
        ]
      },
      "properties": {
        "id": "501588557",
        "nombre": "Nodo 501588557",
        "tipo": "interseccion",
        "accesible": true
      }
    },
    {
      "type": "Feature",
      "geometry": {
        "type": "Point",
        "coordinates": [
          -74.051854,
          4.6692733
        ]
      },
      "properties": {
        "id": "501594850",
        "nombre": "Nodo 501594850",
        "tipo": "interseccion",
        "accesible": true
      }
    },
    {
      "type": "Feature",
      "geometry": {
        "type": "Point",
        "coordinates": [
          -74.063604,
          4.6551226
        ]
      },
      "properties": {
        "id": "678455692",
        "nombre": "Nodo 678455692",
        "tipo": "interseccion",
        "accesible": true
      }
    },
    {
      "type": "Feature",
      "geometry": {
        "type": "Point",
        "coordinates": [
          -74.0565553,
          4.6581551
        ]
      },
      "properties": {
        "id": "693951507",
        "nombre": "Nodo 693951507",
        "tipo": "interseccion",
        "accesible": true
      }
    },
    {
      "type": "Feature",
      "geometry": {
        "type": "Point",
        "coordinates": [
          -74.0569311,
          4.6575855
        ]
      },
      "properties": {
        "id": "693951509",
        "nombre": "Nodo 693951509",
        "tipo": "interseccion",
        "accesible": true
      }
    },
    {
      "type": "Feature",
      "geometry": {
        "type": "Point",
        "coordinates": [
          -74.049789,
          4.6703453
        ]
      },
      "properties": {
        "id": "730533699",
        "nombre": "Nodo 730533699",
        "tipo": "interseccion",
        "accesible": true
      }
    },
    {
      "type": "Feature",
      "geometry": {
        "type": "Point",
        "coordinates": [
          -74.050287,
          4.6696365
        ]
      },
      "properties": {
        "id": "730533732",
        "nombre": "Nodo 730533732",
        "tipo": "interseccion",
        "accesible": true
      }
    },
    {
      "type": "Feature",
      "geometry": {
        "type": "Point",
        "coordinates": [
          -74.0594555,
          4.6522075
        ]
      },
      "properties": {
        "id": "761701288",
        "nombre": "Nodo 761701288",
        "tipo": "interseccion",
        "accesible": true
      }
    },
    {
      "type": "Feature",
      "geometry": {
        "type": "Point",
        "coordinates": [
          -74.0602608,
          4.6527268
        ]
      },
      "properties": {
        "id": "761701366",
        "nombre": "Nodo 761701366",
        "tipo": "interseccion",
        "accesible": true
      }
    },
    {
      "type": "Feature",
      "geometry": {
        "type": "Point",
        "coordinates": [
          -74.0588771,
          4.6531749
        ]
      },
      "properties": {
        "id": "761884448",
        "nombre": "Nodo 761884448",
        "tipo": "interseccion",
        "accesible": true
      }
    },
    {
      "type": "Feature",
      "geometry": {
        "type": "Point",
        "coordinates": [
          -74.0587677,
          4.6533376
        ]
      },
      "properties": {
        "id": "761884449",
        "nombre": "Nodo 761884449",
        "tipo": "interseccion",
        "accesible": true
      }
    },
    {
      "type": "Feature",
      "geometry": {
        "type": "Point",
        "coordinates": [
          -74.0618902,
          4.6688989
        ]
      },
      "properties": {
        "id": "775386685",
        "nombre": "Nodo 775386685",
        "tipo": "interseccion",
        "accesible": true
      }
    },
    {
      "type": "Feature",
      "geometry": {
        "type": "Point",
        "coordinates": [
          -74.0617997,
          4.669632
        ]
      },
      "properties": {
        "id": "775387073",
        "nombre": "Nodo 775387073",
        "tipo": "interseccion",
        "accesible": true
      }
    },
    {
      "type": "Feature",
      "geometry": {
        "type": "Point",
        "coordinates": [
          -74.0621263,
          4.6709051
        ]
      },
      "properties": {
        "id": "775387213",
        "nombre": "Nodo 775387213",
        "tipo": "interseccion",
        "accesible": true
      }
    },
    {
      "type": "Feature",
      "geometry": {
        "type": "Point",
        "coordinates": [
          -74.0617365,
          4.6703262
        ]
      },
      "properties": {
        "id": "775387251",
        "nombre": "Nodo 775387251",
        "tipo": "interseccion",
        "accesible": true
      }
    },
    {
      "type": "Feature",
      "geometry": {
        "type": "Point",
        "coordinates": [
          -74.0589565,
          4.6668804
        ]
      },
      "properties": {
        "id": "803824122",
        "nombre": "Nodo 803824122",
        "tipo": "interseccion",
        "accesible": true
      }
    },
    {
      "type": "Feature",
      "geometry": {
        "type": "Point",
        "coordinates": [
          -74.0540392,
          4.6665539
        ]
      },
      "properties": {
        "id": "826233860",
        "nombre": "Nodo 826233860",
        "tipo": "interseccion",
        "accesible": true
      }
    },
    {
      "type": "Feature",
      "geometry": {
        "type": "Point",
        "coordinates": [
          -74.0652443,
          4.6523117
        ]
      },
      "properties": {
        "id": "826353035",
        "nombre": "Nodo 826353035",
        "tipo": "interseccion",
        "accesible": true
      }
    },
    {
      "type": "Feature",
      "geometry": {
        "type": "Point",
        "coordinates": [
          -74.0650889,
          4.6532054
        ]
      },
      "properties": {
        "id": "826353151",
        "nombre": "Nodo 826353151",
        "tipo": "interseccion",
        "accesible": true
      }
    },
    {
      "type": "Feature",
      "geometry": {
        "type": "Point",
        "coordinates": [
          -74.0651686,
          4.652747
        ]
      },
      "properties": {
        "id": "826353234",
        "nombre": "Nodo 826353234",
        "tipo": "interseccion",
        "accesible": true
      }
    },
    {
      "type": "Feature",
      "geometry": {
        "type": "Point",
        "coordinates": [
          -74.0596455,
          4.6538403
        ]
      },
      "properties": {
        "id": "830760481",
        "nombre": "Nodo 830760481",
        "tipo": "interseccion",
        "accesible": true
      }
    },
    {
      "type": "Feature",
      "geometry": {
        "type": "Point",
        "coordinates": [
          -74.0597013,
          4.6643526
        ]
      },
      "properties": {
        "id": "851224184",
        "nombre": "Nodo 851224184",
        "tipo": "interseccion",
        "accesible": true
      }
    },
    {
      "type": "Feature",
      "geometry": {
        "type": "Point",
        "coordinates": [
          -74.0606851,
          4.6638553
        ]
      },
      "properties": {
        "id": "851224198",
        "nombre": "Nodo 851224198",
        "tipo": "interseccion",
        "accesible": true
      }
    },
    {
      "type": "Feature",
      "geometry": {
        "type": "Point",
        "coordinates": [
          -74.060236,
          4.6648681
        ]
      },
      "properties": {
        "id": "851224205",
        "nombre": "Nodo 851224205",
        "tipo": "interseccion",
        "accesible": true
      }
    },
    {
      "type": "Feature",
      "geometry": {
        "type": "Point",
        "coordinates": [
          -74.0620281,
          4.6675794
        ]
      },
      "properties": {
        "id": "851251645",
        "nombre": "Nodo 851251645",
        "tipo": "interseccion",
        "accesible": true
      }
    },
    {
      "type": "Feature",
      "geometry": {
        "type": "Point",
        "coordinates": [
          -74.0611781,
          4.6683578
        ]
      },
      "properties": {
        "id": "851251660",
        "nombre": "Nodo 851251660",
        "tipo": "interseccion",
        "accesible": true
      }
    },
    {
      "type": "Feature",
      "geometry": {
        "type": "Point",
        "coordinates": [
          -74.0606813,
          4.6526744
        ]
      },
      "properties": {
        "id": "852230584",
        "nombre": "Nodo 852230584",
        "tipo": "interseccion",
        "accesible": true
      }
    },
    {
      "type": "Feature",
      "geometry": {
        "type": "Point",
        "coordinates": [
          -74.0608403,
          4.6523838
        ]
      },
      "properties": {
        "id": "852230641",
        "nombre": "Nodo 852230641",
        "tipo": "interseccion",
        "accesible": true
      }
    },
    {
      "type": "Feature",
      "geometry": {
        "type": "Point",
        "coordinates": [
          -74.0554919,
          4.6619747
        ]
      },
      "properties": {
        "id": "852230647",
        "nombre": "Nodo 852230647",
        "tipo": "interseccion",
        "accesible": true
      }
    },
    {
      "type": "Feature",
      "geometry": {
        "type": "Point",
        "coordinates": [
          -74.0559533,
          4.6686176
        ]
      },
      "properties": {
        "id": "852230670",
        "nombre": "Nodo 852230670",
        "tipo": "interseccion",
        "accesible": true
      }
    },
    {
      "type": "Feature",
      "geometry": {
        "type": "Point",
        "coordinates": [
          -74.0568374,
          4.6599834
        ]
      },
      "properties": {
        "id": "852230694",
        "nombre": "Nodo 852230694",
        "tipo": "interseccion",
        "accesible": true
      }
    },
    {
      "type": "Feature",
      "geometry": {
        "type": "Point",
        "coordinates": [
          -74.055464,
          4.6683834
        ]
      },
      "properties": {
        "id": "852230734",
        "nombre": "Nodo 852230734",
        "tipo": "interseccion",
        "accesible": true
      }
    },
    {
      "type": "Feature",
      "geometry": {
        "type": "Point",
        "coordinates": [
          -74.060238,
          4.6633793
        ]
      },
      "properties": {
        "id": "859648252",
        "nombre": "Nodo 859648252",
        "tipo": "interseccion",
        "accesible": true
      }
    },
    {
      "type": "Feature",
      "geometry": {
        "type": "Point",
        "coordinates": [
          -74.0606911,
          4.6626293
        ]
      },
      "properties": {
        "id": "859648253",
        "nombre": "Nodo 859648253",
        "tipo": "interseccion",
        "accesible": true
      }
    },
    {
      "type": "Feature",
      "geometry": {
        "type": "Point",
        "coordinates": [
          -74.061574,
          4.6664361
        ]
      },
      "properties": {
        "id": "865639668",
        "nombre": "Nodo 865639668",
        "tipo": "interseccion",
        "accesible": true
      }
    },
    {
      "type": "Feature",
      "geometry": {
        "type": "Point",
        "coordinates": [
          -74.0629941,
          4.671991
        ]
      },
      "properties": {
        "id": "881725668",
        "nombre": "Nodo 881725668",
        "tipo": "interseccion",
        "accesible": true
      }
    },
    {
      "type": "Feature",
      "geometry": {
        "type": "Point",
        "coordinates": [
          -74.0535433,
          4.670527
        ]
      },
      "properties": {
        "id": "884884200",
        "nombre": "Nodo 884884200",
        "tipo": "interseccion",
        "accesible": true
      }
    },
    {
      "type": "Feature",
      "geometry": {
        "type": "Point",
        "coordinates": [
          -74.0656775,
          4.6652087
        ]
      },
      "properties": {
        "id": "884894310",
        "nombre": "Nodo 884894310",
        "tipo": "interseccion",
        "accesible": true
      }
    },
    {
      "type": "Feature",
      "geometry": {
        "type": "Point",
        "coordinates": [
          -74.0527546,
          4.6646204
        ]
      },
      "properties": {
        "id": "884896421",
        "nombre": "Nodo 884896421",
        "tipo": "interseccion",
        "accesible": true
      }
    },
    {
      "type": "Feature",
      "geometry": {
        "type": "Point",
        "coordinates": [
          -74.0658049,
          4.6620689
        ]
      },
      "properties": {
        "id": "884899053",
        "nombre": "Nodo 884899053",
        "tipo": "interseccion",
        "accesible": true
      }
    },
    {
      "type": "Feature",
      "geometry": {
        "type": "Point",
        "coordinates": [
          -74.0680419,
          4.6636705
        ]
      },
      "properties": {
        "id": "884900212",
        "nombre": "Nodo 884900212",
        "tipo": "interseccion",
        "accesible": true
      }
    },
    {
      "type": "Feature",
      "geometry": {
        "type": "Point",
        "coordinates": [
          -74.0630236,
          4.6523985
        ]
      },
      "properties": {
        "id": "889749397",
        "nombre": "Nodo 889749397",
        "tipo": "interseccion",
        "accesible": true
      }
    },
    {
      "type": "Feature",
      "geometry": {
        "type": "Point",
        "coordinates": [
          -74.0594274,
          4.6562129
        ]
      },
      "properties": {
        "id": "889749413",
        "nombre": "Nodo 889749413",
        "tipo": "interseccion",
        "accesible": true
      }
    },
    {
      "type": "Feature",
      "geometry": {
        "type": "Point",
        "coordinates": [
          -74.0642848,
          4.6672937
        ]
      },
      "properties": {
        "id": "903701516",
        "nombre": "Nodo 903701516",
        "tipo": "interseccion",
        "accesible": true
      }
    },
    {
      "type": "Feature",
      "geometry": {
        "type": "Point",
        "coordinates": [
          -74.0639858,
          4.6695305
        ]
      },
      "properties": {
        "id": "903701526",
        "nombre": "Nodo 903701526",
        "tipo": "interseccion",
        "accesible": true
      }
    },
    {
      "type": "Feature",
      "geometry": {
        "type": "Point",
        "coordinates": [
          -74.0619863,
          4.6640725
        ]
      },
      "properties": {
        "id": "907676719",
        "nombre": "Nodo 907676719",
        "tipo": "interseccion",
        "accesible": true
      }
    },
    {
      "type": "Feature",
      "geometry": {
        "type": "Point",
        "coordinates": [
          -74.0704257,
          4.6577197
        ]
      },
      "properties": {
        "id": "926762733",
        "nombre": "Nodo 926762733",
        "tipo": "interseccion",
        "accesible": true
      }
    },
    {
      "type": "Feature",
      "geometry": {
        "type": "Point",
        "coordinates": [
          -74.0692533,
          4.656906
        ]
      },
      "properties": {
        "id": "926763115",
        "nombre": "Nodo 926763115",
        "tipo": "interseccion",
        "accesible": true
      }
    },
    {
      "type": "Feature",
      "geometry": {
        "type": "Point",
        "coordinates": [
          -74.0691045,
          4.659758
        ]
      },
      "properties": {
        "id": "926763206",
        "nombre": "Nodo 926763206",
        "tipo": "interseccion",
        "accesible": true
      }
    },
    {
      "type": "Feature",
      "geometry": {
        "type": "Point",
        "coordinates": [
          -74.0615331,
          4.6718289
        ]
      },
      "properties": {
        "id": "928172476",
        "nombre": "Nodo 928172476",
        "tipo": "interseccion",
        "accesible": true
      }
    },
    {
      "type": "Feature",
      "geometry": {
        "type": "Point",
        "coordinates": [
          -74.0611968,
          4.6707661
        ]
      },
      "properties": {
        "id": "928172485",
        "nombre": "Nodo 928172485",
        "tipo": "interseccion",
        "accesible": true
      }
    },
    {
      "type": "Feature",
      "geometry": {
        "type": "Point",
        "coordinates": [
          -74.0610386,
          4.6717387
        ]
      },
      "properties": {
        "id": "928172488",
        "nombre": "Nodo 928172488",
        "tipo": "interseccion",
        "accesible": true
      }
    },
    {
      "type": "Feature",
      "geometry": {
        "type": "Point",
        "coordinates": [
          -74.0704088,
          4.6709329
        ]
      },
      "properties": {
        "id": "930040906",
        "nombre": "Nodo 930040906",
        "tipo": "interseccion",
        "accesible": true
      }
    },
    {
      "type": "Feature",
      "geometry": {
        "type": "Point",
        "coordinates": [
          -74.0651029,
          4.6660984
        ]
      },
      "properties": {
        "id": "956648525",
        "nombre": "Nodo 956648525",
        "tipo": "interseccion",
        "accesible": true
      }
    },
    {
      "type": "Feature",
      "geometry": {
        "type": "Point",
        "coordinates": [
          -74.0645091,
          4.6656971
        ]
      },
      "properties": {
        "id": "956648536",
        "nombre": "Nodo 956648536",
        "tipo": "interseccion",
        "accesible": true
      }
    },
    {
      "type": "Feature",
      "geometry": {
        "type": "Point",
        "coordinates": [
          -74.0627599,
          4.6662989
        ]
      },
      "properties": {
        "id": "968370515",
        "nombre": "Nodo 968370515",
        "tipo": "interseccion",
        "accesible": true
      }
    },
    {
      "type": "Feature",
      "geometry": {
        "type": "Point",
        "coordinates": [
          -74.0632729,
          4.6655074
        ]
      },
      "properties": {
        "id": "968370526",
        "nombre": "Nodo 968370526",
        "tipo": "interseccion",
        "accesible": true
      }
    },
    {
      "type": "Feature",
      "geometry": {
        "type": "Point",
        "coordinates": [
          -74.0630162,
          4.6658806
        ]
      },
      "properties": {
        "id": "968370554",
        "nombre": "Nodo 968370554",
        "tipo": "interseccion",
        "accesible": true
      }
    },
    {
      "type": "Feature",
      "geometry": {
        "type": "Point",
        "coordinates": [
          -74.0633572,
          4.6655612
        ]
      },
      "properties": {
        "id": "968370600",
        "nombre": "Nodo 968370600",
        "tipo": "interseccion",
        "accesible": true
      }
    },
    {
      "type": "Feature",
      "geometry": {
        "type": "Point",
        "coordinates": [
          -74.0703998,
          4.6552689
        ]
      },
      "properties": {
        "id": "1010415613",
        "nombre": "Nodo 1010415613",
        "tipo": "interseccion",
        "accesible": true
      }
    },
    {
      "type": "Feature",
      "geometry": {
        "type": "Point",
        "coordinates": [
          -74.05637,
          4.6720305
        ]
      },
      "properties": {
        "id": "1025325610",
        "nombre": "Nodo 1025325610",
        "tipo": "interseccion",
        "accesible": true
      }
    },
    {
      "type": "Feature",
      "geometry": {
        "type": "Point",
        "coordinates": [
          -74.0562247,
          4.672339
        ]
      },
      "properties": {
        "id": "1025325613",
        "nombre": "Nodo 1025325613",
        "tipo": "interseccion",
        "accesible": true
      }
    },
    {
      "type": "Feature",
      "geometry": {
        "type": "Point",
        "coordinates": [
          -74.0513794,
          4.6660674
        ]
      },
      "properties": {
        "id": "1038604575",
        "nombre": "Nodo 1038604575",
        "tipo": "interseccion",
        "accesible": true
      }
    },
    {
      "type": "Feature",
      "geometry": {
        "type": "Point",
        "coordinates": [
          -74.0514584,
          4.6659933
        ]
      },
      "properties": {
        "id": "1038604576",
        "nombre": "Nodo 1038604576",
        "tipo": "interseccion",
        "accesible": true
      }
    },
    {
      "type": "Feature",
      "geometry": {
        "type": "Point",
        "coordinates": [
          -74.0591737,
          4.6553242
        ]
      },
      "properties": {
        "id": "1038727554",
        "nombre": "Nodo 1038727554",
        "tipo": "interseccion",
        "accesible": true
      }
    },
    {
      "type": "Feature",
      "geometry": {
        "type": "Point",
        "coordinates": [
          -74.0689573,
          4.6547763
        ]
      },
      "properties": {
        "id": "1041714527",
        "nombre": "Nodo 1041714527",
        "tipo": "interseccion",
        "accesible": true
      }
    },
    {
      "type": "Feature",
      "geometry": {
        "type": "Point",
        "coordinates": [
          -74.0697036,
          4.6524281
        ]
      },
      "properties": {
        "id": "1041714548",
        "nombre": "Nodo 1041714548",
        "tipo": "interseccion",
        "accesible": true
      }
    },
    {
      "type": "Feature",
      "geometry": {
        "type": "Point",
        "coordinates": [
          -74.0672787,
          4.6520054
        ]
      },
      "properties": {
        "id": "1041714555",
        "nombre": "Nodo 1041714555",
        "tipo": "interseccion",
        "accesible": true
      }
    },
    {
      "type": "Feature",
      "geometry": {
        "type": "Point",
        "coordinates": [
          -74.068129,
          4.6521521
        ]
      },
      "properties": {
        "id": "1041714566",
        "nombre": "Nodo 1041714566",
        "tipo": "interseccion",
        "accesible": true
      }
    },
    {
      "type": "Feature",
      "geometry": {
        "type": "Point",
        "coordinates": [
          -74.069166,
          4.6523311
        ]
      },
      "properties": {
        "id": "1041714598",
        "nombre": "Nodo 1041714598",
        "tipo": "interseccion",
        "accesible": true
      }
    },
    {
      "type": "Feature",
      "geometry": {
        "type": "Point",
        "coordinates": [
          -74.0698937,
          4.6541749
        ]
      },
      "properties": {
        "id": "1041714606",
        "nombre": "Nodo 1041714606",
        "tipo": "interseccion",
        "accesible": true
      }
    },
    {
      "type": "Feature",
      "geometry": {
        "type": "Point",
        "coordinates": [
          -74.0690393,
          4.6530308
        ]
      },
      "properties": {
        "id": "1041714613",
        "nombre": "Nodo 1041714613",
        "tipo": "interseccion",
        "accesible": true
      }
    },
    {
      "type": "Feature",
      "geometry": {
        "type": "Point",
        "coordinates": [
          -74.0695775,
          4.6531268
        ]
      },
      "properties": {
        "id": "1041714620",
        "nombre": "Nodo 1041714620",
        "tipo": "interseccion",
        "accesible": true
      }
    },
    {
      "type": "Feature",
      "geometry": {
        "type": "Point",
        "coordinates": [
          -74.0693064,
          4.6515562
        ]
      },
      "properties": {
        "id": "1041714652",
        "nombre": "Nodo 1041714652",
        "tipo": "interseccion",
        "accesible": true
      }
    },
    {
      "type": "Feature",
      "geometry": {
        "type": "Point",
        "coordinates": [
          -74.0686517,
          4.6522423
        ]
      },
      "properties": {
        "id": "1041714673",
        "nombre": "Nodo 1041714673",
        "tipo": "interseccion",
        "accesible": true
      }
    },
    {
      "type": "Feature",
      "geometry": {
        "type": "Point",
        "coordinates": [
          -74.0701853,
          4.652515
        ]
      },
      "properties": {
        "id": "1041714677",
        "nombre": "Nodo 1041714677",
        "tipo": "interseccion",
        "accesible": true
      }
    },
    {
      "type": "Feature",
      "geometry": {
        "type": "Point",
        "coordinates": [
          -74.068004,
          4.6528461
        ]
      },
      "properties": {
        "id": "1041714704",
        "nombre": "Nodo 1041714704",
        "tipo": "interseccion",
        "accesible": true
      }
    },
    {
      "type": "Feature",
      "geometry": {
        "type": "Point",
        "coordinates": [
          -74.0685195,
          4.6529411
        ]
      },
      "properties": {
        "id": "1041714708",
        "nombre": "Nodo 1041714708",
        "tipo": "interseccion",
        "accesible": true
      }
    },
    {
      "type": "Feature",
      "geometry": {
        "type": "Point",
        "coordinates": [
          -74.0695148,
          4.6623953
        ]
      },
      "properties": {
        "id": "1041859300",
        "nombre": "Nodo 1041859300",
        "tipo": "interseccion",
        "accesible": true
      }
    },
    {
      "type": "Feature",
      "geometry": {
        "type": "Point",
        "coordinates": [
          -74.0693531,
          4.6606888
        ]
      },
      "properties": {
        "id": "1041859313",
        "nombre": "Nodo 1041859313",
        "tipo": "interseccion",
        "accesible": true
      }
    },
    {
      "type": "Feature",
      "geometry": {
        "type": "Point",
        "coordinates": [
          -74.0694706,
          4.6634479
        ]
      },
      "properties": {
        "id": "1041859324",
        "nombre": "Nodo 1041859324",
        "tipo": "interseccion",
        "accesible": true
      }
    },
    {
      "type": "Feature",
      "geometry": {
        "type": "Point",
        "coordinates": [
          -74.0678688,
          4.6589894
        ]
      },
      "properties": {
        "id": "1041859333",
        "nombre": "Nodo 1041859333",
        "tipo": "interseccion",
        "accesible": true
      }
    },
    {
      "type": "Feature",
      "geometry": {
        "type": "Point",
        "coordinates": [
          -74.0657918,
          4.6636307
        ]
      },
      "properties": {
        "id": "1041859337",
        "nombre": "Nodo 1041859337",
        "tipo": "interseccion",
        "accesible": true
      }
    },
    {
      "type": "Feature",
      "geometry": {
        "type": "Point",
        "coordinates": [
          -74.0624934,
          4.6649998
        ]
      },
      "properties": {
        "id": "1041859381",
        "nombre": "Nodo 1041859381",
        "tipo": "interseccion",
        "accesible": true
      }
    },
    {
      "type": "Feature",
      "geometry": {
        "type": "Point",
        "coordinates": [
          -74.0627647,
          4.6645745
        ]
      },
      "properties": {
        "id": "1048734067",
        "nombre": "Nodo 1048734067",
        "tipo": "interseccion",
        "accesible": true
      }
    },
    {
      "type": "Feature",
      "geometry": {
        "type": "Point",
        "coordinates": [
          -74.0640513,
          4.6544592
        ]
      },
      "properties": {
        "id": "1806334375",
        "nombre": "Nodo 1806334375",
        "tipo": "interseccion",
        "accesible": true
      }
    },
    {
      "type": "Feature",
      "geometry": {
        "type": "Point",
        "coordinates": [
          -74.0697241,
          4.6649393
        ]
      },
      "properties": {
        "id": "1847559927",
        "nombre": "Nodo 1847559927",
        "tipo": "interseccion",
        "accesible": true
      }
    },
    {
      "type": "Feature",
      "geometry": {
        "type": "Point",
        "coordinates": [
          -74.0690273,
          4.6621536
        ]
      },
      "properties": {
        "id": "1847559932",
        "nombre": "Nodo 1847559932",
        "tipo": "interseccion",
        "accesible": true
      }
    },
    {
      "type": "Feature",
      "geometry": {
        "type": "Point",
        "coordinates": [
          -74.068571,
          4.6618623
        ]
      },
      "properties": {
        "id": "1847559948",
        "nombre": "Nodo 1847559948",
        "tipo": "interseccion",
        "accesible": true
      }
    },
    {
      "type": "Feature",
      "geometry": {
        "type": "Point",
        "coordinates": [
          -74.0697913,
          4.6610107
        ]
      },
      "properties": {
        "id": "1847559956",
        "nombre": "Nodo 1847559956",
        "tipo": "interseccion",
        "accesible": true
      }
    },
    {
      "type": "Feature",
      "geometry": {
        "type": "Point",
        "coordinates": [
          -74.0673646,
          4.6676557
        ]
      },
      "properties": {
        "id": "1855061090",
        "nombre": "Nodo 1855061090",
        "tipo": "interseccion",
        "accesible": true
      }
    },
    {
      "type": "Feature",
      "geometry": {
        "type": "Point",
        "coordinates": [
          -74.0666213,
          4.6687947
        ]
      },
      "properties": {
        "id": "1855061091",
        "nombre": "Nodo 1855061091",
        "tipo": "interseccion",
        "accesible": true
      }
    },
    {
      "type": "Feature",
      "geometry": {
        "type": "Point",
        "coordinates": [
          -74.0615517,
          4.6717224
        ]
      },
      "properties": {
        "id": "1873784300",
        "nombre": "Nodo 1873784300",
        "tipo": "interseccion",
        "accesible": true
      }
    },
    {
      "type": "Feature",
      "geometry": {
        "type": "Point",
        "coordinates": [
          -74.0688402,
          4.6601722
        ]
      },
      "properties": {
        "id": "1890569403",
        "nombre": "Nodo 1890569403",
        "tipo": "interseccion",
        "accesible": true
      }
    },
    {
      "type": "Feature",
      "geometry": {
        "type": "Point",
        "coordinates": [
          -74.0682156,
          4.6597586
        ]
      },
      "properties": {
        "id": "1890569405",
        "nombre": "Nodo 1890569405",
        "tipo": "interseccion",
        "accesible": true
      }
    },
    {
      "type": "Feature",
      "geometry": {
        "type": "Point",
        "coordinates": [
          -74.0682873,
          4.6610572
        ]
      },
      "properties": {
        "id": "1890569407",
        "nombre": "Nodo 1890569407",
        "tipo": "interseccion",
        "accesible": true
      }
    },
    {
      "type": "Feature",
      "geometry": {
        "type": "Point",
        "coordinates": [
          -74.067665,
          4.6606636
        ]
      },
      "properties": {
        "id": "1890569410",
        "nombre": "Nodo 1890569410",
        "tipo": "interseccion",
        "accesible": true
      }
    },
    {
      "type": "Feature",
      "geometry": {
        "type": "Point",
        "coordinates": [
          -74.0676957,
          4.6671569
        ]
      },
      "properties": {
        "id": "1892690049",
        "nombre": "Nodo 1892690049",
        "tipo": "interseccion",
        "accesible": true
      }
    },
    {
      "type": "Feature",
      "geometry": {
        "type": "Point",
        "coordinates": [
          -74.0704026,
          4.6701109
        ]
      },
      "properties": {
        "id": "1892690050",
        "nombre": "Nodo 1892690050",
        "tipo": "interseccion",
        "accesible": true
      }
    },
    {
      "type": "Feature",
      "geometry": {
        "type": "Point",
        "coordinates": [
          -74.0698682,
          4.6697154
        ]
      },
      "properties": {
        "id": "1892690051",
        "nombre": "Nodo 1892690051",
        "tipo": "interseccion",
        "accesible": true
      }
    },
    {
      "type": "Feature",
      "geometry": {
        "type": "Point",
        "coordinates": [
          -74.0693045,
          4.6681796
        ]
      },
      "properties": {
        "id": "1892690055",
        "nombre": "Nodo 1892690055",
        "tipo": "interseccion",
        "accesible": true
      }
    },
    {
      "type": "Feature",
      "geometry": {
        "type": "Point",
        "coordinates": [
          -74.0689845,
          4.6676216
        ]
      },
      "properties": {
        "id": "1892690056",
        "nombre": "Nodo 1892690056",
        "tipo": "interseccion",
        "accesible": true
      }
    },
    {
      "type": "Feature",
      "geometry": {
        "type": "Point",
        "coordinates": [
          -74.0679848,
          4.6666977
        ]
      },
      "properties": {
        "id": "1892690057",
        "nombre": "Nodo 1892690057",
        "tipo": "interseccion",
        "accesible": true
      }
    },
    {
      "type": "Feature",
      "geometry": {
        "type": "Point",
        "coordinates": [
          -74.0701858,
          4.6552261
        ]
      },
      "properties": {
        "id": "1942092486",
        "nombre": "Nodo 1942092486",
        "tipo": "interseccion",
        "accesible": true
      }
    },
    {
      "type": "Feature",
      "geometry": {
        "type": "Point",
        "coordinates": [
          -74.0669169,
          4.6539723
        ]
      },
      "properties": {
        "id": "1942092499",
        "nombre": "Nodo 1942092499",
        "tipo": "interseccion",
        "accesible": true
      }
    },
    {
      "type": "Feature",
      "geometry": {
        "type": "Point",
        "coordinates": [
          -74.066075,
          4.6537171
        ]
      },
      "properties": {
        "id": "1942092503",
        "nombre": "Nodo 1942092503",
        "tipo": "interseccion",
        "accesible": true
      }
    },
    {
      "type": "Feature",
      "geometry": {
        "type": "Point",
        "coordinates": [
          -74.067392,
          4.6542466
        ]
      },
      "properties": {
        "id": "1942092507",
        "nombre": "Nodo 1942092507",
        "tipo": "interseccion",
        "accesible": true
      }
    },
    {
      "type": "Feature",
      "geometry": {
        "type": "Point",
        "coordinates": [
          -74.0593549,
          4.6635855
        ]
      },
      "properties": {
        "id": "2007238281",
        "nombre": "Nodo 2007238281",
        "tipo": "interseccion",
        "accesible": true
      }
    },
    {
      "type": "Feature",
      "geometry": {
        "type": "Point",
        "coordinates": [
          -74.0596025,
          4.6631655
        ]
      },
      "properties": {
        "id": "2007238282",
        "nombre": "Nodo 2007238282",
        "tipo": "interseccion",
        "accesible": true
      }
    },
    {
      "type": "Feature",
      "geometry": {
        "type": "Point",
        "coordinates": [
          -74.0528186,
          4.6587274
        ]
      },
      "properties": {
        "id": "2045404055",
        "nombre": "Nodo 2045404055",
        "tipo": "interseccion",
        "accesible": true
      }
    },
    {
      "type": "Feature",
      "geometry": {
        "type": "Point",
        "coordinates": [
          -74.059922,
          4.6686562
        ]
      },
      "properties": {
        "id": "2180186978",
        "nombre": "Nodo 2180186978",
        "tipo": "interseccion",
        "accesible": true
      }
    },
    {
      "type": "Feature",
      "geometry": {
        "type": "Point",
        "coordinates": [
          -74.0595605,
          4.668566
        ]
      },
      "properties": {
        "id": "2180187000",
        "nombre": "Nodo 2180187000",
        "tipo": "interseccion",
        "accesible": true
      }
    },
    {
      "type": "Feature",
      "geometry": {
        "type": "Point",
        "coordinates": [
          -74.0604935,
          4.6513278
        ]
      },
      "properties": {
        "id": "2313540150",
        "nombre": "Nodo 2313540150",
        "tipo": "interseccion",
        "accesible": true
      }
    },
    {
      "type": "Feature",
      "geometry": {
        "type": "Point",
        "coordinates": [
          -74.0601049,
          4.651125
        ]
      },
      "properties": {
        "id": "2313710246",
        "nombre": "Nodo 2313710246",
        "tipo": "interseccion",
        "accesible": true
      }
    },
    {
      "type": "Feature",
      "geometry": {
        "type": "Point",
        "coordinates": [
          -74.0601626,
          4.6519568
        ]
      },
      "properties": {
        "id": "2313710248",
        "nombre": "Nodo 2313710248",
        "tipo": "interseccion",
        "accesible": true
      }
    },
    {
      "type": "Feature",
      "geometry": {
        "type": "Point",
        "coordinates": [
          -74.0604577,
          4.6696481
        ]
      },
      "properties": {
        "id": "2533080950",
        "nombre": "Nodo 2533080950",
        "tipo": "interseccion",
        "accesible": true
      }
    },
    {
      "type": "Feature",
      "geometry": {
        "type": "Point",
        "coordinates": [
          -74.0577898,
          4.6535907
        ]
      },
      "properties": {
        "id": "2807665507",
        "nombre": "Nodo 2807665507",
        "tipo": "interseccion",
        "accesible": true
      }
    },
    {
      "type": "Feature",
      "geometry": {
        "type": "Point",
        "coordinates": [
          -74.0572409,
          4.6532646
        ]
      },
      "properties": {
        "id": "2807665508",
        "nombre": "Nodo 2807665508",
        "tipo": "interseccion",
        "accesible": true
      }
    },
    {
      "type": "Feature",
      "geometry": {
        "type": "Point",
        "coordinates": [
          -74.063112,
          4.6518921
        ]
      },
      "properties": {
        "id": "2807673245",
        "nombre": "Nodo 2807673245",
        "tipo": "interseccion",
        "accesible": true
      }
    },
    {
      "type": "Feature",
      "geometry": {
        "type": "Point",
        "coordinates": [
          -74.0607812,
          4.6554566
        ]
      },
      "properties": {
        "id": "2807673252",
        "nombre": "Nodo 2807673252",
        "tipo": "interseccion",
        "accesible": true
      }
    },
    {
      "type": "Feature",
      "geometry": {
        "type": "Point",
        "coordinates": [
          -74.0612166,
          4.6557851
        ]
      },
      "properties": {
        "id": "2807673253",
        "nombre": "Nodo 2807673253",
        "tipo": "interseccion",
        "accesible": true
      }
    },
    {
      "type": "Feature",
      "geometry": {
        "type": "Point",
        "coordinates": [
          -74.0611109,
          4.6557054
        ]
      },
      "properties": {
        "id": "2807673254",
        "nombre": "Nodo 2807673254",
        "tipo": "interseccion",
        "accesible": true
      }
    },
    {
      "type": "Feature",
      "geometry": {
        "type": "Point",
        "coordinates": [
          -74.0609668,
          4.6572524
        ]
      },
      "properties": {
        "id": "2807673255",
        "nombre": "Nodo 2807673255",
        "tipo": "interseccion",
        "accesible": true
      }
    },
    {
      "type": "Feature",
      "geometry": {
        "type": "Point",
        "coordinates": [
          -74.0606154,
          4.6577669
        ]
      },
      "properties": {
        "id": "2807673256",
        "nombre": "Nodo 2807673256",
        "tipo": "interseccion",
        "accesible": true
      }
    },
    {
      "type": "Feature",
      "geometry": {
        "type": "Point",
        "coordinates": [
          -74.0619303,
          4.658447
        ]
      },
      "properties": {
        "id": "2807673261",
        "nombre": "Nodo 2807673261",
        "tipo": "interseccion",
        "accesible": true
      }
    },
    {
      "type": "Feature",
      "geometry": {
        "type": "Point",
        "coordinates": [
          -74.0562899,
          4.662515
        ]
      },
      "properties": {
        "id": "2807693383",
        "nombre": "Nodo 2807693383",
        "tipo": "interseccion",
        "accesible": true
      }
    },
    {
      "type": "Feature",
      "geometry": {
        "type": "Point",
        "coordinates": [
          -74.0572009,
          4.6633223
        ]
      },
      "properties": {
        "id": "2807693386",
        "nombre": "Nodo 2807693386",
        "tipo": "interseccion",
        "accesible": true
      }
    },
    {
      "type": "Feature",
      "geometry": {
        "type": "Point",
        "coordinates": [
          -74.0575618,
          4.6627426
        ]
      },
      "properties": {
        "id": "2807693387",
        "nombre": "Nodo 2807693387",
        "tipo": "interseccion",
        "accesible": true
      }
    },
    {
      "type": "Feature",
      "geometry": {
        "type": "Point",
        "coordinates": [
          -74.0530646,
          4.6655049
        ]
      },
      "properties": {
        "id": "2807693397",
        "nombre": "Nodo 2807693397",
        "tipo": "interseccion",
        "accesible": true
      }
    },
    {
      "type": "Feature",
      "geometry": {
        "type": "Point",
        "coordinates": [
          -74.0550071,
          4.6681702
        ]
      },
      "properties": {
        "id": "2807695216",
        "nombre": "Nodo 2807695216",
        "tipo": "interseccion",
        "accesible": true
      }
    },
    {
      "type": "Feature",
      "geometry": {
        "type": "Point",
        "coordinates": [
          -74.0518115,
          4.6693607
        ]
      },
      "properties": {
        "id": "2808920237",
        "nombre": "Nodo 2808920237",
        "tipo": "interseccion",
        "accesible": true
      }
    },
    {
      "type": "Feature",
      "geometry": {
        "type": "Point",
        "coordinates": [
          -74.0521968,
          4.6702469
        ]
      },
      "properties": {
        "id": "2811229875",
        "nombre": "Nodo 2811229875",
        "tipo": "interseccion",
        "accesible": true
      }
    },
    {
      "type": "Feature",
      "geometry": {
        "type": "Point",
        "coordinates": [
          -74.0536512,
          4.6508984
        ]
      },
      "properties": {
        "id": "2815920114",
        "nombre": "Nodo 2815920114",
        "tipo": "interseccion",
        "accesible": true
      }
    },
    {
      "type": "Feature",
      "geometry": {
        "type": "Point",
        "coordinates": [
          -74.0533732,
          4.6530387
        ]
      },
      "properties": {
        "id": "2815920118",
        "nombre": "Nodo 2815920118",
        "tipo": "interseccion",
        "accesible": true
      }
    },
    {
      "type": "Feature",
      "geometry": {
        "type": "Point",
        "coordinates": [
          -74.0529776,
          4.6530545
        ]
      },
      "properties": {
        "id": "2815920119",
        "nombre": "Nodo 2815920119",
        "tipo": "interseccion",
        "accesible": true
      }
    },
    {
      "type": "Feature",
      "geometry": {
        "type": "Point",
        "coordinates": [
          -74.0534524,
          4.6532808
        ]
      },
      "properties": {
        "id": "2815920123",
        "nombre": "Nodo 2815920123",
        "tipo": "interseccion",
        "accesible": true
      }
    },
    {
      "type": "Feature",
      "geometry": {
        "type": "Point",
        "coordinates": [
          -74.0497487,
          4.6546068
        ]
      },
      "properties": {
        "id": "2822810491",
        "nombre": "Nodo 2822810491",
        "tipo": "interseccion",
        "accesible": true
      }
    },
    {
      "type": "Feature",
      "geometry": {
        "type": "Point",
        "coordinates": [
          -74.049717,
          4.6546615
        ]
      },
      "properties": {
        "id": "2822810518",
        "nombre": "Nodo 2822810518",
        "tipo": "interseccion",
        "accesible": true
      }
    },
    {
      "type": "Feature",
      "geometry": {
        "type": "Point",
        "coordinates": [
          -74.0503295,
          4.6549826
        ]
      },
      "properties": {
        "id": "2822810522",
        "nombre": "Nodo 2822810522",
        "tipo": "interseccion",
        "accesible": true
      }
    },
    {
      "type": "Feature",
      "geometry": {
        "type": "Point",
        "coordinates": [
          -74.0496424,
          4.6610109
        ]
      },
      "properties": {
        "id": "2822810532",
        "nombre": "Nodo 2822810532",
        "tipo": "interseccion",
        "accesible": true
      }
    },
    {
      "type": "Feature",
      "geometry": {
        "type": "Point",
        "coordinates": [
          -74.0661561,
          4.6719684
        ]
      },
      "properties": {
        "id": "2861241572",
        "nombre": "Nodo 2861241572",
        "tipo": "interseccion",
        "accesible": true
      }
    },
    {
      "type": "Feature",
      "geometry": {
        "type": "Point",
        "coordinates": [
          -74.0704807,
          4.6547728
        ]
      },
      "properties": {
        "id": "2862531835",
        "nombre": "Nodo 2862531835",
        "tipo": "interseccion",
        "accesible": true
      }
    },
    {
      "type": "Feature",
      "geometry": {
        "type": "Point",
        "coordinates": [
          -74.0700551,
          4.6558106
        ]
      },
      "properties": {
        "id": "2862531837",
        "nombre": "Nodo 2862531837",
        "tipo": "interseccion",
        "accesible": true
      }
    },
    {
      "type": "Feature",
      "geometry": {
        "type": "Point",
        "coordinates": [
          -74.0675363,
          4.6622613
        ]
      },
      "properties": {
        "id": "2862531849",
        "nombre": "Nodo 2862531849",
        "tipo": "interseccion",
        "accesible": true
      }
    },
    {
      "type": "Feature",
      "geometry": {
        "type": "Point",
        "coordinates": [
          -74.0624439,
          4.6624363
        ]
      },
      "properties": {
        "id": "2862531856",
        "nombre": "Nodo 2862531856",
        "tipo": "interseccion",
        "accesible": true
      }
    },
    {
      "type": "Feature",
      "geometry": {
        "type": "Point",
        "coordinates": [
          -74.0622215,
          4.6627962
        ]
      },
      "properties": {
        "id": "2862531857",
        "nombre": "Nodo 2862531857",
        "tipo": "interseccion",
        "accesible": true
      }
    },
    {
      "type": "Feature",
      "geometry": {
        "type": "Point",
        "coordinates": [
          -74.0643698,
          4.6650068
        ]
      },
      "properties": {
        "id": "2862531863",
        "nombre": "Nodo 2862531863",
        "tipo": "interseccion",
        "accesible": true
      }
    },
    {
      "type": "Feature",
      "geometry": {
        "type": "Point",
        "coordinates": [
          -74.06467,
          4.6645339
        ]
      },
      "properties": {
        "id": "2862531864",
        "nombre": "Nodo 2862531864",
        "tipo": "interseccion",
        "accesible": true
      }
    },
    {
      "type": "Feature",
      "geometry": {
        "type": "Point",
        "coordinates": [
          -74.0610399,
          4.6658443
        ]
      },
      "properties": {
        "id": "2862531870",
        "nombre": "Nodo 2862531870",
        "tipo": "interseccion",
        "accesible": true
      }
    },
    {
      "type": "Feature",
      "geometry": {
        "type": "Point",
        "coordinates": [
          -74.0608599,
          4.6702295
        ]
      },
      "properties": {
        "id": "2862666193",
        "nombre": "Nodo 2862666193",
        "tipo": "interseccion",
        "accesible": true
      }
    },
    {
      "type": "Feature",
      "geometry": {
        "type": "Point",
        "coordinates": [
          -74.0609667,
          4.669274
        ]
      },
      "properties": {
        "id": "2862666195",
        "nombre": "Nodo 2862666195",
        "tipo": "interseccion",
        "accesible": true
      }
    },
    {
      "type": "Feature",
      "geometry": {
        "type": "Point",
        "coordinates": [
          -74.0540414,
          4.6570558
        ]
      },
      "properties": {
        "id": "3196497180",
        "nombre": "Nodo 3196497180",
        "tipo": "interseccion",
        "accesible": true
      }
    },
    {
      "type": "Feature",
      "geometry": {
        "type": "Point",
        "coordinates": [
          -74.054257,
          4.6567419
        ]
      },
      "properties": {
        "id": "3196497181",
        "nombre": "Nodo 3196497181",
        "tipo": "interseccion",
        "accesible": true
      }
    },
    {
      "type": "Feature",
      "geometry": {
        "type": "Point",
        "coordinates": [
          -74.0533405,
          4.6580764
        ]
      },
      "properties": {
        "id": "3196497182",
        "nombre": "Nodo 3196497182",
        "tipo": "interseccion",
        "accesible": true
      }
    },
    {
      "type": "Feature",
      "geometry": {
        "type": "Point",
        "coordinates": [
          -74.052182,
          4.6594
        ]
      },
      "properties": {
        "id": "3197009590",
        "nombre": "Nodo 3197009590",
        "tipo": "interseccion",
        "accesible": true
      }
    },
    {
      "type": "Feature",
      "geometry": {
        "type": "Point",
        "coordinates": [
          -74.0503189,
          4.6611821
        ]
      },
      "properties": {
        "id": "3197009592",
        "nombre": "Nodo 3197009592",
        "tipo": "interseccion",
        "accesible": true
      }
    },
    {
      "type": "Feature",
      "geometry": {
        "type": "Point",
        "coordinates": [
          -74.0495358,
          4.6620329
        ]
      },
      "properties": {
        "id": "3197029612",
        "nombre": "Nodo 3197029612",
        "tipo": "interseccion",
        "accesible": true
      }
    },
    {
      "type": "Feature",
      "geometry": {
        "type": "Point",
        "coordinates": [
          -74.052319,
          4.6715582
        ]
      },
      "properties": {
        "id": "3273685738",
        "nombre": "Nodo 3273685738",
        "tipo": "interseccion",
        "accesible": true
      }
    },
    {
      "type": "Feature",
      "geometry": {
        "type": "Point",
        "coordinates": [
          -74.0506031,
          4.6706671
        ]
      },
      "properties": {
        "id": "3273727337",
        "nombre": "Nodo 3273727337",
        "tipo": "interseccion",
        "accesible": true
      }
    },
    {
      "type": "Feature",
      "geometry": {
        "type": "Point",
        "coordinates": [
          -74.0522019,
          4.670326
        ]
      },
      "properties": {
        "id": "3353441402",
        "nombre": "Nodo 3353441402",
        "tipo": "interseccion",
        "accesible": true
      }
    },
    {
      "type": "Feature",
      "geometry": {
        "type": "Point",
        "coordinates": [
          -74.0496587,
          4.65461
        ]
      },
      "properties": {
        "id": "3510542720",
        "nombre": "Nodo 3510542720",
        "tipo": "interseccion",
        "accesible": true
      }
    },
    {
      "type": "Feature",
      "geometry": {
        "type": "Point",
        "coordinates": [
          -74.0502081,
          4.6536608
        ]
      },
      "properties": {
        "id": "3510543811",
        "nombre": "Nodo 3510543811",
        "tipo": "interseccion",
        "accesible": true
      }
    },
    {
      "type": "Feature",
      "geometry": {
        "type": "Point",
        "coordinates": [
          -74.0499706,
          4.6555306
        ]
      },
      "properties": {
        "id": "3510543813",
        "nombre": "Nodo 3510543813",
        "tipo": "interseccion",
        "accesible": true
      }
    },
    {
      "type": "Feature",
      "geometry": {
        "type": "Point",
        "coordinates": [
          -74.0496839,
          4.6578285
        ]
      },
      "properties": {
        "id": "3510543814",
        "nombre": "Nodo 3510543814",
        "tipo": "interseccion",
        "accesible": true
      }
    },
    {
      "type": "Feature",
      "geometry": {
        "type": "Point",
        "coordinates": [
          -74.0490556,
          4.6597117
        ]
      },
      "properties": {
        "id": "3510543816",
        "nombre": "Nodo 3510543816",
        "tipo": "interseccion",
        "accesible": true
      }
    },
    {
      "type": "Feature",
      "geometry": {
        "type": "Point",
        "coordinates": [
          -74.0516842,
          4.6525073
        ]
      },
      "properties": {
        "id": "3510790597",
        "nombre": "Nodo 3510790597",
        "tipo": "interseccion",
        "accesible": true
      }
    },
    {
      "type": "Feature",
      "geometry": {
        "type": "Point",
        "coordinates": [
          -74.0502074,
          4.650903
        ]
      },
      "properties": {
        "id": "3511346216",
        "nombre": "Nodo 3511346216",
        "tipo": "interseccion",
        "accesible": true
      }
    },
    {
      "type": "Feature",
      "geometry": {
        "type": "Point",
        "coordinates": [
          -74.0504481,
          4.6553311
        ]
      },
      "properties": {
        "id": "3511347700",
        "nombre": "Nodo 3511347700",
        "tipo": "interseccion",
        "accesible": true
      }
    },
    {
      "type": "Feature",
      "geometry": {
        "type": "Point",
        "coordinates": [
          -74.0504264,
          4.6553786
        ]
      },
      "properties": {
        "id": "3511348996",
        "nombre": "Nodo 3511348996",
        "tipo": "interseccion",
        "accesible": true
      }
    },
    {
      "type": "Feature",
      "geometry": {
        "type": "Point",
        "coordinates": [
          -74.0556272,
          4.6540685
        ]
      },
      "properties": {
        "id": "3526449116",
        "nombre": "Nodo 3526449116",
        "tipo": "interseccion",
        "accesible": true
      }
    },
    {
      "type": "Feature",
      "geometry": {
        "type": "Point",
        "coordinates": [
          -74.0554685,
          4.6672535
        ]
      },
      "properties": {
        "id": "3539023323",
        "nombre": "Nodo 3539023323",
        "tipo": "interseccion",
        "accesible": true
      }
    },
    {
      "type": "Feature",
      "geometry": {
        "type": "Point",
        "coordinates": [
          -74.0556333,
          4.6673541
        ]
      },
      "properties": {
        "id": "3539023324",
        "nombre": "Nodo 3539023324",
        "tipo": "interseccion",
        "accesible": true
      }
    },
    {
      "type": "Feature",
      "geometry": {
        "type": "Point",
        "coordinates": [
          -74.0601541,
          4.663517
        ]
      },
      "properties": {
        "id": "3582215693",
        "nombre": "Nodo 3582215693",
        "tipo": "interseccion",
        "accesible": true
      }
    },
    {
      "type": "Feature",
      "geometry": {
        "type": "Point",
        "coordinates": [
          -74.0620397,
          4.6634942
        ]
      },
      "properties": {
        "id": "3582216695",
        "nombre": "Nodo 3582216695",
        "tipo": "interseccion",
        "accesible": true
      }
    },
    {
      "type": "Feature",
      "geometry": {
        "type": "Point",
        "coordinates": [
          -74.0608049,
          4.6563382
        ]
      },
      "properties": {
        "id": "3582229694",
        "nombre": "Nodo 3582229694",
        "tipo": "interseccion",
        "accesible": true
      }
    },
    {
      "type": "Feature",
      "geometry": {
        "type": "Point",
        "coordinates": [
          -74.0608615,
          4.6563762
        ]
      },
      "properties": {
        "id": "3582229695",
        "nombre": "Nodo 3582229695",
        "tipo": "interseccion",
        "accesible": true
      }
    },
    {
      "type": "Feature",
      "geometry": {
        "type": "Point",
        "coordinates": [
          -74.0686406,
          4.6627983
        ]
      },
      "properties": {
        "id": "3642899689",
        "nombre": "Nodo 3642899689",
        "tipo": "interseccion",
        "accesible": true
      }
    },
    {
      "type": "Feature",
      "geometry": {
        "type": "Point",
        "coordinates": [
          -74.058041,
          4.6632681
        ]
      },
      "properties": {
        "id": "3665185928",
        "nombre": "Nodo 3665185928",
        "tipo": "interseccion",
        "accesible": true
      }
    },
    {
      "type": "Feature",
      "geometry": {
        "type": "Point",
        "coordinates": [
          -74.0529534,
          4.6657095
        ]
      },
      "properties": {
        "id": "3705876603",
        "nombre": "Nodo 3705876603",
        "tipo": "interseccion",
        "accesible": true
      }
    },
    {
      "type": "Feature",
      "geometry": {
        "type": "Point",
        "coordinates": [
          -74.0667671,
          4.6652571
        ]
      },
      "properties": {
        "id": "3850795880",
        "nombre": "Nodo 3850795880",
        "tipo": "interseccion",
        "accesible": true
      }
    },
    {
      "type": "Feature",
      "geometry": {
        "type": "Point",
        "coordinates": [
          -74.0556972,
          4.6551831
        ]
      },
      "properties": {
        "id": "3861884463",
        "nombre": "Nodo 3861884463",
        "tipo": "interseccion",
        "accesible": true
      }
    },
    {
      "type": "Feature",
      "geometry": {
        "type": "Point",
        "coordinates": [
          -74.0671501,
          4.6526906
        ]
      },
      "properties": {
        "id": "3874228622",
        "nombre": "Nodo 3874228622",
        "tipo": "interseccion",
        "accesible": true
      }
    },
    {
      "type": "Feature",
      "geometry": {
        "type": "Point",
        "coordinates": [
          -74.0600875,
          4.6680109
        ]
      },
      "properties": {
        "id": "3879238831",
        "nombre": "Nodo 3879238831",
        "tipo": "interseccion",
        "accesible": true
      }
    },
    {
      "type": "Feature",
      "geometry": {
        "type": "Point",
        "coordinates": [
          -74.0641666,
          4.6714518
        ]
      },
      "properties": {
        "id": "3883728819",
        "nombre": "Nodo 3883728819",
        "tipo": "interseccion",
        "accesible": true
      }
    },
    {
      "type": "Feature",
      "geometry": {
        "type": "Point",
        "coordinates": [
          -74.0612125,
          4.6667902
        ]
      },
      "properties": {
        "id": "3885544407",
        "nombre": "Nodo 3885544407",
        "tipo": "interseccion",
        "accesible": true
      }
    },
    {
      "type": "Feature",
      "geometry": {
        "type": "Point",
        "coordinates": [
          -74.0682187,
          4.666191
        ]
      },
      "properties": {
        "id": "3889577672",
        "nombre": "Nodo 3889577672",
        "tipo": "interseccion",
        "accesible": true
      }
    },
    {
      "type": "Feature",
      "geometry": {
        "type": "Point",
        "coordinates": [
          -74.0628161,
          4.6559806
        ]
      },
      "properties": {
        "id": "3894496011",
        "nombre": "Nodo 3894496011",
        "tipo": "interseccion",
        "accesible": true
      }
    },
    {
      "type": "Feature",
      "geometry": {
        "type": "Point",
        "coordinates": [
          -74.07057,
          4.6597257
        ]
      },
      "properties": {
        "id": "3896037446",
        "nombre": "Nodo 3896037446",
        "tipo": "interseccion",
        "accesible": true
      }
    },
    {
      "type": "Feature",
      "geometry": {
        "type": "Point",
        "coordinates": [
          -74.0706076,
          4.6597529
        ]
      },
      "properties": {
        "id": "3896037447",
        "nombre": "Nodo 3896037447",
        "tipo": "interseccion",
        "accesible": true
      }
    },
    {
      "type": "Feature",
      "geometry": {
        "type": "Point",
        "coordinates": [
          -74.0564492,
          4.6527407
        ]
      },
      "properties": {
        "id": "3938583880",
        "nombre": "Nodo 3938583880",
        "tipo": "interseccion",
        "accesible": true
      }
    },
    {
      "type": "Feature",
      "geometry": {
        "type": "Point",
        "coordinates": [
          -74.056729,
          4.652289
        ]
      },
      "properties": {
        "id": "3938583881",
        "nombre": "Nodo 3938583881",
        "tipo": "interseccion",
        "accesible": true
      }
    },
    {
      "type": "Feature",
      "geometry": {
        "type": "Point",
        "coordinates": [
          -74.0570412,
          4.6518171
        ]
      },
      "properties": {
        "id": "3938583883",
        "nombre": "Nodo 3938583883",
        "tipo": "interseccion",
        "accesible": true
      }
    },
    {
      "type": "Feature",
      "geometry": {
        "type": "Point",
        "coordinates": [
          -74.0576014,
          4.6511712
        ]
      },
      "properties": {
        "id": "3938583884",
        "nombre": "Nodo 3938583884",
        "tipo": "interseccion",
        "accesible": true
      }
    },
    {
      "type": "Feature",
      "geometry": {
        "type": "Point",
        "coordinates": [
          -74.0559019,
          4.6536164
        ]
      },
      "properties": {
        "id": "3938622448",
        "nombre": "Nodo 3938622448",
        "tipo": "interseccion",
        "accesible": true
      }
    },
    {
      "type": "Feature",
      "geometry": {
        "type": "Point",
        "coordinates": [
          -74.0493007,
          4.6586501
        ]
      },
      "properties": {
        "id": "4076489300",
        "nombre": "Nodo 4076489300",
        "tipo": "interseccion",
        "accesible": true
      }
    },
    {
      "type": "Feature",
      "geometry": {
        "type": "Point",
        "coordinates": [
          -74.0630084,
          4.6573746
        ]
      },
      "properties": {
        "id": "4147203407",
        "nombre": "Nodo 4147203407",
        "tipo": "interseccion",
        "accesible": true
      }
    },
    {
      "type": "Feature",
      "geometry": {
        "type": "Point",
        "coordinates": [
          -74.0635498,
          4.6686911
        ]
      },
      "properties": {
        "id": "4160411154",
        "nombre": "Nodo 4160411154",
        "tipo": "interseccion",
        "accesible": true
      }
    },
    {
      "type": "Feature",
      "geometry": {
        "type": "Point",
        "coordinates": [
          -74.0683725,
          4.6538915
        ]
      },
      "properties": {
        "id": "5102158168",
        "nombre": "Nodo 5102158168",
        "tipo": "interseccion",
        "accesible": true
      }
    },
    {
      "type": "Feature",
      "geometry": {
        "type": "Point",
        "coordinates": [
          -74.0564813,
          4.6526865
        ]
      },
      "properties": {
        "id": "5105816008",
        "nombre": "Nodo 5105816008",
        "tipo": "interseccion",
        "accesible": true
      }
    },
    {
      "type": "Feature",
      "geometry": {
        "type": "Point",
        "coordinates": [
          -74.056593,
          4.6527571
        ]
      },
      "properties": {
        "id": "5105816016",
        "nombre": "Nodo 5105816016",
        "tipo": "interseccion",
        "accesible": true
      }
    },
    {
      "type": "Feature",
      "geometry": {
        "type": "Point",
        "coordinates": [
          -74.0532172,
          4.6531633
        ]
      },
      "properties": {
        "id": "5105853686",
        "nombre": "Nodo 5105853686",
        "tipo": "interseccion",
        "accesible": true
      }
    },
    {
      "type": "Feature",
      "geometry": {
        "type": "Point",
        "coordinates": [
          -74.0518268,
          4.6523992
        ]
      },
      "properties": {
        "id": "5106063296",
        "nombre": "Nodo 5106063296",
        "tipo": "interseccion",
        "accesible": true
      }
    },
    {
      "type": "Feature",
      "geometry": {
        "type": "Point",
        "coordinates": [
          -74.0607577,
          4.6529055
        ]
      },
      "properties": {
        "id": "5106175952",
        "nombre": "Nodo 5106175952",
        "tipo": "interseccion",
        "accesible": true
      }
    },
    {
      "type": "Feature",
      "geometry": {
        "type": "Point",
        "coordinates": [
          -74.0701491,
          4.6594212
        ]
      },
      "properties": {
        "id": "5106387334",
        "nombre": "Nodo 5106387334",
        "tipo": "interseccion",
        "accesible": true
      }
    },
    {
      "type": "Feature",
      "geometry": {
        "type": "Point",
        "coordinates": [
          -74.0652828,
          4.6607772
        ]
      },
      "properties": {
        "id": "5106387352",
        "nombre": "Nodo 5106387352",
        "tipo": "interseccion",
        "accesible": true
      }
    },
    {
      "type": "Feature",
      "geometry": {
        "type": "Point",
        "coordinates": [
          -74.0635855,
          4.6683919
        ]
      },
      "properties": {
        "id": "5108100509",
        "nombre": "Nodo 5108100509",
        "tipo": "interseccion",
        "accesible": true
      }
    },
    {
      "type": "Feature",
      "geometry": {
        "type": "Point",
        "coordinates": [
          -74.061066,
          4.6662602
        ]
      },
      "properties": {
        "id": "5108556092",
        "nombre": "Nodo 5108556092",
        "tipo": "interseccion",
        "accesible": true
      }
    },
    {
      "type": "Feature",
      "geometry": {
        "type": "Point",
        "coordinates": [
          -74.0617883,
          4.6668223
        ]
      },
      "properties": {
        "id": "5108556106",
        "nombre": "Nodo 5108556106",
        "tipo": "interseccion",
        "accesible": true
      }
    },
    {
      "type": "Feature",
      "geometry": {
        "type": "Point",
        "coordinates": [
          -74.0636927,
          4.6696067
        ]
      },
      "properties": {
        "id": "5108574984",
        "nombre": "Nodo 5108574984",
        "tipo": "interseccion",
        "accesible": true
      }
    },
    {
      "type": "Feature",
      "geometry": {
        "type": "Point",
        "coordinates": [
          -74.0606782,
          4.6648956
        ]
      },
      "properties": {
        "id": "5113324352",
        "nombre": "Nodo 5113324352",
        "tipo": "interseccion",
        "accesible": true
      }
    },
    {
      "type": "Feature",
      "geometry": {
        "type": "Point",
        "coordinates": [
          -74.0600374,
          4.6682542
        ]
      },
      "properties": {
        "id": "5113324383",
        "nombre": "Nodo 5113324383",
        "tipo": "interseccion",
        "accesible": true
      }
    },
    {
      "type": "Feature",
      "geometry": {
        "type": "Point",
        "coordinates": [
          -74.0508796,
          4.6701303
        ]
      },
      "properties": {
        "id": "5113425921",
        "nombre": "Nodo 5113425921",
        "tipo": "interseccion",
        "accesible": true
      }
    },
    {
      "type": "Feature",
      "geometry": {
        "type": "Point",
        "coordinates": [
          -74.0505584,
          4.67075
        ]
      },
      "properties": {
        "id": "5113425931",
        "nombre": "Nodo 5113425931",
        "tipo": "interseccion",
        "accesible": true
      }
    },
    {
      "type": "Feature",
      "geometry": {
        "type": "Point",
        "coordinates": [
          -74.0528372,
          4.6704181
        ]
      },
      "properties": {
        "id": "5113425991",
        "nombre": "Nodo 5113425991",
        "tipo": "interseccion",
        "accesible": true
      }
    },
    {
      "type": "Feature",
      "geometry": {
        "type": "Point",
        "coordinates": [
          -74.0700978,
          4.6710474
        ]
      },
      "properties": {
        "id": "5113654924",
        "nombre": "Nodo 5113654924",
        "tipo": "interseccion",
        "accesible": true
      }
    },
    {
      "type": "Feature",
      "geometry": {
        "type": "Point",
        "coordinates": [
          -74.0646508,
          4.657518
        ]
      },
      "properties": {
        "id": "5113798176",
        "nombre": "Nodo 5113798176",
        "tipo": "interseccion",
        "accesible": true
      }
    },
    {
      "type": "Feature",
      "geometry": {
        "type": "Point",
        "coordinates": [
          -74.0502643,
          4.6671686
        ]
      },
      "properties": {
        "id": "5133139632",
        "nombre": "Nodo 5133139632",
        "tipo": "interseccion",
        "accesible": true
      }
    },
    {
      "type": "Feature",
      "geometry": {
        "type": "Point",
        "coordinates": [
          -74.0595379,
          4.654747
        ]
      },
      "properties": {
        "id": "5133179558",
        "nombre": "Nodo 5133179558",
        "tipo": "interseccion",
        "accesible": true
      }
    },
    {
      "type": "Feature",
      "geometry": {
        "type": "Point",
        "coordinates": [
          -74.0648855,
          4.6576383
        ]
      },
      "properties": {
        "id": "5143754204",
        "nombre": "Nodo 5143754204",
        "tipo": "interseccion",
        "accesible": true
      }
    },
    {
      "type": "Feature",
      "geometry": {
        "type": "Point",
        "coordinates": [
          -74.0652659,
          4.6613466
        ]
      },
      "properties": {
        "id": "5145689454",
        "nombre": "Nodo 5145689454",
        "tipo": "interseccion",
        "accesible": true
      }
    },
    {
      "type": "Feature",
      "geometry": {
        "type": "Point",
        "coordinates": [
          -74.0667307,
          4.6637696
        ]
      },
      "properties": {
        "id": "5146342123",
        "nombre": "Nodo 5146342123",
        "tipo": "interseccion",
        "accesible": true
      }
    },
    {
      "type": "Feature",
      "geometry": {
        "type": "Point",
        "coordinates": [
          -74.0666309,
          4.6637024
        ]
      },
      "properties": {
        "id": "5146342124",
        "nombre": "Nodo 5146342124",
        "tipo": "interseccion",
        "accesible": true
      }
    },
    {
      "type": "Feature",
      "geometry": {
        "type": "Point",
        "coordinates": [
          -74.0621475,
          4.6511817
        ]
      },
      "properties": {
        "id": "5218821394",
        "nombre": "Nodo 5218821394",
        "tipo": "interseccion",
        "accesible": true
      }
    },
    {
      "type": "Feature",
      "geometry": {
        "type": "Point",
        "coordinates": [
          -74.0555173,
          4.6545927
        ]
      },
      "properties": {
        "id": "5385019319",
        "nombre": "Nodo 5385019319",
        "tipo": "interseccion",
        "accesible": true
      }
    },
    {
      "type": "Feature",
      "geometry": {
        "type": "Point",
        "coordinates": [
          -74.0651138,
          4.6606605
        ]
      },
      "properties": {
        "id": "5449073430",
        "nombre": "Nodo 5449073430",
        "tipo": "interseccion",
        "accesible": true
      }
    },
    {
      "type": "Feature",
      "geometry": {
        "type": "Point",
        "coordinates": [
          -74.0639267,
          4.6680827
        ]
      },
      "properties": {
        "id": "5539186912",
        "nombre": "Nodo 5539186912",
        "tipo": "interseccion",
        "accesible": true
      }
    },
    {
      "type": "Feature",
      "geometry": {
        "type": "Point",
        "coordinates": [
          -74.0633298,
          4.6703263
        ]
      },
      "properties": {
        "id": "5539187633",
        "nombre": "Nodo 5539187633",
        "tipo": "interseccion",
        "accesible": true
      }
    },
    {
      "type": "Feature",
      "geometry": {
        "type": "Point",
        "coordinates": [
          -74.0632634,
          4.6707645
        ]
      },
      "properties": {
        "id": "5539187636",
        "nombre": "Nodo 5539187636",
        "tipo": "interseccion",
        "accesible": true
      }
    },
    {
      "type": "Feature",
      "geometry": {
        "type": "Point",
        "coordinates": [
          -74.0510574,
          4.6593036
        ]
      },
      "properties": {
        "id": "5592759375",
        "nombre": "Nodo 5592759375",
        "tipo": "interseccion",
        "accesible": true
      }
    },
    {
      "type": "Feature",
      "geometry": {
        "type": "Point",
        "coordinates": [
          -74.055228,
          4.6554138
        ]
      },
      "properties": {
        "id": "5686336975",
        "nombre": "Nodo 5686336975",
        "tipo": "interseccion",
        "accesible": true
      }
    },
    {
      "type": "Feature",
      "geometry": {
        "type": "Point",
        "coordinates": [
          -74.0553894,
          4.6545253
        ]
      },
      "properties": {
        "id": "5686336987",
        "nombre": "Nodo 5686336987",
        "tipo": "interseccion",
        "accesible": true
      }
    },
    {
      "type": "Feature",
      "geometry": {
        "type": "Point",
        "coordinates": [
          -74.0550991,
          4.6546888
        ]
      },
      "properties": {
        "id": "5686336993",
        "nombre": "Nodo 5686336993",
        "tipo": "interseccion",
        "accesible": true
      }
    },
    {
      "type": "Feature",
      "geometry": {
        "type": "Point",
        "coordinates": [
          -74.0552258,
          4.6550526
        ]
      },
      "properties": {
        "id": "5686336996",
        "nombre": "Nodo 5686336996",
        "tipo": "interseccion",
        "accesible": true
      }
    },
    {
      "type": "Feature",
      "geometry": {
        "type": "Point",
        "coordinates": [
          -74.0599363,
          4.6666031
        ]
      },
      "properties": {
        "id": "5709996738",
        "nombre": "Nodo 5709996738",
        "tipo": "interseccion",
        "accesible": true
      }
    },
    {
      "type": "Feature",
      "geometry": {
        "type": "Point",
        "coordinates": [
          -74.0621074,
          4.6678807
        ]
      },
      "properties": {
        "id": "5719108257",
        "nombre": "Nodo 5719108257",
        "tipo": "interseccion",
        "accesible": true
      }
    },
    {
      "type": "Feature",
      "geometry": {
        "type": "Point",
        "coordinates": [
          -74.0601931,
          4.6711978
        ]
      },
      "properties": {
        "id": "5719108277",
        "nombre": "Nodo 5719108277",
        "tipo": "interseccion",
        "accesible": true
      }
    },
    {
      "type": "Feature",
      "geometry": {
        "type": "Point",
        "coordinates": [
          -74.0629722,
          4.6634301
        ]
      },
      "properties": {
        "id": "5719114304",
        "nombre": "Nodo 5719114304",
        "tipo": "interseccion",
        "accesible": true
      }
    },
    {
      "type": "Feature",
      "geometry": {
        "type": "Point",
        "coordinates": [
          -74.0629699,
          4.6633616
        ]
      },
      "properties": {
        "id": "5719114305",
        "nombre": "Nodo 5719114305",
        "tipo": "interseccion",
        "accesible": true
      }
    },
    {
      "type": "Feature",
      "geometry": {
        "type": "Point",
        "coordinates": [
          -74.0529779,
          4.6704384
        ]
      },
      "properties": {
        "id": "6064115403",
        "nombre": "Nodo 6064115403",
        "tipo": "interseccion",
        "accesible": true
      }
    },
    {
      "type": "Feature",
      "geometry": {
        "type": "Point",
        "coordinates": [
          -74.0642838,
          4.654038
        ]
      },
      "properties": {
        "id": "6150242491",
        "nombre": "Nodo 6150242491",
        "tipo": "interseccion",
        "accesible": true
      }
    },
    {
      "type": "Feature",
      "geometry": {
        "type": "Point",
        "coordinates": [
          -74.0539192,
          4.6664838
        ]
      },
      "properties": {
        "id": "6366922438",
        "nombre": "Nodo 6366922438",
        "tipo": "interseccion",
        "accesible": true
      }
    },
    {
      "type": "Feature",
      "geometry": {
        "type": "Point",
        "coordinates": [
          -74.0540098,
          4.6663617
        ]
      },
      "properties": {
        "id": "6366922443",
        "nombre": "Nodo 6366922443",
        "tipo": "interseccion",
        "accesible": true
      }
    },
    {
      "type": "Feature",
      "geometry": {
        "type": "Point",
        "coordinates": [
          -74.0666612,
          4.6723138
        ]
      },
      "properties": {
        "id": "6906306853",
        "nombre": "Nodo 6906306853",
        "tipo": "interseccion",
        "accesible": true
      }
    },
    {
      "type": "Feature",
      "geometry": {
        "type": "Point",
        "coordinates": [
          -74.0607561,
          4.6563054
        ]
      },
      "properties": {
        "id": "7596046159",
        "nombre": "Nodo 7596046159",
        "tipo": "interseccion",
        "accesible": true
      }
    },
    {
      "type": "Feature",
      "geometry": {
        "type": "Point",
        "coordinates": [
          -74.0632256,
          4.6565337
        ]
      },
      "properties": {
        "id": "7596046161",
        "nombre": "Nodo 7596046161",
        "tipo": "interseccion",
        "accesible": true
      }
    },
    {
      "type": "Feature",
      "geometry": {
        "type": "Point",
        "coordinates": [
          -74.065703,
          4.6546174
        ]
      },
      "properties": {
        "id": "7596155969",
        "nombre": "Nodo 7596155969",
        "tipo": "interseccion",
        "accesible": true
      }
    },
    {
      "type": "Feature",
      "geometry": {
        "type": "Point",
        "coordinates": [
          -74.069787,
          4.6556237
        ]
      },
      "properties": {
        "id": "7603122596",
        "nombre": "Nodo 7603122596",
        "tipo": "interseccion",
        "accesible": true
      }
    },
    {
      "type": "Feature",
      "geometry": {
        "type": "Point",
        "coordinates": [
          -74.063127,
          4.6684816
        ]
      },
      "properties": {
        "id": "7732802571",
        "nombre": "Nodo 7732802571",
        "tipo": "interseccion",
        "accesible": true
      }
    },
    {
      "type": "Feature",
      "geometry": {
        "type": "Point",
        "coordinates": [
          -74.0597846,
          4.6517186
        ]
      },
      "properties": {
        "id": "7805131244",
        "nombre": "Nodo 7805131244",
        "tipo": "interseccion",
        "accesible": true
      }
    },
    {
      "type": "Feature",
      "geometry": {
        "type": "Point",
        "coordinates": [
          -74.0637392,
          4.6542523
        ]
      },
      "properties": {
        "id": "7814108392",
        "nombre": "Nodo 7814108392",
        "tipo": "interseccion",
        "accesible": true
      }
    },
    {
      "type": "Feature",
      "geometry": {
        "type": "Point",
        "coordinates": [
          -74.0649274,
          4.6665642
        ]
      },
      "properties": {
        "id": "7989820878",
        "nombre": "Nodo 7989820878",
        "tipo": "interseccion",
        "accesible": true
      }
    },
    {
      "type": "Feature",
      "geometry": {
        "type": "Point",
        "coordinates": [
          -74.0652109,
          4.6616573
        ]
      },
      "properties": {
        "id": "7989874516",
        "nombre": "Nodo 7989874516",
        "tipo": "interseccion",
        "accesible": true
      }
    },
    {
      "type": "Feature",
      "geometry": {
        "type": "Point",
        "coordinates": [
          -74.0664801,
          4.6625369
        ]
      },
      "properties": {
        "id": "7989874524",
        "nombre": "Nodo 7989874524",
        "tipo": "interseccion",
        "accesible": true
      }
    },
    {
      "type": "Feature",
      "geometry": {
        "type": "Point",
        "coordinates": [
          -74.0635664,
          4.6633236
        ]
      },
      "properties": {
        "id": "7989874536",
        "nombre": "Nodo 7989874536",
        "tipo": "interseccion",
        "accesible": true
      }
    },
    {
      "type": "Feature",
      "geometry": {
        "type": "Point",
        "coordinates": [
          -74.0560812,
          4.6535591
        ]
      },
      "properties": {
        "id": "7989874563",
        "nombre": "Nodo 7989874563",
        "tipo": "interseccion",
        "accesible": true
      }
    },
    {
      "type": "Feature",
      "geometry": {
        "type": "Point",
        "coordinates": [
          -74.0576254,
          4.6565347
        ]
      },
      "properties": {
        "id": "7989874568",
        "nombre": "Nodo 7989874568",
        "tipo": "interseccion",
        "accesible": true
      }
    },
    {
      "type": "Feature",
      "geometry": {
        "type": "Point",
        "coordinates": [
          -74.0576605,
          4.6563344
        ]
      },
      "properties": {
        "id": "7989874572",
        "nombre": "Nodo 7989874572",
        "tipo": "interseccion",
        "accesible": true
      }
    },
    {
      "type": "Feature",
      "geometry": {
        "type": "Point",
        "coordinates": [
          -74.0537768,
          4.6531123
        ]
      },
      "properties": {
        "id": "7989874580",
        "nombre": "Nodo 7989874580",
        "tipo": "interseccion",
        "accesible": true
      }
    },
    {
      "type": "Feature",
      "geometry": {
        "type": "Point",
        "coordinates": [
          -74.0551512,
          4.6546068
        ]
      },
      "properties": {
        "id": "7989874583",
        "nombre": "Nodo 7989874583",
        "tipo": "interseccion",
        "accesible": true
      }
    },
    {
      "type": "Feature",
      "geometry": {
        "type": "Point",
        "coordinates": [
          -74.053135,
          4.6533075
        ]
      },
      "properties": {
        "id": "7989874617",
        "nombre": "Nodo 7989874617",
        "tipo": "interseccion",
        "accesible": true
      }
    },
    {
      "type": "Feature",
      "geometry": {
        "type": "Point",
        "coordinates": [
          -74.0530253,
          4.6530764
        ]
      },
      "properties": {
        "id": "7989874619",
        "nombre": "Nodo 7989874619",
        "tipo": "interseccion",
        "accesible": true
      }
    },
    {
      "type": "Feature",
      "geometry": {
        "type": "Point",
        "coordinates": [
          -74.0522328,
          4.6593446
        ]
      },
      "properties": {
        "id": "7989874686",
        "nombre": "Nodo 7989874686",
        "tipo": "interseccion",
        "accesible": true
      }
    },
    {
      "type": "Feature",
      "geometry": {
        "type": "Point",
        "coordinates": [
          -74.0505054,
          4.6581826
        ]
      },
      "properties": {
        "id": "7989874704",
        "nombre": "Nodo 7989874704",
        "tipo": "interseccion",
        "accesible": true
      }
    },
    {
      "type": "Feature",
      "geometry": {
        "type": "Point",
        "coordinates": [
          -74.0504851,
          4.6649563
        ]
      },
      "properties": {
        "id": "7989874740",
        "nombre": "Nodo 7989874740",
        "tipo": "interseccion",
        "accesible": true
      }
    },
    {
      "type": "Feature",
      "geometry": {
        "type": "Point",
        "coordinates": [
          -74.0505793,
          4.6651966
        ]
      },
      "properties": {
        "id": "7989874750",
        "nombre": "Nodo 7989874750",
        "tipo": "interseccion",
        "accesible": true
      }
    },
    {
      "type": "Feature",
      "geometry": {
        "type": "Point",
        "coordinates": [
          -74.0578584,
          4.6635168
        ]
      },
      "properties": {
        "id": "7989948688",
        "nombre": "Nodo 7989948688",
        "tipo": "interseccion",
        "accesible": true
      }
    },
    {
      "type": "Feature",
      "geometry": {
        "type": "Point",
        "coordinates": [
          -74.0627373,
          4.6684506
        ]
      },
      "properties": {
        "id": "7989981699",
        "nombre": "Nodo 7989981699",
        "tipo": "interseccion",
        "accesible": true
      }
    },
    {
      "type": "Feature",
      "geometry": {
        "type": "Point",
        "coordinates": [
          -74.0508537,
          4.6700427
        ]
      },
      "properties": {
        "id": "7990039788",
        "nombre": "Nodo 7990039788",
        "tipo": "interseccion",
        "accesible": true
      }
    },
    {
      "type": "Feature",
      "geometry": {
        "type": "Point",
        "coordinates": [
          -74.0508094,
          4.6701118
        ]
      },
      "properties": {
        "id": "7990039802",
        "nombre": "Nodo 7990039802",
        "tipo": "interseccion",
        "accesible": true
      }
    },
    {
      "type": "Feature",
      "geometry": {
        "type": "Point",
        "coordinates": [
          -74.0504956,
          4.6707182
        ]
      },
      "properties": {
        "id": "7990039809",
        "nombre": "Nodo 7990039809",
        "tipo": "interseccion",
        "accesible": true
      }
    },
    {
      "type": "Feature",
      "geometry": {
        "type": "Point",
        "coordinates": [
          -74.0593737,
          4.6719878
        ]
      },
      "properties": {
        "id": "7990226352",
        "nombre": "Nodo 7990226352",
        "tipo": "interseccion",
        "accesible": true
      }
    },
    {
      "type": "Feature",
      "geometry": {
        "type": "Point",
        "coordinates": [
          -74.0562438,
          4.6695842
        ]
      },
      "properties": {
        "id": "7990226357",
        "nombre": "Nodo 7990226357",
        "tipo": "interseccion",
        "accesible": true
      }
    },
    {
      "type": "Feature",
      "geometry": {
        "type": "Point",
        "coordinates": [
          -74.0631465,
          4.6516944
        ]
      },
      "properties": {
        "id": "7995798066",
        "nombre": "Nodo 7995798066",
        "tipo": "interseccion",
        "accesible": true
      }
    },
    {
      "type": "Feature",
      "geometry": {
        "type": "Point",
        "coordinates": [
          -74.063737,
          4.6530087
        ]
      },
      "properties": {
        "id": "7997515501",
        "nombre": "Nodo 7997515501",
        "tipo": "interseccion",
        "accesible": true
      }
    },
    {
      "type": "Feature",
      "geometry": {
        "type": "Point",
        "coordinates": [
          -74.0636051,
          4.6690762
        ]
      },
      "properties": {
        "id": "8169413607",
        "nombre": "Nodo 8169413607",
        "tipo": "interseccion",
        "accesible": true
      }
    },
    {
      "type": "Feature",
      "geometry": {
        "type": "Point",
        "coordinates": [
          -74.0706697,
          4.6573484
        ]
      },
      "properties": {
        "id": "8476011673",
        "nombre": "Nodo 8476011673",
        "tipo": "interseccion",
        "accesible": true
      }
    },
    {
      "type": "Feature",
      "geometry": {
        "type": "Point",
        "coordinates": [
          -74.0641155,
          4.653183
        ]
      },
      "properties": {
        "id": "9307517363",
        "nombre": "Nodo 9307517363",
        "tipo": "interseccion",
        "accesible": true
      }
    },
    {
      "type": "Feature",
      "geometry": {
        "type": "Point",
        "coordinates": [
          -74.0508746,
          4.6701323
        ]
      },
      "properties": {
        "id": "9322208681",
        "nombre": "Nodo 9322208681",
        "tipo": "interseccion",
        "accesible": true
      }
    },
    {
      "type": "Feature",
      "geometry": {
        "type": "Point",
        "coordinates": [
          -74.0554347,
          4.6512623
        ]
      },
      "properties": {
        "id": "9324820999",
        "nombre": "Nodo 9324820999",
        "tipo": "interseccion",
        "accesible": true
      }
    },
    {
      "type": "Feature",
      "geometry": {
        "type": "Point",
        "coordinates": [
          -74.0532421,
          4.6638498
        ]
      },
      "properties": {
        "id": "9368025350",
        "nombre": "Nodo 9368025350",
        "tipo": "interseccion",
        "accesible": true
      }
    },
    {
      "type": "Feature",
      "geometry": {
        "type": "Point",
        "coordinates": [
          -74.0527795,
          4.6646356
        ]
      },
      "properties": {
        "id": "9368025351",
        "nombre": "Nodo 9368025351",
        "tipo": "interseccion",
        "accesible": true
      }
    },
    {
      "type": "Feature",
      "geometry": {
        "type": "Point",
        "coordinates": [
          -74.0616684,
          4.6698338
        ]
      },
      "properties": {
        "id": "9377155921",
        "nombre": "Nodo 9377155921",
        "tipo": "interseccion",
        "accesible": true
      }
    },
    {
      "type": "Feature",
      "geometry": {
        "type": "Point",
        "coordinates": [
          -74.0617919,
          4.6688816
        ]
      },
      "properties": {
        "id": "9377158425",
        "nombre": "Nodo 9377158425",
        "tipo": "interseccion",
        "accesible": true
      }
    },
    {
      "type": "Feature",
      "geometry": {
        "type": "Point",
        "coordinates": [
          -74.0692465,
          4.6682491
        ]
      },
      "properties": {
        "id": "9406951351",
        "nombre": "Nodo 9406951351",
        "tipo": "interseccion",
        "accesible": true
      }
    },
    {
      "type": "Feature",
      "geometry": {
        "type": "Point",
        "coordinates": [
          -74.0672704,
          4.6655809
        ]
      },
      "properties": {
        "id": "9406985991",
        "nombre": "Nodo 9406985991",
        "tipo": "interseccion",
        "accesible": true
      }
    },
    {
      "type": "Feature",
      "geometry": {
        "type": "Point",
        "coordinates": [
          -74.0568965,
          4.6530459
        ]
      },
      "properties": {
        "id": "9412503578",
        "nombre": "Nodo 9412503578",
        "tipo": "interseccion",
        "accesible": true
      }
    },
    {
      "type": "Feature",
      "geometry": {
        "type": "Point",
        "coordinates": [
          -74.0569349,
          4.6529745
        ]
      },
      "properties": {
        "id": "9412503579",
        "nombre": "Nodo 9412503579",
        "tipo": "interseccion",
        "accesible": true
      }
    },
    {
      "type": "Feature",
      "geometry": {
        "type": "Point",
        "coordinates": [
          -74.0569987,
          4.6531109
        ]
      },
      "properties": {
        "id": "9412503580",
        "nombre": "Nodo 9412503580",
        "tipo": "interseccion",
        "accesible": true
      }
    },
    {
      "type": "Feature",
      "geometry": {
        "type": "Point",
        "coordinates": [
          -74.0570417,
          4.6530427
        ]
      },
      "properties": {
        "id": "9412503581",
        "nombre": "Nodo 9412503581",
        "tipo": "interseccion",
        "accesible": true
      }
    },
    {
      "type": "Feature",
      "geometry": {
        "type": "Point",
        "coordinates": [
          -74.0575646,
          4.6534569
        ]
      },
      "properties": {
        "id": "9412503582",
        "nombre": "Nodo 9412503582",
        "tipo": "interseccion",
        "accesible": true
      }
    },
    {
      "type": "Feature",
      "geometry": {
        "type": "Point",
        "coordinates": [
          -74.0576038,
          4.6533838
        ]
      },
      "properties": {
        "id": "9412503583",
        "nombre": "Nodo 9412503583",
        "tipo": "interseccion",
        "accesible": true
      }
    },
    {
      "type": "Feature",
      "geometry": {
        "type": "Point",
        "coordinates": [
          -74.0581142,
          4.6537869
        ]
      },
      "properties": {
        "id": "9412503584",
        "nombre": "Nodo 9412503584",
        "tipo": "interseccion",
        "accesible": true
      }
    },
    {
      "type": "Feature",
      "geometry": {
        "type": "Point",
        "coordinates": [
          -74.0581633,
          4.6537002
        ]
      },
      "properties": {
        "id": "9412503585",
        "nombre": "Nodo 9412503585",
        "tipo": "interseccion",
        "accesible": true
      }
    },
    {
      "type": "Feature",
      "geometry": {
        "type": "Point",
        "coordinates": [
          -74.0590034,
          4.6541994
        ]
      },
      "properties": {
        "id": "9412503586",
        "nombre": "Nodo 9412503586",
        "tipo": "interseccion",
        "accesible": true
      }
    },
    {
      "type": "Feature",
      "geometry": {
        "type": "Point",
        "coordinates": [
          -74.0589593,
          4.6542804
        ]
      },
      "properties": {
        "id": "9412503587",
        "nombre": "Nodo 9412503587",
        "tipo": "interseccion",
        "accesible": true
      }
    },
    {
      "type": "Feature",
      "geometry": {
        "type": "Point",
        "coordinates": [
          -74.0587252,
          4.6540289
        ]
      },
      "properties": {
        "id": "9412503588",
        "nombre": "Nodo 9412503588",
        "tipo": "interseccion",
        "accesible": true
      }
    },
    {
      "type": "Feature",
      "geometry": {
        "type": "Point",
        "coordinates": [
          -74.0586724,
          4.6541146
        ]
      },
      "properties": {
        "id": "9412503589",
        "nombre": "Nodo 9412503589",
        "tipo": "interseccion",
        "accesible": true
      }
    },
    {
      "type": "Feature",
      "geometry": {
        "type": "Point",
        "coordinates": [
          -74.0593162,
          4.6543912
        ]
      },
      "properties": {
        "id": "9412503590",
        "nombre": "Nodo 9412503590",
        "tipo": "interseccion",
        "accesible": true
      }
    },
    {
      "type": "Feature",
      "geometry": {
        "type": "Point",
        "coordinates": [
          -74.0592738,
          4.654462
        ]
      },
      "properties": {
        "id": "9412503591",
        "nombre": "Nodo 9412503591",
        "tipo": "interseccion",
        "accesible": true
      }
    },
    {
      "type": "Feature",
      "geometry": {
        "type": "Point",
        "coordinates": [
          -74.0505421,
          4.6706329
        ]
      },
      "properties": {
        "id": "9414750705",
        "nombre": "Nodo 9414750705",
        "tipo": "interseccion",
        "accesible": true
      }
    },
    {
      "type": "Feature",
      "geometry": {
        "type": "Point",
        "coordinates": [
          -74.0528572,
          4.6517827
        ]
      },
      "properties": {
        "id": "9424519349",
        "nombre": "Nodo 9424519349",
        "tipo": "interseccion",
        "accesible": true
      }
    },
    {
      "type": "Feature",
      "geometry": {
        "type": "Point",
        "coordinates": [
          -74.0534377,
          4.6526199
        ]
      },
      "properties": {
        "id": "9424519356",
        "nombre": "Nodo 9424519356",
        "tipo": "interseccion",
        "accesible": true
      }
    },
    {
      "type": "Feature",
      "geometry": {
        "type": "Point",
        "coordinates": [
          -74.058091,
          4.6715153
        ]
      },
      "properties": {
        "id": "9644335932",
        "nombre": "Nodo 9644335932",
        "tipo": "interseccion",
        "accesible": true
      }
    },
    {
      "type": "Feature",
      "geometry": {
        "type": "Point",
        "coordinates": [
          -74.067627,
          4.6633561
        ]
      },
      "properties": {
        "id": "9661162217",
        "nombre": "Nodo 9661162217",
        "tipo": "interseccion",
        "accesible": true
      }
    },
    {
      "type": "Feature",
      "geometry": {
        "type": "Point",
        "coordinates": [
          -74.0612042,
          4.6652882
        ]
      },
      "properties": {
        "id": "9831770472",
        "nombre": "Nodo 9831770472",
        "tipo": "interseccion",
        "accesible": true
      }
    },
    {
      "type": "Feature",
      "geometry": {
        "type": "Point",
        "coordinates": [
          -74.0593042,
          4.6563931
        ]
      },
      "properties": {
        "id": "9905016911",
        "nombre": "Nodo 9905016911",
        "tipo": "interseccion",
        "accesible": true
      }
    },
    {
      "type": "Feature",
      "geometry": {
        "type": "Point",
        "coordinates": [
          -74.0604669,
          4.6582549
        ]
      },
      "properties": {
        "id": "10062516860",
        "nombre": "Nodo 10062516860",
        "tipo": "interseccion",
        "accesible": true
      }
    },
    {
      "type": "Feature",
      "geometry": {
        "type": "Point",
        "coordinates": [
          -74.0603627,
          4.658413
        ]
      },
      "properties": {
        "id": "10062516861",
        "nombre": "Nodo 10062516861",
        "tipo": "interseccion",
        "accesible": true
      }
    },
    {
      "type": "Feature",
      "geometry": {
        "type": "Point",
        "coordinates": [
          -74.0648254,
          4.6667127
        ]
      },
      "properties": {
        "id": "11599890959",
        "nombre": "Nodo 11599890959",
        "tipo": "interseccion",
        "accesible": true
      }
    },
    {
      "type": "Feature",
      "geometry": {
        "type": "Point",
        "coordinates": [
          -74.062503,
          4.6555844
        ]
      },
      "properties": {
        "id": "12093836766",
        "nombre": "Nodo 12093836766",
        "tipo": "interseccion",
        "accesible": true
      }
    },
    {
      "type": "Feature",
      "geometry": {
        "type": "Point",
        "coordinates": [
          -74.0620518,
          4.6596697
        ]
      },
      "properties": {
        "id": "12212788305",
        "nombre": "Nodo 12212788305",
        "tipo": "interseccion",
        "accesible": true
      }
    },
    {
      "type": "Feature",
      "geometry": {
        "type": "Point",
        "coordinates": [
          -74.0623062,
          4.6605361
        ]
      },
      "properties": {
        "id": "12212788624",
        "nombre": "Nodo 12212788624",
        "tipo": "interseccion",
        "accesible": true
      }
    },
    {
      "type": "Feature",
      "geometry": {
        "type": "Point",
        "coordinates": [
          -74.0642516,
          4.6526751
        ]
      },
      "properties": {
        "id": "12222604070",
        "nombre": "Nodo 12222604070",
        "tipo": "interseccion",
        "accesible": true
      }
    },
    {
      "type": "Feature",
      "geometry": {
        "type": "Point",
        "coordinates": [
          -74.063888,
          4.6525934
        ]
      },
      "properties": {
        "id": "12222604090",
        "nombre": "Nodo 12222604090",
        "tipo": "interseccion",
        "accesible": true
      }
    },
    {
      "type": "Feature",
      "geometry": {
        "type": "Point",
        "coordinates": [
          -74.0639663,
          4.6520744
        ]
      },
      "properties": {
        "id": "12222604091",
        "nombre": "Nodo 12222604091",
        "tipo": "interseccion",
        "accesible": true
      }
    },
    {
      "type": "Feature",
      "geometry": {
        "type": "Point",
        "coordinates": [
          -74.0643677,
          4.652148
        ]
      },
      "properties": {
        "id": "12222604092",
        "nombre": "Nodo 12222604092",
        "tipo": "interseccion",
        "accesible": true
      }
    },
    {
      "type": "Feature",
      "geometry": {
        "type": "Point",
        "coordinates": [
          -74.0648926,
          4.6529156
        ]
      },
      "properties": {
        "id": "12285697975",
        "nombre": "Nodo 12285697975",
        "tipo": "interseccion",
        "accesible": true
      }
    },
    {
      "type": "Feature",
      "geometry": {
        "type": "Point",
        "coordinates": [
          -74.0619153,
          4.6578916
        ]
      },
      "properties": {
        "id": "12288332428",
        "nombre": "Nodo 12288332428",
        "tipo": "interseccion",
        "accesible": true
      }
    },
    {
      "type": "Feature",
      "geometry": {
        "type": "Point",
        "coordinates": [
          -74.0620376,
          4.657166
        ]
      },
      "properties": {
        "id": "12288332429",
        "nombre": "Nodo 12288332429",
        "tipo": "interseccion",
        "accesible": true
      }
    },
    {
      "type": "Feature",
      "geometry": {
        "type": "Point",
        "coordinates": [
          -74.0621506,
          4.6564844
        ]
      },
      "properties": {
        "id": "12288332430",
        "nombre": "Nodo 12288332430",
        "tipo": "interseccion",
        "accesible": true
      }
    },
    {
      "type": "Feature",
      "geometry": {
        "type": "Point",
        "coordinates": [
          -74.0621527,
          4.6589972
        ]
      },
      "properties": {
        "id": "12288332436",
        "nombre": "Nodo 12288332436",
        "tipo": "interseccion",
        "accesible": true
      }
    },
    {
      "type": "Feature",
      "geometry": {
        "type": "Point",
        "coordinates": [
          -74.0622459,
          4.6584058
        ]
      },
      "properties": {
        "id": "12288332441",
        "nombre": "Nodo 12288332441",
        "tipo": "interseccion",
        "accesible": true
      }
    },
    {
      "type": "Feature",
      "geometry": {
        "type": "Point",
        "coordinates": [
          -74.0624457,
          4.6572793
        ]
      },
      "properties": {
        "id": "12288332443",
        "nombre": "Nodo 12288332443",
        "tipo": "interseccion",
        "accesible": true
      }
    },
    {
      "type": "Feature",
      "geometry": {
        "type": "Point",
        "coordinates": [
          -74.0625841,
          4.6565741
        ]
      },
      "properties": {
        "id": "12288332444",
        "nombre": "Nodo 12288332444",
        "tipo": "interseccion",
        "accesible": true
      }
    },
    {
      "type": "Feature",
      "geometry": {
        "type": "Point",
        "coordinates": [
          -74.0630848,
          4.6723052
        ]
      },
      "properties": {
        "id": "12438940376",
        "nombre": "Nodo 12438940376",
        "tipo": "interseccion",
        "accesible": true
      }
    },
    {
      "type": "Feature",
      "geometry": {
        "type": "Point",
        "coordinates": [
          -74.0630129,
          4.6718331
        ]
      },
      "properties": {
        "id": "12438940386",
        "nombre": "Nodo 12438940386",
        "tipo": "interseccion",
        "accesible": true
      }
    },
    {
      "type": "Feature",
      "geometry": {
        "type": "Point",
        "coordinates": [
          -74.0651931,
          4.6710129
        ]
      },
      "properties": {
        "id": "12440876776",
        "nombre": "Nodo 12440876776",
        "tipo": "interseccion",
        "accesible": true
      }
    },
    {
      "type": "Feature",
      "geometry": {
        "type": "Point",
        "coordinates": [
          -74.0650448,
          4.6712721
        ]
      },
      "properties": {
        "id": "12440876779",
        "nombre": "Nodo 12440876779",
        "tipo": "interseccion",
        "accesible": true
      }
    },
    {
      "type": "Feature",
      "geometry": {
        "type": "Point",
        "coordinates": [
          -74.0615504,
          4.6592578
        ]
      },
      "properties": {
        "id": "12472064221",
        "nombre": "Nodo 12472064221",
        "tipo": "interseccion",
        "accesible": true
      }
    },
    {
      "type": "Feature",
      "geometry": {
        "type": "Point",
        "coordinates": [
          -74.0599401,
          4.6694987
        ]
      },
      "properties": {
        "id": "12483781990",
        "nombre": "Nodo 12483781990",
        "tipo": "interseccion",
        "accesible": true
      }
    },
    {
      "type": "Feature",
      "geometry": {
        "type": "Point",
        "coordinates": [
          -74.0597758,
          4.6694296
        ]
      },
      "properties": {
        "id": "12483781991",
        "nombre": "Nodo 12483781991",
        "tipo": "interseccion",
        "accesible": true
      }
    },
    {
      "type": "Feature",
      "geometry": {
        "type": "Point",
        "coordinates": [
          -74.0632103,
          4.6603837
        ]
      },
      "properties": {
        "id": "12496016276",
        "nombre": "Nodo 12496016276",
        "tipo": "interseccion",
        "accesible": true
      }
    },
    {
      "type": "Feature",
      "geometry": {
        "type": "Point",
        "coordinates": [
          -74.0670375,
          4.6630527
        ]
      },
      "properties": {
        "id": "12496016371",
        "nombre": "Nodo 12496016371",
        "tipo": "interseccion",
        "accesible": true
      }
    },
    {
      "type": "Feature",
      "geometry": {
        "type": "Point",
        "coordinates": [
          -74.0670956,
          4.6629634
        ]
      },
      "properties": {
        "id": "12496016372",
        "nombre": "Nodo 12496016372",
        "tipo": "interseccion",
        "accesible": true
      }
    },
    {
      "type": "Feature",
      "geometry": {
        "type": "Point",
        "coordinates": [
          -74.0671815,
          4.6630265
        ]
      },
      "properties": {
        "id": "12496016373",
        "nombre": "Nodo 12496016373",
        "tipo": "interseccion",
        "accesible": true
      }
    },
    {
      "type": "Feature",
      "geometry": {
        "type": "Point",
        "coordinates": [
          -74.0671239,
          4.6631172
        ]
      },
      "properties": {
        "id": "12496016374",
        "nombre": "Nodo 12496016374",
        "tipo": "interseccion",
        "accesible": true
      }
    },
    {
      "type": "Feature",
      "geometry": {
        "type": "Point",
        "coordinates": [
          -74.0646259,
          4.6613787
        ]
      },
      "properties": {
        "id": "12496016375",
        "nombre": "Nodo 12496016375",
        "tipo": "interseccion",
        "accesible": true
      }
    },
    {
      "type": "Feature",
      "geometry": {
        "type": "Point",
        "coordinates": [
          -74.0646845,
          4.6612925
        ]
      },
      "properties": {
        "id": "12496016376",
        "nombre": "Nodo 12496016376",
        "tipo": "interseccion",
        "accesible": true
      }
    },
    {
      "type": "Feature",
      "geometry": {
        "type": "Point",
        "coordinates": [
          -74.0639865,
          4.6608042
        ]
      },
      "properties": {
        "id": "12496016378",
        "nombre": "Nodo 12496016378",
        "tipo": "interseccion",
        "accesible": true
      }
    },
    {
      "type": "Feature",
      "geometry": {
        "type": "Point",
        "coordinates": [
          -74.0639314,
          4.6608961
        ]
      },
      "properties": {
        "id": "12496016379",
        "nombre": "Nodo 12496016379",
        "tipo": "interseccion",
        "accesible": true
      }
    },
    {
      "type": "Feature",
      "geometry": {
        "type": "Point",
        "coordinates": [
          -74.0596589,
          4.6594563
        ]
      },
      "properties": {
        "id": "12566330550",
        "nombre": "Nodo 12566330550",
        "tipo": "interseccion",
        "accesible": true
      }
    },
    {
      "type": "Feature",
      "geometry": {
        "type": "Point",
        "coordinates": [
          -74.059145,
          4.6601976
        ]
      },
      "properties": {
        "id": "12566330552",
        "nombre": "Nodo 12566330552",
        "tipo": "interseccion",
        "accesible": true
      }
    },
    {
      "type": "Feature",
      "geometry": {
        "type": "Point",
        "coordinates": [
          -74.0556031,
          4.6618102
        ]
      },
      "properties": {
        "id": "12577137934",
        "nombre": "Nodo 12577137934",
        "tipo": "interseccion",
        "accesible": true
      }
    },
    {
      "type": "Feature",
      "geometry": {
        "type": "Point",
        "coordinates": [
          -74.0578663,
          4.6620569
        ]
      },
      "properties": {
        "id": "12577137965",
        "nombre": "Nodo 12577137965",
        "tipo": "interseccion",
        "accesible": true
      }
    },
    {
      "type": "Feature",
      "geometry": {
        "type": "Point",
        "coordinates": [
          -74.056179,
          4.6609601
        ]
      },
      "properties": {
        "id": "12577137968",
        "nombre": "Nodo 12577137968",
        "tipo": "interseccion",
        "accesible": true
      }
    },
    {
      "type": "Feature",
      "geometry": {
        "type": "Point",
        "coordinates": [
          -74.0620787,
          4.6621981
        ]
      },
      "properties": {
        "id": "12594549131",
        "nombre": "Nodo 12594549131",
        "tipo": "interseccion",
        "accesible": true
      }
    },
    {
      "type": "Feature",
      "geometry": {
        "type": "Point",
        "coordinates": [
          -74.0628421,
          4.6626967
        ]
      },
      "properties": {
        "id": "12594549132",
        "nombre": "Nodo 12594549132",
        "tipo": "interseccion",
        "accesible": true
      }
    },
    {
      "type": "Feature",
      "geometry": {
        "type": "Point",
        "coordinates": [
          -74.0608572,
          4.6602728
        ]
      },
      "properties": {
        "id": "12595971095",
        "nombre": "Nodo 12595971095",
        "tipo": "interseccion",
        "accesible": true
      }
    },
    {
      "type": "Feature",
      "geometry": {
        "type": "Point",
        "coordinates": [
          -74.0603489,
          4.6610223
        ]
      },
      "properties": {
        "id": "12595971098",
        "nombre": "Nodo 12595971098",
        "tipo": "interseccion",
        "accesible": true
      }
    },
    {
      "type": "Feature",
      "geometry": {
        "type": "Point",
        "coordinates": [
          -74.0597088,
          4.6619549
        ]
      },
      "properties": {
        "id": "12596010801",
        "nombre": "Nodo 12596010801",
        "tipo": "interseccion",
        "accesible": true
      }
    },
    {
      "type": "Feature",
      "geometry": {
        "type": "Point",
        "coordinates": [
          -74.0591131,
          4.6628537
        ]
      },
      "properties": {
        "id": "12596010805",
        "nombre": "Nodo 12596010805",
        "tipo": "interseccion",
        "accesible": true
      }
    },
    {
      "type": "Feature",
      "geometry": {
        "type": "Point",
        "coordinates": [
          -74.0585753,
          4.6638293
        ]
      },
      "properties": {
        "id": "12596010807",
        "nombre": "Nodo 12596010807",
        "tipo": "interseccion",
        "accesible": true
      }
    },
    {
      "type": "Feature",
      "geometry": {
        "type": "Point",
        "coordinates": [
          -74.0586214,
          4.6637425
        ]
      },
      "properties": {
        "id": "12596010810",
        "nombre": "Nodo 12596010810",
        "tipo": "interseccion",
        "accesible": true
      }
    },
    {
      "type": "Feature",
      "geometry": {
        "type": "Point",
        "coordinates": [
          -74.0577314,
          4.6653449
        ]
      },
      "properties": {
        "id": "12596010811",
        "nombre": "Nodo 12596010811",
        "tipo": "interseccion",
        "accesible": true
      }
    },
    {
      "type": "Feature",
      "geometry": {
        "type": "Point",
        "coordinates": [
          -74.0570977,
          4.6664575
        ]
      },
      "properties": {
        "id": "12596010813",
        "nombre": "Nodo 12596010813",
        "tipo": "interseccion",
        "accesible": true
      }
    },
    {
      "type": "Feature",
      "geometry": {
        "type": "Point",
        "coordinates": [
          -74.0565538,
          4.6674204
        ]
      },
      "properties": {
        "id": "12596010814",
        "nombre": "Nodo 12596010814",
        "tipo": "interseccion",
        "accesible": true
      }
    },
    {
      "type": "Feature",
      "geometry": {
        "type": "Point",
        "coordinates": [
          -74.0552717,
          4.6700805
        ]
      },
      "properties": {
        "id": "12596010817",
        "nombre": "Nodo 12596010817",
        "tipo": "interseccion",
        "accesible": true
      }
    },
    {
      "type": "Feature",
      "geometry": {
        "type": "Point",
        "coordinates": [
          -74.0652984,
          4.6520004
        ]
      },
      "properties": {
        "id": "12840537205",
        "nombre": "Nodo 12840537205",
        "tipo": "interseccion",
        "accesible": true
      }
    },
    {
      "type": "Feature",
      "geometry": {
        "type": "Point",
        "coordinates": [
          -74.0502006,
          4.6652216
        ]
      },
      "properties": {
        "id": "12898740865",
        "nombre": "Nodo 12898740865",
        "tipo": "interseccion",
        "accesible": true
      }
    },
    {
      "type": "Feature",
      "geometry": {
        "type": "Point",
        "coordinates": [
          -74.0491591,
          4.6665208
        ]
      },
      "properties": {
        "id": "13009966825",
        "nombre": "Nodo 13009966825",
        "tipo": "interseccion",
        "accesible": true
      }
    },
    {
      "type": "Feature",
      "geometry": {
        "type": "Point",
        "coordinates": [
          -74.0605972,
          4.6680145
        ]
      },
      "properties": {
        "id": "13252260181",
        "nombre": "Nodo 13252260181",
        "tipo": "interseccion",
        "accesible": true
      }
    },
    {
      "type": "Feature",
      "geometry": {
        "type": "Point",
        "coordinates": [
          -74.0536756,
          4.6691574
        ]
      },
      "properties": {
        "id": "13276801890",
        "nombre": "Nodo 13276801890",
        "tipo": "interseccion",
        "accesible": true
      }
    },
    {
      "type": "Feature",
      "geometry": {
        "type": "Point",
        "coordinates": [
          -74.0539082,
          4.6687583
        ]
      },
      "properties": {
        "id": "13276895162",
        "nombre": "Nodo 13276895162",
        "tipo": "interseccion",
        "accesible": true
      }
    },
    {
      "type": "Feature",
      "geometry": {
        "type": "Point",
        "coordinates": [
          -74.0636262,
          4.6596777
        ]
      },
      "properties": {
        "id": "13281947800",
        "nombre": "Nodo 13281947800",
        "tipo": "interseccion",
        "accesible": true
      }
    },
    {
      "type": "Feature",
      "geometry": {
        "type": "Point",
        "coordinates": [
          -74.0587007,
          4.6572758
        ]
      },
      "properties": {
        "id": "13281957905",
        "nombre": "Nodo 13281957905",
        "tipo": "interseccion",
        "accesible": true
      }
    },
    {
      "type": "Feature",
      "geometry": {
        "type": "Point",
        "coordinates": [
          -74.0588072,
          4.65712
        ]
      },
      "properties": {
        "id": "13281957908",
        "nombre": "Nodo 13281957908",
        "tipo": "interseccion",
        "accesible": true
      }
    },
    {
      "type": "Feature",
      "geometry": {
        "type": "Point",
        "coordinates": [
          -74.0569369,
          4.6560598
        ]
      },
      "properties": {
        "id": "13281957919",
        "nombre": "Nodo 13281957919",
        "tipo": "interseccion",
        "accesible": true
      }
    },
    {
      "type": "Feature",
      "geometry": {
        "type": "Point",
        "coordinates": [
          -74.0570404,
          4.6559088
        ]
      },
      "properties": {
        "id": "13281957920",
        "nombre": "Nodo 13281957920",
        "tipo": "interseccion",
        "accesible": true
      }
    },
    {
      "type": "Feature",
      "geometry": {
        "type": "Point",
        "coordinates": [
          -74.0553296,
          4.6547242
        ]
      },
      "properties": {
        "id": "13281957923",
        "nombre": "Nodo 13281957923",
        "tipo": "interseccion",
        "accesible": true
      }
    },
    {
      "type": "Feature",
      "geometry": {
        "type": "Point",
        "coordinates": [
          -74.0554479,
          4.6548023
        ]
      },
      "properties": {
        "id": "13281957924",
        "nombre": "Nodo 13281957924",
        "tipo": "interseccion",
        "accesible": true
      }
    },
    {
      "type": "Feature",
      "geometry": {
        "type": "Point",
        "coordinates": [
          -74.0553969,
          4.6549578
        ]
      },
      "properties": {
        "id": "13281957925",
        "nombre": "Nodo 13281957925",
        "tipo": "interseccion",
        "accesible": true
      }
    },
    {
      "type": "Feature",
      "geometry": {
        "type": "Point",
        "coordinates": [
          -74.0552872,
          4.6548585
        ]
      },
      "properties": {
        "id": "13281957926",
        "nombre": "Nodo 13281957926",
        "tipo": "interseccion",
        "accesible": true
      }
    },
    {
      "type": "Feature",
      "geometry": {
        "type": "Point",
        "coordinates": [
          -74.0667057,
          4.6582672
        ]
      },
      "properties": {
        "id": "13282116202",
        "nombre": "Nodo 13282116202",
        "tipo": "interseccion",
        "accesible": true
      }
    },
    {
      "type": "Feature",
      "geometry": {
        "type": "Point",
        "coordinates": [
          -74.0659256,
          4.6577713
        ]
      },
      "properties": {
        "id": "13282116204",
        "nombre": "Nodo 13282116204",
        "tipo": "interseccion",
        "accesible": true
      }
    },
    {
      "type": "Feature",
      "geometry": {
        "type": "Point",
        "coordinates": [
          -74.0665143,
          4.6568937
        ]
      },
      "properties": {
        "id": "13282116206",
        "nombre": "Nodo 13282116206",
        "tipo": "interseccion",
        "accesible": true
      }
    },
    {
      "type": "Feature",
      "geometry": {
        "type": "Point",
        "coordinates": [
          -74.0633729,
          4.6687954
        ]
      },
      "properties": {
        "id": "13383492230",
        "nombre": "Nodo 13383492230",
        "tipo": "interseccion",
        "accesible": true
      }
    },
    {
      "type": "Feature",
      "geometry": {
        "type": "Point",
        "coordinates": [
          -74.0632902,
          4.6691201
        ]
      },
      "properties": {
        "id": "13383492233",
        "nombre": "Nodo 13383492233",
        "tipo": "interseccion",
        "accesible": true
      }
    },
    {
      "type": "Feature",
      "geometry": {
        "type": "Point",
        "coordinates": [
          -74.0634616,
          4.6689063
        ]
      },
      "properties": {
        "id": "13383492234",
        "nombre": "Nodo 13383492234",
        "tipo": "interseccion",
        "accesible": true
      }
    },
    {
      "type": "Feature",
      "geometry": {
        "type": "Point",
        "coordinates": [
          -74.0662806,
          4.6525361
        ]
      },
      "properties": {
        "id": "13441319707",
        "nombre": "Nodo 13441319707",
        "tipo": "interseccion",
        "accesible": true
      }
    },
    {
      "type": "Feature",
      "geometry": {
        "type": "Point",
        "coordinates": [
          -74.0632442,
          4.6602964
        ]
      },
      "properties": {
        "id": "13508151294",
        "nombre": "Nodo 13508151294",
        "tipo": "interseccion",
        "accesible": true
      }
    },
    {
      "type": "Feature",
      "geometry": {
        "type": "Point",
        "coordinates": [
          -74.0608029,
          4.6540667
        ]
      },
      "properties": {
        "id": "13617956754",
        "nombre": "Nodo 13617956754",
        "tipo": "interseccion",
        "accesible": true
      }
    },
    {
      "type": "Feature",
      "geometry": {
        "type": "Point",
        "coordinates": [
          -74.0614286,
          4.6527544
        ]
      },
      "properties": {
        "id": "13617956756",
        "nombre": "Nodo 13617956756",
        "tipo": "interseccion",
        "accesible": true
      }
    },
    {
      "type": "Feature",
      "geometry": {
        "type": "Point",
        "coordinates": [
          -74.0605522,
          4.6522022
        ]
      },
      "properties": {
        "id": "13617956758",
        "nombre": "Nodo 13617956758",
        "tipo": "interseccion",
        "accesible": true
      }
    },
    {
      "type": "Feature",
      "geometry": {
        "type": "Point",
        "coordinates": [
          -74.0597263,
          4.6516819
        ]
      },
      "properties": {
        "id": "13617956760",
        "nombre": "Nodo 13617956760",
        "tipo": "interseccion",
        "accesible": true
      }
    },
    {
      "type": "Feature",
      "geometry": {
        "type": "Point",
        "coordinates": [
          -74.0591276,
          4.6513028
        ]
      },
      "properties": {
        "id": "13617956761",
        "nombre": "Nodo 13617956761",
        "tipo": "interseccion",
        "accesible": true
      }
    },
    {
      "type": "Feature",
      "geometry": {
        "type": "Point",
        "coordinates": [
          -74.0628354,
          4.6536622
        ]
      },
      "properties": {
        "id": "13617956767",
        "nombre": "Nodo 13617956767",
        "tipo": "interseccion",
        "accesible": true
      }
    },
    {
      "type": "Feature",
      "geometry": {
        "type": "Point",
        "coordinates": [
          -74.0617204,
          4.6593782
        ]
      },
      "properties": {
        "id": "13617994816",
        "nombre": "Nodo 13617994816",
        "tipo": "interseccion",
        "accesible": true
      }
    },
    {
      "type": "Feature",
      "geometry": {
        "type": "Point",
        "coordinates": [
          -74.0620672,
          4.6594521
        ]
      },
      "properties": {
        "id": "13617994819",
        "nombre": "Nodo 13617994819",
        "tipo": "interseccion",
        "accesible": true
      }
    },
    {
      "type": "Feature",
      "geometry": {
        "type": "Point",
        "coordinates": [
          -74.0618222,
          4.6609322
        ]
      },
      "properties": {
        "id": "13617994821",
        "nombre": "Nodo 13617994821",
        "tipo": "interseccion",
        "accesible": true
      }
    },
    {
      "type": "Feature",
      "geometry": {
        "type": "Point",
        "coordinates": [
          -74.0610956,
          4.662907
        ]
      },
      "properties": {
        "id": "13617994823",
        "nombre": "Nodo 13617994823",
        "tipo": "interseccion",
        "accesible": true
      }
    },
    {
      "type": "Feature",
      "geometry": {
        "type": "Point",
        "coordinates": [
          -74.0632766,
          4.654928
        ]
      },
      "properties": {
        "id": "13778340372",
        "nombre": "Nodo 13778340372",
        "tipo": "interseccion",
        "accesible": true
      }
    },
    {
      "type": "Feature",
      "geometry": {
        "type": "Point",
        "coordinates": [
          -74.0617343,
          4.658978
        ]
      },
      "properties": {
        "id": "13778629057",
        "nombre": "Nodo 13778629057",
        "tipo": "interseccion",
        "accesible": true
      }
    },
    {
      "type": "Feature",
      "geometry": {
        "type": "Point",
        "coordinates": [
          -74.0636356,
          4.6632156
        ]
      },
      "properties": {
        "id": "13778686646",
        "nombre": "Nodo 13778686646",
        "tipo": "interseccion",
        "accesible": true
      }
    },
    {
      "type": "Feature",
      "geometry": {
        "type": "Point",
        "coordinates": [
          -74.0659763,
          4.6647461
        ]
      },
      "properties": {
        "id": "13778686649",
        "nombre": "Nodo 13778686649",
        "tipo": "interseccion",
        "accesible": true
      }
    },
    {
      "type": "Feature",
      "geometry": {
        "type": "Point",
        "coordinates": [
          -74.0660711,
          4.6648093
        ]
      },
      "properties": {
        "id": "13778686650",
        "nombre": "Nodo 13778686650",
        "tipo": "interseccion",
        "accesible": true
      }
    },
    {
      "type": "Feature",
      "geometry": {
        "type": "Point",
        "coordinates": [
          -74.0605277,
          4.6641365
        ]
      },
      "properties": {
        "id": "13778686674",
        "nombre": "Nodo 13778686674",
        "tipo": "interseccion",
        "accesible": true
      }
    },
    {
      "type": "Feature",
      "geometry": {
        "type": "Point",
        "coordinates": [
          -74.0684202,
          4.6581324
        ]
      },
      "properties": {
        "id": "13790717160",
        "nombre": "Nodo 13790717160",
        "tipo": "interseccion",
        "accesible": true
      }
    },
    {
      "type": "Feature",
      "geometry": {
        "type": "Point",
        "coordinates": [
          -74.0695815,
          4.6590107
        ]
      },
      "properties": {
        "id": "13790717162",
        "nombre": "Nodo 13790717162",
        "tipo": "interseccion",
        "accesible": true
      }
    },
    {
      "type": "Feature",
      "geometry": {
        "type": "Point",
        "coordinates": [
          -74.0696605,
          4.6590679
        ]
      },
      "properties": {
        "id": "13790717163",
        "nombre": "Nodo 13790717163",
        "tipo": "interseccion",
        "accesible": true
      }
    },
    {
      "type": "Feature",
      "geometry": {
        "type": "Point",
        "coordinates": [
          -74.0672858,
          4.6573951
        ]
      },
      "properties": {
        "id": "13790717175",
        "nombre": "Nodo 13790717175",
        "tipo": "interseccion",
        "accesible": true
      }
    },
    {
      "type": "Feature",
      "geometry": {
        "type": "Point",
        "coordinates": [
          -74.0656898,
          4.6563578
        ]
      },
      "properties": {
        "id": "13790717177",
        "nombre": "Nodo 13790717177",
        "tipo": "interseccion",
        "accesible": true
      }
    },
    {
      "type": "Feature",
      "geometry": {
        "type": "Point",
        "coordinates": [
          -74.0646453,
          4.6557414
        ]
      },
      "properties": {
        "id": "13790717179",
        "nombre": "Nodo 13790717179",
        "tipo": "interseccion",
        "accesible": true
      }
    },
    {
      "type": "Feature",
      "geometry": {
        "type": "Point",
        "coordinates": [
          -74.0507328,
          4.6687649
        ]
      },
      "properties": {
        "id": "13805375135",
        "nombre": "Nodo 13805375135",
        "tipo": "interseccion",
        "accesible": true
      }
    },
    {
      "type": "Feature",
      "geometry": {
        "type": "Point",
        "coordinates": [
          -74.0508527,
          4.6688313
        ]
      },
      "properties": {
        "id": "13805375136",
        "nombre": "Nodo 13805375136",
        "tipo": "interseccion",
        "accesible": true
      }
    },
    {
      "type": "Feature",
      "geometry": {
        "type": "Point",
        "coordinates": [
          -74.0509045,
          4.6687575
        ]
      },
      "properties": {
        "id": "13805375137",
        "nombre": "Nodo 13805375137",
        "tipo": "interseccion",
        "accesible": true
      }
    },
    {
      "type": "Feature",
      "geometry": {
        "type": "Point",
        "coordinates": [
          -74.0514053,
          4.6678314
        ]
      },
      "properties": {
        "id": "13805375142",
        "nombre": "Nodo 13805375142",
        "tipo": "interseccion",
        "accesible": true
      }
    },
    {
      "type": "Feature",
      "geometry": {
        "type": "Point",
        "coordinates": [
          -74.0515205,
          4.667905
        ]
      },
      "properties": {
        "id": "13805375143",
        "nombre": "Nodo 13805375143",
        "tipo": "interseccion",
        "accesible": true
      }
    },
    {
      "type": "Feature",
      "geometry": {
        "type": "Point",
        "coordinates": [
          -74.0520917,
          4.6668349
        ]
      },
      "properties": {
        "id": "13805375146",
        "nombre": "Nodo 13805375146",
        "tipo": "interseccion",
        "accesible": true
      }
    },
    {
      "type": "Feature",
      "geometry": {
        "type": "Point",
        "coordinates": [
          -74.0521567,
          4.6667372
        ]
      },
      "properties": {
        "id": "13805375147",
        "nombre": "Nodo 13805375147",
        "tipo": "interseccion",
        "accesible": true
      }
    },
    {
      "type": "Feature",
      "geometry": {
        "type": "Point",
        "coordinates": [
          -74.0521817,
          4.6669328
        ]
      },
      "properties": {
        "id": "13805375148",
        "nombre": "Nodo 13805375148",
        "tipo": "interseccion",
        "accesible": true
      }
    },
    {
      "type": "Feature",
      "geometry": {
        "type": "Point",
        "coordinates": [
          -74.0522469,
          4.6668352
        ]
      },
      "properties": {
        "id": "13805375149",
        "nombre": "Nodo 13805375149",
        "tipo": "interseccion",
        "accesible": true
      }
    },
    {
      "type": "Feature",
      "geometry": {
        "type": "Point",
        "coordinates": [
          -74.0528921,
          4.6658222
        ]
      },
      "properties": {
        "id": "13805375156",
        "nombre": "Nodo 13805375156",
        "tipo": "interseccion",
        "accesible": true
      }
    },
    {
      "type": "Feature",
      "geometry": {
        "type": "Point",
        "coordinates": [
          -74.0533945,
          4.6650116
        ]
      },
      "properties": {
        "id": "13805375158",
        "nombre": "Nodo 13805375158",
        "tipo": "interseccion",
        "accesible": true
      }
    },
    {
      "type": "Feature",
      "geometry": {
        "type": "Point",
        "coordinates": [
          -74.0538879,
          4.6642873
        ]
      },
      "properties": {
        "id": "13805375161",
        "nombre": "Nodo 13805375161",
        "tipo": "interseccion",
        "accesible": true
      }
    },
    {
      "type": "Feature",
      "geometry": {
        "type": "Point",
        "coordinates": [
          -74.0549441,
          4.6627526
        ]
      },
      "properties": {
        "id": "13805375164",
        "nombre": "Nodo 13805375164",
        "tipo": "interseccion",
        "accesible": true
      }
    },
    {
      "type": "Feature",
      "geometry": {
        "type": "Point",
        "coordinates": [
          -74.0557126,
          4.6616545
        ]
      },
      "properties": {
        "id": "13805375168",
        "nombre": "Nodo 13805375168",
        "tipo": "interseccion",
        "accesible": true
      }
    },
    {
      "type": "Feature",
      "geometry": {
        "type": "Point",
        "coordinates": [
          -74.0574877,
          4.6590322
        ]
      },
      "properties": {
        "id": "13805375169",
        "nombre": "Nodo 13805375169",
        "tipo": "interseccion",
        "accesible": true
      }
    },
    {
      "type": "Feature",
      "geometry": {
        "type": "Point",
        "coordinates": [
          -74.0579882,
          4.658318
        ]
      },
      "properties": {
        "id": "13805375172",
        "nombre": "Nodo 13805375172",
        "tipo": "interseccion",
        "accesible": true
      }
    },
    {
      "type": "Feature",
      "geometry": {
        "type": "Point",
        "coordinates": [
          -74.0597932,
          4.6556778
        ]
      },
      "properties": {
        "id": "13805375175",
        "nombre": "Nodo 13805375175",
        "tipo": "interseccion",
        "accesible": true
      }
    },
    {
      "type": "Feature",
      "geometry": {
        "type": "Point",
        "coordinates": [
          -74.0601931,
          4.6551041
        ]
      },
      "properties": {
        "id": "13805375178",
        "nombre": "Nodo 13805375178",
        "tipo": "interseccion",
        "accesible": true
      }
    },
    {
      "type": "Feature",
      "geometry": {
        "type": "Point",
        "coordinates": [
          -74.0585165,
          4.6611362
        ]
      },
      "properties": {
        "id": "13821341071",
        "nombre": "Nodo 13821341071",
        "tipo": "interseccion",
        "accesible": true
      }
    },
    {
      "type": "Feature",
      "geometry": {
        "type": "Point",
        "coordinates": [
          -74.070117,
          4.6652351
        ]
      },
      "properties": {
        "id": "13821378702",
        "nombre": "Nodo 13821378702",
        "tipo": "interseccion",
        "accesible": true
      }
    },
    {
      "type": "Feature",
      "geometry": {
        "type": "Point",
        "coordinates": [
          -74.0700528,
          4.6653229
        ]
      },
      "properties": {
        "id": "13821378703",
        "nombre": "Nodo 13821378703",
        "tipo": "interseccion",
        "accesible": true
      }
    },
    {
      "type": "Feature",
      "geometry": {
        "type": "Point",
        "coordinates": [
          -74.070502,
          4.6656579
        ]
      },
      "properties": {
        "id": "13821378707",
        "nombre": "Nodo 13821378707",
        "tipo": "interseccion",
        "accesible": true
      }
    },
    {
      "type": "Feature",
      "geometry": {
        "type": "Point",
        "coordinates": [
          -74.0705647,
          4.6655717
        ]
      },
      "properties": {
        "id": "13821378708",
        "nombre": "Nodo 13821378708",
        "tipo": "interseccion",
        "accesible": true
      }
    },
    {
      "type": "Feature",
      "geometry": {
        "type": "Point",
        "coordinates": [
          -74.0610476,
          4.6678043
        ]
      },
      "properties": {
        "id": "13859007793",
        "nombre": "Nodo 13859007793",
        "tipo": "interseccion",
        "accesible": true
      }
    },
    {
      "type": "Feature",
      "geometry": {
        "type": "Point",
        "coordinates": [
          -74.0667992,
          4.6545732
        ]
      },
      "properties": {
        "id": "13903297057",
        "nombre": "Nodo 13903297057",
        "tipo": "interseccion",
        "accesible": true
      }
    },
    {
      "type": "Feature",
      "geometry": {
        "type": "Point",
        "coordinates": [
          -74.0659643,
          4.6541407
        ]
      },
      "properties": {
        "id": "13903297059",
        "nombre": "Nodo 13903297059",
        "tipo": "interseccion",
        "accesible": true
      }
    },
    {
      "type": "Feature",
      "geometry": {
        "type": "Point",
        "coordinates": [
          -74.0676714,
          4.6550765
        ]
      },
      "properties": {
        "id": "13903297060",
        "nombre": "Nodo 13903297060",
        "tipo": "interseccion",
        "accesible": true
      }
    },
    {
      "type": "Feature",
      "geometry": {
        "type": "Point",
        "coordinates": [
          -74.0684252,
          4.6556087
        ]
      },
      "properties": {
        "id": "13903297062",
        "nombre": "Nodo 13903297062",
        "tipo": "interseccion",
        "accesible": true
      }
    }
  ]
}