id,origen,destino,distancia,tiempo_estimado,costo,velocidad_promedio,congestion,disponible,incidentes,tipo_via,nombre_via,carriles,sentido_unico,peaje,restricciones,geometria
583975820,253761879,9644335932,17.191567965042726,0.020629881558051268,0.0,50.0,baja,True,0,secundaria,Avenida Calle 85,3.0,True,False,[],
89615978,253761882,253762016,101.02594385057662,0.12123113262069196,0.0,30.0,baja,True,0,terciaria,Carrera 14,2.0,True,False,[],"[[-74.0572856, 4.6644634], [-74.0576967, 4.6637569], [-74.0577435, 4.6636778]]"
856959932,253761969,7989874686,12.253162422722788,0.014703794907267347,0.0,45.0,baja,True,0,terciaria,Calle 77,1.0,True,False,[],"[[-74.052285, 4.6594405], [-74.0522724, 4.6594017], [-74.0522328, 4.6593446]]"
916471064,253761969,3197009590,12.641424141195102,0.015169708969434122,0.0,45.0,baja,True,0,terciaria,Calle 77,2.0,True,False,[],"[[-74.052285, 4.6594405], [-74.0522387, 4.6594367], [-74.052182, 4.6594]]"
"[1074517252, 1074517255]",253761969,254347517,100.27898918964605,0.12033478702757527,0.0,50.0,baja,True,0,primaria,Avenida Carrera 7,2.0,True,False,[],"[[-74.052285, 4.6594405], [-74.0523559, 4.6593703], [-74.0524885, 4.6592389], [-74.0526872, 4.6590294], [-74.052798, 4.6589085], [-74.0529088, 4.6587875]]"
89616006,253761997,267890885,47.04719539658914,0.056456634475906965,0.0,30.0,baja,True,0,residencial,Calle 78,2.0,True,False,[],
89616107,253761997,253846793,102.19392796238554,0.12263271355486266,0.0,30.0,baja,True,0,residencial,Carrera 13,2.0,True,False,[],
89615978#1,253762016,7989948688,21.969328382530286,0.026363194059036345,0.0,30.0,baja,True,0,terciaria,Carrera 14,2.0,True,False,[],
89615874,253762045,253762297,106.74328499640161,0.12809194199568194,0.0,30.0,baja,True,0,residencial,Carrera 12,2.0,False,False,[],
89616006#1,253762045,254530322,82.60516753563918,0.09912620104276701,0.0,30.0,baja,True,0,residencial,Calle 78,2.0,True,False,[],
23430450,253762048,267890888,229.8623973084961,0.2758348767701953,0.0,30.0,baja,True,0,residencial,Calle 79,3.0,True,False,[],"[[-74.0543726, 4.663569], [-74.0543309, 4.6635393], [-74.0527207, 4.6623913], [-74.0526857, 4.6623663]]"
89616120,253762048,253762297,100.46503438421654,0.12055804126105985,0.0,30.0,baja,True,0,residencial,Calle 79,2.0,False,False,[],"[[-74.0543726, 4.663569], [-74.0544365, 4.6636151], [-74.05511, 4.6640945]]"
856959920,253762048,13805375164,110.691490557192,0.13282978866863038,0.0,30.0,baja,True,0,secundaria,Avenida Carrera 11,3.0,True,False,[],"[[-74.0543726, 4.663569], [-74.0545677, 4.6632904], [-74.0549097, 4.6628019], [-74.0549312, 4.6627711], [-74.0549441, 4.6627526]]"
89874714,253762071,312656480,80.03386696729065,0.09604064036074877,0.0,30.0,baja,True,0,residencial,Calle 67,2.0,False,False,[],
89874714#1,253762071,312656101,68.19874758707051,0.0818384971044846,0.0,30.0,baja,True,0,residencial,Calle 67,2.0,False,False,[],
89875274,253762071,926763115,81.16325678054623,0.09739590813665548,0.0,30.0,baja,True,0,residencial,Carrera 22,2.0,True,False,[],
89874714#2,253762143,312656101,83.45736088061457,0.10014883305673748,0.0,30.0,baja,True,0,residencial,Calle 67,2.0,False,False,[],
89874714#3,253762143,283253380,102.13597022928295,0.12256316427513954,0.0,30.0,baja,True,0,residencial,Calle 67,2.0,False,False,[],
89890128,253762143,13790717175,82.86354196124293,0.09943625035349152,0.0,30.0,baja,True,0,terciaria,Carrera 20,2.0,True,False,[],"[[-74.0676869, 4.6567662], [-74.0673472, 4.6572988], [-74.0673305, 4.6573251], [-74.0672858, 4.6573951]]"
"[1014920969, 1014920970]",253762149,2807693387,77.4667098656565,0.09296005183878779,0.0,30.0,baja,True,0,residencial,Calle 77,,True,False,[],"[[-74.0581496, 4.6631196], [-74.0581153, 4.6630976], [-74.057856, 4.6629313], [-74.0575618, 4.6627426]]"
1014920973,253762149,253762318,82.60563965341673,0.09912676758410008,0.0,30.0,baja,True,0,terciaria,Carrera 14,2.0,True,False,[],"[[-74.0581496, 4.6631196], [-74.0585436, 4.6625634], [-74.0585796, 4.6625128]]"
23430419,253762179,339058332,36.46506053915488,0.04375807264698585,0.0,30.0,baja,True,0,terciaria,Calle 74,2.0,True,False,[],"[[-74.0690054, 4.6665492], [-74.0689387, 4.6665139], [-74.0688801, 4.6664867], [-74.068703, 4.6664213]]"
28459664,253762179,312662925,78.11446586076808,0.09373735903292169,0.0,45.0,baja,True,0,terciaria,Carrera 28,2.0,True,False,[],"[[-74.0690054, 4.6665492], [-74.0689603, 4.6665743], [-74.068915, 4.6666114], [-74.0688531, 4.6666776], [-74.0685372, 4.6670687]]"
23502415,253762181,956648536,56.188606769485475,0.06742632812338258,0.0,30.0,baja,True,0,residencial,Carrera 23,2.0,True,False,[],"[[-74.064242, 4.6661265], [-74.064282, 4.6660684], [-74.0644896, 4.665729], [-74.0645091, 4.6656971]]"
856965795,253762181,268152908,77.41300652243075,0.09289560782691689,0.0,30.0,baja,True,0,secundaria,Calle 76,2.0,True,False,[],"[[-74.064242, 4.6661265], [-74.0642841, 4.6661534], [-74.0647988, 4.6664822], [-74.06483, 4.6665023]]"
89615992,253762216,253762307,75.21493841177139,0.09025792609412567,0.0,30.0,baja,True,0,residencial,Carrera 12A,2.0,True,False,[],
89616129,253762216,253848285,68.79954131922105,0.08255944958306526,0.0,30.0,baja,True,0,residencial,Calle 77,2.0,True,False,[],"[[-74.0570766, 4.6624315], [-74.0568766, 4.6623032], [-74.056704, 4.6622344], [-74.0566219, 4.6622163], [-74.0565627, 4.6622118], [-74.0565096, 4.662219]]"
23430420,253762297,267890876,94.88868596180386,0.11386642315416462,0.0,30.0,baja,True,0,residencial,Carrera 12,2.0,False,False,[],
89615874#1,253762297,253762045,106.74328499640161,0.12809194199568194,0.0,30.0,baja,True,0,residencial,Carrera 12,2.0,False,False,[],
89616120#1,253762297,253762048,100.46503438421654,0.12055804126105985,0.0,30.0,baja,True,0,residencial,Calle 79,2.0,False,False,[],"[[-74.05511, 4.6640945], [-74.0544365, 4.6636151], [-74.0543726, 4.663569]]"
89615992#1,253762307,254530322,100.83660794508839,0.12100392953410607,0.0,30.0,baja,True,0,residencial,Carrera 12A,2.0,True,False,[],
89616092,253762307,253846793,51.45902084967077,0.06175082501960493,0.0,30.0,baja,True,0,residencial,Calle 77A,2.0,True,False,[],
639468914,253762318,12596010805,70.23395972319108,0.08428075166782929,0.0,30.0,baja,True,0,secundaria,Calle 76,2.0,True,False,[],"[[-74.0585796, 4.6625128], [-74.0590214, 4.6627951], [-74.059071, 4.6628268], [-74.0591131, 4.6628537]]"
856981375,253762318,312649100,122.08670965929491,0.1465040515911539,0.0,30.0,baja,True,0,residencial,Carrera 14,2.0,True,False,[],"[[-74.0585796, 4.6625128], [-74.0586275, 4.6624422], [-74.0591561, 4.6616643], [-74.0591973, 4.6616037]]"
1079835931,253845435,852230670,101.75927203474632,0.12211112644169558,0.0,30.0,baja,True,0,secundaria,Avenida Carrera 15,3.0,True,False,[],
366401397,253845435,267899276,59.86189387032381,0.07183427264438857,0.0,30.0,baja,True,0,secundaria,Calle 82,2.0,True,False,[],"[[-74.056354, 4.6677942], [-74.0563001, 4.6677613], [-74.0558934, 4.667513]]"
89616092#1,253846793,2807693386,13.052432732517701,0.015662919279021244,0.0,30.0,baja,True,0,residencial,Calle 77A,2.0,True,False,[],
935565944,253847647,253761882,60.95360857344957,0.07314433028813949,0.0,45.0,baja,True,0,terciaria,Carrera 14,2.0,True,False,[],"[[-74.057009, 4.6649372], [-74.0572046, 4.6646016], [-74.0572856, 4.6644634]]"
"[1079835936, 1079835937]",253847647,12596010811,92.00538251145743,0.11040645901374892,0.0,30.0,baja,True,0,residencial,Calle 79,2.0,True,False,[],"[[-74.057009, 4.6649372], [-74.0570742, 4.664974], [-74.0571662, 4.6650259], [-74.0576291, 4.6652871], [-74.0576847, 4.6653185], [-74.0577314, 4.6653449]]"
1074585608,253848095,265687956,82.04888762425196,0.09845866514910236,0.0,50.0,baja,True,0,primaria,Avenida Carrera 7,2.0,True,False,[],
856959944,253848095,265687602,163.26084656279426,0.1959130158753531,0.0,30.0,baja,True,0,terciaria,Calle 81,3.0,True,False,[],"[[-74.0493685, 4.6623969], [-74.0494242, 4.6624467], [-74.0495309, 4.6625265], [-74.0496254, 4.6625934], [-74.0497605, 4.6626803], [-74.0505593, 4.6631999], [-74.0505881, 4.6632185]]"
23439963,253848285,2807693383,41.81763042552825,0.0501811565106339,0.0,30.0,baja,True,0,residencial,Carrera 12,2.0,True,False,[],"[[-74.0565096, 4.662219], [-74.0564527, 4.662258], [-74.0563868, 4.6623337], [-74.0563194, 4.662434], [-74.0562929, 4.6625016], [-74.0562899, 4.662515]]"
89616129#1,253848285,13805375168,108.36536054598321,0.13003843265517986,0.0,30.0,baja,True,0,residencial,Calle 77,2.0,True,False,[],"[[-74.0565096, 4.662219], [-74.055801, 4.6617149], [-74.0557551, 4.6616822], [-74.0557126, 4.6616545]]"
935565944#1,253848294,267890873,85.6894793842569,0.10282737526110829,0.0,45.0,baja,True,0,terciaria,Carrera 14,2.0,True,False,[],
23439960,253848294,3539023324,82.77189925107221,0.09932627910128665,0.0,30.0,baja,True,0,residencial,Carrera 14,2.0,False,False,[],"[[-74.0559962, 4.6667035], [-74.0556626, 4.6673026], [-74.0556333, 4.6673541]]"
525967731,254347517,264718418,168.87695055830935,0.2026523406699712,0.0,50.0,baja,True,0,primaria,Avenida Carrera 7,2.0,True,False,[],"[[-74.0529088, 4.6587875], [-74.053155, 4.6585258], [-74.0532159, 4.6584491], [-74.053273, 4.6583762], [-74.0534191, 4.6581665], [-74.0535148, 4.6580253], [-74.0538203, 4.6575745]]"
1199632375,254347517,439752067,96.53284361864348,0.11583941234237216,0.0,30.0,baja,True,0,secundaria,Calle 76,2.0,True,False,[],"[[-74.0529088, 4.6587875], [-74.0529798, 4.6588347], [-74.0536331, 4.6592697]]"
89615992#2,254530322,267890875,196.8506641791687,0.2362207970150024,0.0,30.0,baja,True,0,residencial,Carrera 12A,2.0,True,False,[],
89616006#2,254530322,253761997,50.981228023848594,0.06117747362861831,0.0,30.0,baja,True,0,residencial,Calle 78,2.0,True,False,[],
89890321,254530323,2862531849,82.80309718071751,0.09936371661686103,0.0,30.0,baja,True,0,residencial,Calle 71A,2.0,True,False,[],"[[-74.0669136, 4.6618498], [-74.0673113, 4.6621126], [-74.0675095, 4.6622435], [-74.0675363, 4.6622613]]"
856959915,254530323,312656404,96.15119971620267,0.11538143965944321,0.0,30.0,baja,True,0,residencial,Carrera 23,2.0,True,False,[],"[[-74.0669136, 4.6618498], [-74.0673426, 4.6611384], [-74.0673606, 4.6611087]]"
89890321#1,254530324,254530323,90.63389742272729,0.10876067690727274,0.0,30.0,baja,True,0,residencial,Calle 71A,2.0,True,False,[],
89890594,254530324,312656383,92.69270105116213,0.11123124126139455,0.0,30.0,baja,True,0,residencial,Carrera 22,2.0,True,False,[],"[[-74.066232, 4.6613994], [-74.0666845, 4.6607354], [-74.0667019, 4.6607098]]"
89875274#1,254530325,2862531837,86.21859097449209,0.10346230916939049,0.0,30.0,baja,True,0,residencial,Carrera 22,2.0,True,False,[],"[[-74.0695925, 4.656434], [-74.069617, 4.656401], [-74.0700551, 4.6558106]]"
655514737,254530325,312656093,74.08667054064796,0.08890400464877755,0.0,50.0,baja,True,0,secundaria,Calle 66,2.0,True,False,[],"[[-74.0695925, 4.656434], [-74.0693372, 4.6562531], [-74.0690477, 4.6560479]]"
341209367,254530345,3196497181,203.6314449319607,0.24435773391835286,0.0,50.0,baja,True,0,primaria,Avenida Carrera 7,3.0,True,False,[],"[[-74.0551887, 4.6551706], [-74.0551554, 4.6552626], [-74.0551136, 4.6553642], [-74.0550542, 4.6554938], [-74.0549884, 4.655626], [-74.0549394, 4.6557166], [-74.0548904, 4.6557992], [-74.0547605, 4.6560075], [-74.0546794, 4.6561269], [-74.0546038, 4.656237], [-74.0545093, 4.6563746], [-74.0544271, 4.6564943], [-74.054257, 4.6567419]]"
89890128#1,255471027,283342324,54.72826217160639,0.06567391460592767,0.0,30.0,baja,True,0,terciaria,Carrera 20,2.0,True,False,[],"[[-74.0694049, 4.6540839], [-74.0691575, 4.65447], [-74.0691391, 4.6544987]]"
533186939,255471027,1041714606,55.10986058169412,0.06613183269803294,0.0,30.0,baja,True,0,residencial,Calle 63D,2.0,False,False,[],"[[-74.0694049, 4.6540839], [-74.0694627, 4.6540947], [-74.0698937, 4.6541749]]"
1053475391,255471033,1010415613,14.346186642686726,0.01721542397122407,0.0,30.0,baja,True,0,residencial,Carrera 22,2.0,True,False,[],
23502415#1,255471043,1041859337,90.96588776874616,0.10915906532249539,0.0,30.0,baja,True,0,residencial,Carrera 23,2.0,True,False,[],"[[-74.0653553, 4.6643235], [-74.0653825, 4.6642797], [-74.0657918, 4.6636307]]"
907267685,255471043,354855992,114.00305538883158,0.1368036664665979,0.0,30.0,baja,True,0,terciaria,Calle 74,2.0,True,False,[],"[[-74.0653553, 4.6643235], [-74.0653067, 4.6642926], [-74.0645332, 4.6638024], [-74.0644877, 4.6637727]]"
89890167,260487059,354856189,22.19236808639709,0.026630841703676505,0.0,45.0,baja,True,0,terciaria,Carrera 20B,2.0,True,False,[],"[[-74.0622642, 4.6636404], [-74.0622892, 4.6636016], [-74.0623723, 4.6634724]]"
375276916,260487059,354856340,102.67047240677377,0.12320456688812852,0.0,30.0,baja,True,0,residencial,Calle 75,2.0,True,False,[],"[[-74.0622642, 4.6636404], [-74.0623109, 4.6636708], [-74.0629869, 4.6641111], [-74.0630397, 4.6641455]]"
89890167#1,260487068,907676719,57.401502795967474,0.06888180335516096,0.0,45.0,baja,True,0,terciaria,Carrera 20B,2.0,True,False,[],"[[-74.0617067, 4.664507], [-74.061729, 4.6644692], [-74.0619863, 4.6640725]]"
1008921326,260487068,1041859381,102.97792359056739,0.12357350830868087,0.0,30.0,baja,True,0,secundaria,Calle 76,1.0,True,False,[],"[[-74.0617067, 4.664507], [-74.0617503, 4.6645343], [-74.0624397, 4.6649653], [-74.0624683, 4.6649837], [-74.0624934, 4.6649998]]"
24032094,260623191,3879238831,40.18300361528015,0.04821960433833618,0.0,30.0,baja,True,0,residencial,Calle 80,1.0,True,False,[],"[[-74.0597361, 4.6679328], [-74.0598109, 4.6679622], [-74.0598756, 4.6679828], [-74.059916, 4.6679931], [-74.0599616, 4.6680007], [-74.0600875, 4.6680109]]"
1214872517,260623191,312645765,67.59106010583741,0.08110927212700489,0.0,30.0,baja,True,0,residencial,Calle 80,1.0,False,False,[],"[[-74.0597361, 4.6679328], [-74.059338, 4.6677224], [-74.0591973, 4.667648]]"
"[24031622, 1457782735]",260627307,5113324352,32.70532124816007,0.03924638549779209,0.0,30.0,baja,True,0,residencial,Calle 77,2.0,True,False,[],"[[-74.0604184, 4.6647561], [-74.06063, 4.6648697], [-74.0606782, 4.6648956]]"
71560592,260627307,851224205,24.20637835352796,0.029047654024233555,0.0,30.0,baja,True,0,residencial,Carrera 19A,1.0,True,False,[],"[[-74.0604184, 4.6647561], [-74.0603557, 4.6647814], [-74.0603088, 4.6648017], [-74.0602623, 4.6648349], [-74.060236, 4.6648681]]"
935465095,261817164,9307517363,111.99066137048341,0.1343887936445801,0.0,30.0,baja,True,0,residencial,Calle 66,2.0,False,False,[],
734633052,261817164,826353151,49.89077368205561,0.059868928418466735,0.0,30.0,baja,True,0,residencial,Carrera 15,2.0,True,False,[],"[[-74.0650121, 4.6536475], [-74.0650202, 4.653601], [-74.0650889, 4.6532054]]"
1051331378,263471068,761884448,67.99150681679042,0.0815898081801485,0.0,30.0,baja,True,0,terciaria,Carrera 9,3.0,True,False,[],
1281336948,263471068,266892197,77.21779502639626,0.09266135403167552,0.0,45.0,baja,True,0,terciaria,Calle 69,2.0,True,False,[],"[[-74.0592187, 4.652667], [-74.059127, 4.6525961], [-74.058668, 4.6522416]]"
"[916471065, 1074517253]",263471094,253761969,211.83152354050668,0.25419782824860804,0.0,45.0,baja,True,0,terciaria,Calle 77,2.0,True,False,[],"[[-74.0538342, 4.660555], [-74.0537838, 4.6605194], [-74.0524155, 4.6595527], [-74.0523511, 4.6595002], [-74.052285, 4.6594405]]"
1012901994,263471094,264718938,116.27400534139005,0.13952880640966805,0.0,30.0,baja,True,0,terciaria,Carrera 9,2.0,True,False,[],"[[-74.0538342, 4.660555], [-74.0537773, 4.6606465], [-74.0533157, 4.6613909], [-74.0532823, 4.6614443]]"
89615994,264441787,312645325,64.62281790825942,0.0775473814899113,0.0,30.0,baja,True,0,residencial,Calle 79,2.0,True,False,[],
28457746,264441787,312645997,123.6767070261863,0.14841204843142355,0.0,30.0,baja,True,0,residencial,Carrera 16A,2.0,True,False,[],"[[-74.0588066, 4.6659498], [-74.0588421, 4.6658863], [-74.0588861, 4.6658078], [-74.0593505, 4.6649786]]"
89616005,264441789,851224184,10.964460626673109,0.01315735275200773,0.0,30.0,baja,True,0,residencial,Carrera 16A,2.0,True,False,[],
1059633463,264441789,851224205,84.2600211886038,0.10111202542632455,0.0,30.0,baja,True,0,residencial,Calle 77,2.0,True,False,[],"[[-74.0596529, 4.6644386], [-74.0597179, 4.6644754], [-74.0601921, 4.6647435], [-74.0602184, 4.6647693], [-74.0602344, 4.6647972], [-74.0602365, 4.66483], [-74.060236, 4.6648681]]"
277039663,264552904,450845513,73.99814898296806,0.08879777877956167,0.0,30.0,baja,True,0,residencial,Diagonal 75,2.0,True,False,[],"[[-74.051651, 4.6583546], [-74.0516404, 4.658256], [-74.0516254, 4.658188], [-74.0515949, 4.658106], [-74.0514437, 4.6578521], [-74.0513853, 4.6577541]]"
856959934,264552904,264553634,145.34228715865262,0.17441074459038314,0.0,30.0,baja,True,0,terciaria,Carrera 5,2.0,True,False,[],"[[-74.051651, 4.6583546], [-74.0518003, 4.6581591], [-74.0519826, 4.6578746], [-74.0520536, 4.6577742], [-74.052391, 4.6573436], [-74.0524247, 4.6573005]]"
24381666,264552907,264553463,98.85496212220056,0.11862595454664066,0.0,30.0,baja,True,0,residencial,Calle 74,,True,False,[],"[[-74.0530677, 4.6559605], [-74.0530195, 4.6559327], [-74.0523254, 4.6555822], [-74.0522915, 4.6555651], [-74.0522735, 4.655556]]"
856959934#1,264552907,264552912,188.8852724332265,0.22666232691987181,0.0,30.0,baja,True,0,terciaria,Carrera 5,2.0,True,False,[],"[[-74.0530677, 4.6559605], [-74.0530911, 4.6559138], [-74.0531597, 4.655772], [-74.0532267, 4.6556303], [-74.0533072, 4.6554084], [-74.0533434, 4.655228], [-74.0533702, 4.6550515], [-74.0533863, 4.6549159], [-74.0534017, 4.6548109], [-74.053448, 4.6546692], [-74.0535238, 4.6544888], [-74.0535662, 4.6543924], [-74.0535828, 4.6543544]]"
24381623,264552912,254530345,199.78367540230812,0.23974041048276973,0.0,30.0,baja,True,0,residencial,Calle 72 Bis,2.0,True,False,[],"[[-74.0535828, 4.6543544], [-74.0536132, 4.6543699], [-74.0543101, 4.6547241], [-74.0551364, 4.655144], [-74.0551887, 4.6551706]]"
89623479,264552912,264553080,89.15559950635351,0.10698671940762422,0.0,30.0,baja,True,0,residencial,Calle 72 Bis,,False,False,[],"[[-74.0535828, 4.6543544], [-74.0535536, 4.6543398], [-74.0529021, 4.654013], [-74.0528642, 4.653994]]"
856959934#2,264552912,435197551,77.97370355404851,0.0935684442648582,0.0,30.0,baja,True,0,terciaria,Carrera 5,2.0,True,False,[],"[[-74.0535828, 4.6543544], [-74.053789, 4.6538974], [-74.0538069, 4.6538589], [-74.0538454, 4.6537935], [-74.0538898, 4.6537246]]"
89617698,264553080,264553463,186.9468859004706,0.2243362630805647,0.0,45.0,baja,True,0,terciaria,Carrera 4,2.0,True,False,[],"[[-74.0528642, 4.653994], [-74.0526372, 4.6544225], [-74.0525953, 4.6545391], [-74.0525473, 4.6547443], [-74.052497, 4.6550177], [-74.0524637, 4.6551433], [-74.0524127, 4.6552645], [-74.0522946, 4.655512], [-74.0522815, 4.6555392], [-74.0522735, 4.655556]]"
89623479#1,264553080,264553120,95.89211055161466,0.11507053266193759,0.0,30.0,baja,True,0,residencial,Calle 72 Bis,,False,False,[],"[[-74.0528642, 4.653994], [-74.052824, 4.6539718], [-74.0524545, 4.6537678], [-74.0523295, 4.6537171], [-74.0522339, 4.6536906], [-74.0521294, 4.6536836], [-74.0520736, 4.653668]]"
89623479#2,264553080,264552912,89.15559950635351,0.10698671940762422,0.0,30.0,baja,True,0,residencial,Calle 72 Bis,,False,False,[],"[[-74.0528642, 4.653994], [-74.0529021, 4.654013], [-74.0535536, 4.6543398], [-74.0535828, 4.6543544]]"
"[89623449, 1003822686, 1003822687]",264553086,264553120,181.78759743837048,0.21814511692604457,0.0,30.0,baja,True,0,residencial,Calle 72 Bis,,False,False,[],"[[-74.0509615, 4.6525202], [-74.0511964, 4.6526642], [-74.0513875, 4.6527806], [-74.0515506, 4.6529153], [-74.0516322, 4.6529948], [-74.0517162, 4.6530825], [-74.0518084, 4.6532107], [-74.0518552, 4.653302], [-74.0518894, 4.6534127], [-74.0519732, 4.6535363], [-74.0520736, 4.653668]]"
24381627,264553120,264553123,132.86106239007265,0.15943327486808717,0.0,30.0,baja,True,0,residencial,Carrera 2A,,False,False,[],
89623479#3,264553120,264553080,95.89211055161466,0.11507053266193759,0.0,30.0,baja,True,0,residencial,Calle 72 Bis,,False,False,[],"[[-74.0520736, 4.653668], [-74.0521294, 4.6536836], [-74.0522339, 4.6536906], [-74.0523295, 4.6537171], [-74.0524545, 4.6537678], [-74.052824, 4.6539718], [-74.0528642, 4.653994]]"
"[89623449, 1003822686, 1003822687]#1",264553120,264553086,181.78759743837048,0.21814511692604457,0.0,30.0,baja,True,0,residencial,Calle 72 Bis,,False,False,[],"[[-74.0520736, 4.653668], [-74.0519732, 4.6535363], [-74.0518894, 4.6534127], [-74.0518552, 4.653302], [-74.0518084, 4.6532107], [-74.0517162, 4.6530825], [-74.0516322, 4.6529948], [-74.0515506, 4.6529153], [-74.0513875, 4.6527806], [-74.0511964, 4.6526642], [-74.0509615, 4.6525202]]"
24381627#1,264553123,264553120,132.86106239007265,0.15943327486808717,0.0,30.0,baja,True,0,residencial,Carrera 2A,,False,False,[],
24381666#1,264553463,264553464,73.69181730567755,0.08843018076681305,0.0,30.0,baja,True,0,residencial,Calle 74,,True,False,[],"[[-74.0522735, 4.655556], [-74.0522211, 4.6555297], [-74.0516801, 4.655257]]"
89617698#1,264553463,450845652,76.6480438065812,0.09197765256789744,0.0,45.0,baja,True,0,terciaria,Carrera 4,2.0,True,False,[],"[[-74.0522735, 4.655556], [-74.0521116, 4.655895], [-74.051981, 4.6561806]]"
37637382,264553464,264553465,121.11141618125112,0.14533369941750135,0.0,30.0,baja,True,0,residencial,Calle 74,,False,False,[],
89619162,264553464,441217424,63.22220963006789,0.07586665155608147,0.0,30.0,baja,True,0,residencial,Carrera 3,2.0,True,False,[],
37637380,264553464,441217462,57.66139797533969,0.06919367757040763,0.0,30.0,baja,True,0,residencial,Carrera 3,,False,False,[],"[[-74.0516801, 4.655257], [-74.0518521, 4.6549034], [-74.0519071, 4.6547904]]"
37637382#1,264553465,264553464,121.11141618125112,0.14533369941750135,0.0,30.0,baja,True,0,residencial,Calle 74,,False,False,[],
38243478,264553465,3511347700,72.16334603300339,0.08659601523960407,0.0,30.0,baja,True,0,residencial,Carrera 2,2.0,True,False,[],
37637385,264553634,441217422,46.65673800734932,0.05598808560881918,0.0,30.0,baja,True,0,residencial,Diagonal 74,1.0,True,False,[],"[[-74.0524247, 4.6573005], [-74.0526174, 4.6571522], [-74.0527626, 4.6570504]]"
856959934#3,264553634,441217423,44.13709404156552,0.052964512849878624,0.0,30.0,baja,True,0,terciaria,Carrera 5,2.0,True,False,[],"[[-74.0524247, 4.6573005], [-74.0524707, 4.6572156], [-74.0525089, 4.6571269], [-74.0525898, 4.6569396]]"
1042453915,264553634,3196497182,133.21129447093986,0.15985355336512783,0.0,30.0,baja,True,0,residencial,Calle 75,,True,False,[],"[[-74.0524247, 4.6573005], [-74.0524609, 4.6573312], [-74.0532922, 4.6580366], [-74.0533405, 4.6580764]]"
89617646,264553636,441217466,76.04820111831543,0.09125784134197852,0.0,30.0,baja,True,0,residencial,Calle 75,2.0,True,False,[],"[[-74.0516728, 4.6568812], [-74.0517512, 4.6569135], [-74.051847, 4.656953], [-74.0519455, 4.6569982], [-74.0520403, 4.6570477], [-74.0522814, 4.6571939]]"
89617698#2,264553636,311370574,95.26403615246328,0.11431684338295593,0.0,45.0,baja,True,0,terciaria,Carrera 4,2.0,True,False,[],"[[-74.0516728, 4.6568812], [-74.0514993, 4.6573806], [-74.051484, 4.6574265], [-74.0514591, 4.6574765], [-74.0514552, 4.6574842], [-74.0514147, 4.6575323], [-74.0513928, 4.6575469], [-74.0513687, 4.6575605], [-74.0512757, 4.6575946]]"
37637390,264553638,452556935,38.25767499583034,0.045909209994996404,0.0,30.0,baja,True,0,residencial,Calle 75,2.0,False,False,[],
89617646#1,264553638,264553636,98.05092321421625,0.11766110785705951,0.0,30.0,baja,True,0,residencial,Calle 75,2.0,True,False,[],"[[-74.0511529, 4.6562731], [-74.0511389, 4.6563265], [-74.0511382, 4.6563799], [-74.0511551, 4.6564646], [-74.051194, 4.656558], [-74.0512817, 4.6566638], [-74.0514134, 4.6567608], [-74.0516006, 4.6568494], [-74.0516263, 4.6568596], [-74.0516728, 4.6568812]]"
24381678,264553640,441217487,70.341236263545,0.08440948351625399,0.0,30.0,baja,True,0,residencial,Carrera 3,2.0,False,False,[],
1123709327,264553640,452556935,13.283482173599182,0.01594017860831902,0.0,30.0,baja,True,0,residencial,Diagonal 75,2.0,True,False,[],
529509160,264718124,264718187,66.15216687844158,0.07938260025412991,0.0,30.0,baja,True,0,terciaria,Carrera 9,3.0,True,False,[],"[[-74.056218, 4.6570967], [-74.0560095, 4.6573947], [-74.0559201, 4.6575227], [-74.0558766, 4.6575847]]"
1072014501,264718124,693951509,95.91725416150447,0.11510070499380537,0.0,45.0,baja,True,0,terciaria,Calle 73,3.0,True,False,[],"[[-74.056218, 4.6570967], [-74.0562751, 4.6571358], [-74.0568903, 4.6575576], [-74.0569311, 4.6575855]]"
529509160#1,264718187,264718620,121.68774118951998,0.146025289427424,0.0,30.0,baja,True,0,terciaria,Carrera 9,3.0,True,False,[],"[[-74.0558766, 4.6575847], [-74.0557871, 4.6577169], [-74.0552995, 4.6584455], [-74.0552667, 4.6584947]]"
1074517258,264718418,267899316,194.52407476534125,0.2334288897184095,0.0,50.0,baja,True,0,primaria,Avenida Carrera 7,2.0,True,False,[],"[[-74.0538203, 4.6575745], [-74.0539673, 4.6573576], [-74.0540073, 4.6572986], [-74.0540133, 4.6572893], [-74.0542819, 4.6568954], [-74.0544568, 4.6566651], [-74.0546195, 4.6564348], [-74.0547296, 4.6562721], [-74.0548156, 4.6561342]]"
529509160#2,264718620,267899323,172.29953605813697,0.20675944326976436,0.0,30.0,baja,True,0,terciaria,Carrera 9,3.0,True,False,[],"[[-74.0552667, 4.6584947], [-74.0544335, 4.6597249], [-74.054396, 4.6597784]]"
1074517257,264718620,439752068,99.73318162188116,0.1196798179462574,0.0,30.0,baja,True,0,residencial,Calle 75,2.0,True,False,[],"[[-74.0552667, 4.6584947], [-74.0552085, 4.6584577], [-74.0545062, 4.6580152]]"
935565631,264718938,13805375164,234.70108775462666,0.281641305305552,0.0,30.0,baja,True,0,residencial,Calle 78,2.0,True,False,[],"[[-74.0532823, 4.6614443], [-74.0533287, 4.6614806], [-74.0546825, 4.6625413], [-74.0548347, 4.6626643], [-74.0548794, 4.6627004], [-74.0549441, 4.6627526]]"
1012901994#1,264718938,308238457,90.41390292331053,0.10849668350797263,0.0,30.0,baja,True,0,terciaria,Carrera 9,2.0,True,False,[],"[[-74.0532823, 4.6614443], [-74.0532607, 4.6614821], [-74.0532063, 4.6615667], [-74.0530965, 4.6617363], [-74.0528424, 4.662129]]"
856959939,264718942,377918731,50.41795206591358,0.060501542479096296,0.0,30.0,baja,True,0,terciaria,Carrera 9,2.0,True,False,[],"[[-74.0516696, 4.66391], [-74.0516431, 4.6639504], [-74.0514117, 4.6642835]]"
856959944#1,264718942,884896421,143.8723806919021,0.1726468568302825,0.0,30.0,baja,True,0,terciaria,Calle 81,3.0,True,False,[],"[[-74.0516696, 4.66391], [-74.0517258, 4.6639468], [-74.0527546, 4.6646204]]"
24392161,264719943,264718938,241.0313342982516,0.2892376011579019,0.0,30.0,baja,True,0,residencial,Calle 78,2.0,True,False,[],"[[-74.051577, 4.660099], [-74.0516212, 4.6601339], [-74.0532405, 4.6614113], [-74.0532823, 4.6614443]]"
"[1014910032, 916471066]",264719943,253761969,107.33774325173613,0.12880529190208334,0.0,50.0,baja,True,0,primaria,Avenida Carrera 7,,True,False,[],"[[-74.051577, 4.660099], [-74.0517858, 4.659907], [-74.0518615, 4.6598376], [-74.0519546, 4.6597552], [-74.0520399, 4.6596765], [-74.0521396, 4.6595836], [-74.052285, 4.6594405]]"
277039659,264977631,9324820999,23.736582525402582,0.0284838990304831,0.0,30.0,baja,True,0,terciaria,Carrera 5,2.0,True,False,[],
993445013,264977631,309299184,129.61794811749218,0.1555415377409906,0.0,30.0,baja,True,0,residencial,Calle 69A,2.0,True,False,[],"[[-74.0553218, 4.6514437], [-74.0552844, 4.6514212], [-74.0543851, 4.6508807], [-74.0543203, 4.6508417]]"
675560591,265024857,268230526,109.88564930922963,0.13186277917107556,0.0,45.0,baja,True,0,terciaria,Calle 66,2.0,True,False,[],"[[-74.0617744, 4.6519972], [-74.061744, 4.6519813], [-74.0609648, 4.6515738], [-74.0608964, 4.6515381]]"
1155252531,265024857,5218821394,99.66260539465705,0.11959512647358847,0.0,50.0,baja,True,0,secundaria,Avenida Carrera 11,3.0,True,False,[],"[[-74.0617744, 4.6519972], [-74.0619385, 4.6516378], [-74.0621475, 4.6511817]]"
69339001,265024978,830760481,47.51159149588223,0.05701390979505868,0.0,30.0,baja,True,0,residencial,Calle 69A,2.0,False,False,[],
224364434,265024978,266892231,62.21614573835551,0.07465937488602661,0.0,30.0,baja,True,0,residencial,Carrera 10,2.0,True,False,[],
548026065,265025140,265498789,10.975274095382625,0.01317032891445915,0.0,30.0,baja,True,0,residencial,Carrera 10,2.0,False,False,[],
548026065#1,265025140,265498777,12.540471167214612,0.015048565400657535,0.0,30.0,baja,True,0,residencial,Carrera 10,2.0,False,False,[],
1051331380,265025140,9412503590,42.76813463292207,0.05132176155950648,0.0,30.0,baja,True,0,residencial,Calle 70,2.0,True,False,[],
1051331377,265025229,265498788,12.248165246235702,0.014697798295482845,0.0,30.0,baja,True,0,terciaria,Carrera 9,3.0,True,False,[],
89623501,265025229,9412503585,33.30683539180737,0.03996820247016885,0.0,30.0,baja,True,0,residencial,Calle 70,2.0,True,False,[],"[[-74.0584261, 4.6538455], [-74.0583716, 4.6538154], [-74.0581633, 4.6537002]]"
597105614,265498547,5385019319,42.83451766035566,0.05140142119242679,0.0,40.0,baja,True,0,otro,,1.0,True,False,[],"[[-74.055667, 4.6549469], [-74.0556335, 4.6548852], [-74.0556027, 4.6548221], [-74.0555747, 4.6547578], [-74.0555437, 4.654676], [-74.0555173, 4.6545927]]"
639468931,265498547,13281957924,29.123311095306633,0.03494797331436796,0.0,50.0,baja,True,0,secundaria,Avenida Calle 72,3.0,True,False,[],"[[-74.055667, 4.6549469], [-74.0555478, 4.6548682], [-74.055511, 4.6548439], [-74.0554479, 4.6548023]]"
24429250,265498776,265498777,82.44320261046387,0.09893184313255664,0.0,30.0,baja,True,0,residencial,Calle 70,2.0,True,False,[],"[[-74.0603365, 4.6548984], [-74.0603145, 4.6548844], [-74.0597581, 4.6545309], [-74.0597092, 4.6544999]]"
914963954,265498776,13617956754,106.1191338017164,0.12734296056205968,0.0,50.0,baja,True,0,secundaria,Avenida Carrera 11,3.0,True,False,[],"[[-74.0603365, 4.6548984], [-74.0605114, 4.6546307], [-74.0606702, 4.6543489], [-74.0607442, 4.6541956], [-74.0607669, 4.6541468], [-74.0607863, 4.6541052], [-74.0608029, 4.6540667]]"
224364434#1,265498777,265024978,55.08575094868455,0.06610290113842146,0.0,30.0,baja,True,0,residencial,Carrera 10,2.0,True,False,[],
548026065#2,265498777,265025140,12.540471167214612,0.015048565400657535,0.0,30.0,baja,True,0,residencial,Carrera 10,2.0,False,False,[],
89623468,265498788,9412503589,39.75137641902991,0.0477016517028359,0.0,30.0,baja,True,0,residencial,Calle 70,2.0,True,False,[],"[[-74.0583621, 4.6539353], [-74.0584159, 4.6539664], [-74.0586724, 4.6541146]]"
1064124041,265498788,268231703,89.53017671545635,0.10743621205854763,0.0,30.0,baja,True,0,terciaria,Carrera 9,3.0,True,False,[],"[[-74.0583621, 4.6539353], [-74.0583283, 4.6539856], [-74.0582241, 4.6541413], [-74.0580728, 4.6543673], [-74.057942, 4.6545626], [-74.0579141, 4.6546053]]"
548026065#3,265498789,5133179558,9.881466221313046,0.011857759465575655,0.0,30.0,baja,True,0,residencial,Carrera 10,2.0,False,False,[],
548026065#4,265498789,265025140,10.975274095382625,0.01317032891445915,0.0,30.0,baja,True,0,residencial,Carrera 10,2.0,False,False,[],
89607791,265580307,2807693397,26.68747965797669,0.03202497558957203,0.0,50.0,baja,True,0,secundaria,Avenida Carrera 11,1.0,True,False,[],
89607759,265580307,312648919,106.29509073927503,0.12755410888713004,0.0,45.0,baja,True,0,terciaria,Calle 82,2.0,True,False,[],"[[-74.0528903, 4.6656705], [-74.0528714, 4.6656587], [-74.0527966, 4.665612], [-74.0520645, 4.6651844]]"
24454934,265687601,267899279,86.38656096851062,0.10366387316221275,0.0,30.0,baja,True,0,residencial,Carrera 8,2.0,False,False,[],"[[-74.0503207, 4.6636448], [-74.0497737, 4.6641179], [-74.049732, 4.664154]]"
24454934#1,265687601,265687602,55.906027007659645,0.06708723240919158,0.0,30.0,baja,True,0,residencial,Carrera 8,2.0,False,False,[],"[[-74.0503207, 4.6636448], [-74.0505639, 4.6632547], [-74.0505881, 4.6632185]]"
24454934#2,265687602,265687601,55.906027007659645,0.06708723240919158,0.0,30.0,baja,True,0,residencial,Carrera 8,2.0,False,False,[],"[[-74.0505881, 4.6632185], [-74.0505639, 4.6632547], [-74.0503207, 4.6636448]]"
24454934#3,265687602,265687653,82.66301227755446,0.09919561473306535,0.0,30.0,baja,True,0,residencial,Carrera 8,2.0,False,False,[],"[[-74.0505881, 4.6632185], [-74.0506333, 4.6631476], [-74.0509635, 4.6626229], [-74.0509837, 4.6625883]]"
856959944#2,265687602,264718942,142.4027754615856,0.17088333055390273,0.0,30.0,baja,True,0,terciaria,Calle 81,3.0,True,False,[],"[[-74.0505881, 4.6632185], [-74.0516148, 4.663875], [-74.0516696, 4.66391]]"
24454934#4,265687653,265687602,82.66301227755446,0.09919561473306535,0.0,30.0,baja,True,0,residencial,Carrera 8,2.0,False,False,[],"[[-74.0509837, 4.6625883], [-74.0509635, 4.6626229], [-74.0506333, 4.6631476], [-74.0505881, 4.6632185]]"
89615950,265687653,265687956,148.3321448231617,0.17799857378779405,0.0,30.0,baja,True,0,residencial,Calle 80,2.0,True,False,[],"[[-74.0509837, 4.6625883], [-74.0499136, 4.6618795], [-74.0498677, 4.661852]]"
1012901994#2,265687654,264718942,80.24573528141742,0.09629488233770091,0.0,30.0,baja,True,0,terciaria,Carrera 9,2.0,True,False,[],"[[-74.0520701, 4.6633088], [-74.0518503, 4.6636428], [-74.0517111, 4.6638483], [-74.0516696, 4.66391]]"
1074585610,265687654,265687653,144.62138867334482,0.17354566640801378,0.0,30.0,baja,True,0,residencial,Calle 80,2.0,True,False,[],"[[-74.0520701, 4.6633088], [-74.0520207, 4.663276], [-74.0510391, 4.662625], [-74.0509837, 4.6625883]]"
1074585609,265687956,465823484,88.2806878013623,0.10593682536163476,0.0,50.0,baja,True,0,primaria,Avenida Carrera 7,2.0,True,False,[],
856959939#1,265784089,267899280,78.99685882568285,0.09479623059081942,0.0,30.0,baja,True,0,terciaria,Carrera 9,2.0,True,False,[],"[[-74.0511481, 4.6646177], [-74.0508885, 4.6649053], [-74.0508247, 4.6649717], [-74.0507844, 4.6650075], [-74.0507216, 4.6650617], [-74.0506811, 4.6651005], [-74.0506528, 4.6651275]]"
89607774,265784101,309297260,153.89010780850072,0.18466812937020086,0.0,30.0,baja,True,0,residencial,Calle 84C,,False,False,[],"[[-74.0496625, 4.6657838], [-74.0497041, 4.665814], [-74.050198, 4.6661725], [-74.0502622, 4.6662185], [-74.0507168, 4.6665424], [-74.0507557, 4.6665701], [-74.0507886, 4.6665935]]"
89615883,265784101,13009966825,99.1454108466534,0.11897449301598409,0.0,30.0,baja,True,0,residencial,Carrera 9,2.0,True,False,[],"[[-74.0496625, 4.6657838], [-74.0491888, 4.6664728], [-74.0491591, 4.6665208]]"
40936938,266023850,13778686646,96.1131243685737,0.11533574924228843,0.0,45.0,baja,True,0,terciaria,Carrera 20C,1.0,True,False,[],"[[-74.0640461, 4.6624542], [-74.0636948, 4.6631058], [-74.0636719, 4.6631483], [-74.0636356, 4.6632156]]"
89890946,266023850,354855993,119.10105773731541,0.1429212692847785,0.0,30.0,baja,True,0,residencial,Calle 73,2.0,False,False,[],"[[-74.0640461, 4.6624542], [-74.0640993, 4.6624903], [-74.0644066, 4.662694], [-74.0645997, 4.6628251], [-74.0649363, 4.6630542]]"
1041518480,266891706,5105816016,7.642643893894146,0.009171172672672975,0.0,60.0,baja,True,0,primaria,Avenida Carrera 7,2.0,True,False,[],
89623468#1,266891706,9412503578,45.55111605644727,0.054661339267736725,0.0,30.0,baja,True,0,residencial,Calle 70,2.0,True,False,[],"[[-74.0565568, 4.6528156], [-74.0566008, 4.6528487], [-74.0566952, 4.652916], [-74.0567846, 4.6529749], [-74.0568965, 4.6530459]]"
24546578,266892161,2807665507,9.440582310873593,0.01132869877304831,0.0,30.0,baja,True,0,residencial,Carrera 8,2.0,False,False,[],
89623501#1,266892161,9412503583,29.706482306021094,0.035647778767225316,0.0,30.0,baja,True,0,residencial,Calle 70,2.0,True,False,[],
645049755,266892161,266892197,169.38180965811225,0.20325817158973472,0.0,30.0,baja,True,0,residencial,Carrera 8,2.0,True,False,[],
1281336948#1,266892197,266892225,74.66306812785515,0.08959568175342619,0.0,45.0,baja,True,0,terciaria,Calle 69,2.0,True,False,[],
78285534,266892197,449727343,37.49968742064701,0.04499962490477641,0.0,30.0,baja,True,0,residencial,Carrera 8,2.0,False,False,[],"[[-74.058668, 4.6522416], [-74.0587125, 4.6521786], [-74.0588582, 4.6519627]]"
645049756,266892205,2807665508,8.887210441682639,0.010664652530019166,0.0,30.0,baja,True,0,residencial,Carrera 7A,2.0,False,False,[],
1064122262,266892205,9412503581,31.774262127840956,0.038129114553409144,0.0,30.0,baja,True,0,residencial,Calle 70,2.0,True,False,[],
24546582,266892225,266892205,178.92060570179873,0.21470472684215847,0.0,30.0,baja,True,0,residencial,Carrera 7A,2.0,True,False,[],"[[-74.0581355, 4.6518303], [-74.0577154, 4.6525211], [-74.0575974, 4.652711], [-74.0572832, 4.6531967]]"
"[1281336948, 1013401092]",266892225,266891797,81.39933100539972,0.09767919720647966,0.0,45.0,baja,True,0,terciaria,Calle 69,,True,False,[],"[[-74.0581355, 4.6518303], [-74.0578532, 4.6516123], [-74.0577097, 4.6515018], [-74.0576096, 4.6514233], [-74.0575555, 4.6513812]]"
89623406,266892231,268230382,54.341893969546405,0.06521027276345569,0.0,45.0,baja,True,0,terciaria,Calle 69,2.0,True,False,[],
524762363,266892231,5106175952,94.75590683661663,0.11370708820393997,0.0,30.0,baja,True,0,residencial,Carrera 10,2.0,False,False,[],
24644507,267890873,267890886,45.491235799640535,0.05458948295956864,0.0,30.0,baja,True,0,residencial,Calle 80,2.0,True,False,[],"[[-74.0563652, 4.6660263], [-74.0563522, 4.666018], [-74.0561978, 4.6659191], [-74.0560199, 4.6658051]]"
935565944#2,267890873,253847647,140.57326585584872,0.16868791902701846,0.0,45.0,baja,True,0,terciaria,Carrera 14,2.0,True,False,[],"[[-74.0563652, 4.6660263], [-74.0564729, 4.6658573], [-74.057009, 4.6649372]]"
24644507#1,267890875,267890876,85.60806735121412,0.10272968082145695,0.0,30.0,baja,True,0,residencial,Calle 80,2.0,True,False,[],
23430420#1,267890876,253762297,94.88868596180386,0.11386642315416462,0.0,30.0,baja,True,0,residencial,Carrera 12,2.0,False,False,[],
24644507#2,267890876,13805375161,103.18644461462057,0.12382373353754468,0.0,30.0,baja,True,0,residencial,Calle 80,2.0,True,False,[],"[[-74.0546528, 4.664816], [-74.0539686, 4.6643379], [-74.0539303, 4.6643111], [-74.0538879, 4.6642873]]"
24644507#3,267890877,267890875,52.67415397288252,0.06320898476745902,0.0,30.0,baja,True,0,residencial,Calle 80,2.0,True,False,[],
89616107#1,267890877,253761997,199.15714984765205,0.2389885798171824,0.0,30.0,baja,True,0,residencial,Carrera 13,2.0,True,False,[],
89616129#2,267890881,253762216,51.26717777239565,0.061520613326874786,0.0,30.0,baja,True,0,residencial,Calle 77,2.0,True,False,[],"[[-74.0574656, 4.662681], [-74.0572956, 4.6625723], [-74.057267, 4.6625536], [-74.0570766, 4.6624315]]"
639468916,267890881,12577137965,82.38973616798847,0.09886768340158618,0.0,30.0,baja,True,0,residencial,Carrera 13,2.0,False,False,[],"[[-74.0574656, 4.662681], [-74.0578209, 4.6621269], [-74.0578418, 4.6620943], [-74.0578663, 4.6620569]]"
24644510,267890883,267890885,101.01836219237406,0.12122203463084887,0.0,30.0,baja,True,0,residencial,Carrera 13A,2.0,True,False,[],
89616092#2,267890883,253762016,40.42503302766973,0.04851003963320367,0.0,30.0,baja,True,0,residencial,Calle 77A,2.0,True,False,[],"[[-74.0574387, 4.6634781], [-74.0577215, 4.6636634], [-74.0577435, 4.6636778]]"
24644510#1,267890885,267890886,201.76343516569875,0.2421161221988385,0.0,30.0,baja,True,0,residencial,Carrera 13A,2.0,True,False,[],
89616006#3,267890885,253761882,42.47783531958465,0.05097340238350158,0.0,30.0,baja,True,0,residencial,Calle 78,2.0,True,False,[],"[[-74.0569649, 4.6642542], [-74.0572643, 4.6644495], [-74.0572856, 4.6644634]]"
24644507#4,267890886,267890877,48.96242889461435,0.058754914673537224,0.0,30.0,baja,True,0,residencial,Calle 80,2.0,True,False,[],
1012901994#3,267890887,265687654,24.54915472088961,0.029458985665067532,0.0,30.0,baja,True,0,terciaria,Carrera 9,2.0,True,False,[],
1012901994#4,267890888,308238253,19.150796564028102,0.022980955876833725,0.0,30.0,baja,True,0,terciaria,Carrera 9,2.0,True,False,[],
89601284,267899265,309297385,86.09842168312484,0.10331810601974982,0.0,30.0,baja,True,0,terciaria,Carrera 13,1.0,True,False,[],"[[-74.0549244, 4.6669213], [-74.0549486, 4.6668769], [-74.0552835, 4.666261], [-74.0552952, 4.6662409]]"
366401397#1,267899265,267899291,103.22033940914567,0.12386440729097481,0.0,30.0,baja,True,0,secundaria,Calle 82,2.0,True,False,[],"[[-74.0549244, 4.6669213], [-74.0549075, 4.666911], [-74.0548887, 4.6668995], [-74.0541302, 4.6664364]]"
"[1066576037, 24645334]",267899270,267899293,152.0956376062881,0.18251476512754572,0.0,45.0,baja,True,0,terciaria,Calle 84A,2.0,True,False,[],"[[-74.0539671, 4.6686557], [-74.0539493, 4.6686466], [-74.0539238, 4.6686342], [-74.0539113, 4.6686239], [-74.0538937, 4.6686092], [-74.0534692, 4.6681525], [-74.053082, 4.6677393], [-74.0530186, 4.6676716]]"
89601149,267899270,267899274,79.596393986526,0.0955156727838312,0.0,45.0,baja,True,0,terciaria,Calle 84A,2.0,True,False,[],"[[-74.0539671, 4.6686557], [-74.0540002, 4.6686713], [-74.0543127, 4.6688224], [-74.0546134, 4.6689679]]"
89601284#1,267899270,267899265,220.1140789538839,0.2641368947446607,0.0,30.0,baja,True,0,terciaria,Carrera 13,1.0,True,False,[],"[[-74.0539671, 4.6686557], [-74.054002, 4.6685943], [-74.0542956, 4.6680647], [-74.0544852, 4.6677226], [-74.0545899, 4.6675316], [-74.0549041, 4.6669583], [-74.0549244, 4.6669213]]"
"[1079835922, 907224108]",267899271,12596010817,79.47135789846374,0.0953656294781565,0.0,30.0,baja,True,0,secundaria,Avenida Carrera 15,3.0,True,False,[],"[[-74.0555711, 4.6694311], [-74.0553882, 4.6698241], [-74.0553436, 4.66992], [-74.0553253, 4.6699593], [-74.0553092, 4.6699947], [-74.0552717, 4.6700805]]"
89601149#1,267899274,267899275,57.574062474321906,0.06908887496918628,0.0,45.0,baja,True,0,terciaria,Calle 84A,2.0,True,False,[],"[[-74.0546134, 4.6689679], [-74.0548541, 4.6690843], [-74.0550808, 4.6691939]]"
"[1079835923, 89601149]",267899275,267899271,60.401033478515366,0.07248124017421845,0.0,45.0,baja,True,0,terciaria,Calle 84A,2.0,True,False,[],"[[-74.0550808, 4.6691939], [-74.0554991, 4.6693963], [-74.0555711, 4.6694311]]"
89601233,267899275,852230734,99.62854052973512,0.11955424863568215,0.0,30.0,baja,True,0,residencial,Carrera 14A,2.0,True,False,[],"[[-74.0550808, 4.6691939], [-74.0551118, 4.6691282], [-74.055464, 4.6683834]]"
366401397#2,267899276,3539023324,33.81012070421109,0.040572144845053296,0.0,30.0,baja,True,0,secundaria,Calle 82,2.0,True,False,[],
1042737807,267899279,267899287,11.260818570447555,0.013512982284537066,0.0,30.0,baja,True,0,residencial,Carrera 8,2.0,False,False,[],
24454934#5,267899279,265687601,86.38656096851062,0.10366387316221275,0.0,30.0,baja,True,0,residencial,Carrera 8,2.0,False,False,[],"[[-74.049732, 4.664154], [-74.0497737, 4.6641179], [-74.0503207, 4.6636448]]"
1117881523,267899280,7989874750,11.197805518150533,0.013437366621780638,0.0,30.0,baja,True,0,terciaria,Carrera 9,2.0,True,False,[],
1117881524,267899280,7989874740,26.604851077321122,0.031925821292785345,0.0,45.0,baja,True,0,terciaria,Calle 84A,2.0,True,False,[],
1042737807#1,267899287,267899279,11.260818570447555,0.013512982284537066,0.0,30.0,baja,True,0,residencial,Carrera 8,2.0,False,False,[],
1164558935,267899287,267899288,122.71765614162071,0.14726118736994484,0.0,30.0,baja,True,0,terciaria,Calle 84A,2.0,True,False,[],"[[-74.049654, 4.6642189], [-74.049705, 4.6642737], [-74.0503912, 4.6650013], [-74.050412, 4.6650234]]"
1164558935#1,267899288,7989874750,26.73366291759208,0.0320803955011105,0.0,30.0,baja,True,0,terciaria,Calle 84A,2.0,True,False,[],
89615883#1,267899288,12898740865,32.165667853350605,0.03859880142402073,0.0,30.0,baja,True,0,residencial,Carrera 9,2.0,True,False,[],"[[-74.050412, 4.6650234], [-74.0503925, 4.6650413], [-74.0502006, 4.6652216]]"
1015605924,267899291,6366922443,15.717615851431713,0.018861139021718057,0.0,30.0,baja,True,0,secundaria,Calle 82,1.0,True,False,[],
89607790,267899291,826233860,16.50505251579093,0.019806063018949115,0.0,30.0,baja,True,0,residencial,Carrera 12,2.0,True,False,[],"[[-74.0541302, 4.6664364], [-74.0541008, 4.6664744], [-74.0540392, 4.6665539]]"
1066576036,267899293,267899340,11.992385672441417,0.0143908628069297,0.0,30.0,baja,True,0,residencial,Carrera 12,2.0,True,False,[],
89601250,267899293,13805375149,126.34964179060498,0.15161957014872599,0.0,45.0,baja,True,0,terciaria,Calle 84A,2.0,True,False,[],"[[-74.0530186, 4.6676716], [-74.0530038, 4.6676555], [-74.0526233, 4.6672436], [-74.0524745, 4.6670825], [-74.0523974, 4.6669988], [-74.0522903, 4.6668821], [-74.0522603, 4.6668493], [-74.0522469, 4.6668352]]"
"[1057681905, 1057681906]",267899316,5686336975,92.28171488626693,0.1107380578635203,0.0,50.0,baja,True,0,primaria,Avenida Carrera 7,2.0,True,False,[],"[[-74.0548156, 4.6561342], [-74.0548753, 4.6560383], [-74.0549504, 4.655914], [-74.0550518, 4.6557439], [-74.0551321, 4.6556054], [-74.0552038, 4.6554601], [-74.055228, 4.6554138]]"
1057681907,267899316,264718124,188.70987804745064,0.22645185365694076,0.0,45.0,baja,True,0,terciaria,Calle 73,3.0,True,False,[],"[[-74.0548156, 4.6561342], [-74.0548553, 4.6561615], [-74.05615, 4.6570501], [-74.056218, 4.6570967]]"
89617622,267899323,12577137968,237.3060524871089,0.2847672629845307,0.0,30.0,baja,True,0,secundaria,Calle 76,2.0,True,False,[],"[[-74.054396, 4.6597784], [-74.0544331, 4.6598022], [-74.0558878, 4.660767], [-74.0560739, 4.6608904], [-74.0561246, 4.6609247], [-74.056179, 4.6609601]]"
1012901994#5,267899323,263471094,106.59602818013819,0.12791523381616582,0.0,30.0,baja,True,0,terciaria,Carrera 9,2.0,True,False,[],"[[-74.054396, 4.6597784], [-74.0543427, 4.6598543], [-74.0540591, 4.6602087], [-74.0539761, 4.6603264], [-74.053878, 4.6604844], [-74.0538342, 4.660555]]"
89600717,267899340,267899342,96.08349053087608,0.11530018863705128,0.0,30.0,baja,True,0,residencial,Carrera 12,2.0,True,False,[],"[[-74.0529375, 4.667743], [-74.0529227, 4.6677583], [-74.0528158, 4.6678688], [-74.052688, 4.6680372], [-74.0526299, 4.6681206], [-74.0524622, 4.6683612], [-74.0524446, 4.6683871], [-74.0524148, 4.6684303]]"
"[1015605926, 1164558934]",267899340,13276895162,156.2123067353951,0.18745476808247413,0.0,45.0,baja,True,0,terciaria,Calle 84A,,True,False,[],"[[-74.0529375, 4.667743], [-74.0530072, 4.6678178], [-74.0530369, 4.6678498], [-74.053603, 4.6684634], [-74.0537986, 4.6686754], [-74.0538247, 4.6686986], [-74.0538508, 4.6687219], [-74.0538915, 4.6687477], [-74.0539082, 4.6687583]]"
"[1041551763, 914672126]",267899342,13805375143,115.06602777849805,0.13807923333419767,0.0,30.0,baja,True,0,secundaria,Avenida Calle 85,4.0,False,False,[],"[[-74.0524148, 4.6684303], [-74.0523031, 4.668366], [-74.0519276, 4.6681493], [-74.0517989, 4.6680751], [-74.0516624, 4.6679963], [-74.0515706, 4.6679362], [-74.0515398, 4.667916], [-74.0515205, 4.667905]]"
1164561373,267899342,13276801890,161.4344103482803,0.19372129241793637,0.0,30.0,baja,True,0,secundaria,Avenida Calle 85,4.0,False,False,[],"[[-74.0524148, 4.6684303], [-74.0536337, 4.6691332], [-74.0536548, 4.6691454], [-74.0536756, 4.6691574]]"
24645801,267902561,267902562,115.04160596299037,0.13804992715558845,0.0,30.0,baja,True,0,residencial,Carrera 14,2.0,False,False,[],"[[-74.0539442, 4.6705069], [-74.0544141, 4.6696226], [-74.05443, 4.6695926]]"
89582586,267902561,267902565,103.73986480507504,0.12448783776609007,0.0,30.0,baja,True,0,residencial,Calle 86A,2.0,True,False,[],"[[-74.0539442, 4.6705069], [-74.0539049, 4.6704922], [-74.0538656, 4.6704835], [-74.0530209, 4.6703594]]"
24645801#1,267902562,267902561,115.04160596299037,0.13804992715558845,0.0,30.0,baja,True,0,residencial,Carrera 14,2.0,False,False,[],"[[-74.05443, 4.6695926], [-74.0544141, 4.6696226], [-74.0539442, 4.6705069]]"
"[89601080, 89581008]",267902562,12596010817,108.07453922852187,0.12968944707422622,0.0,30.0,baja,True,0,secundaria,Avenida Calle 85,4.0,False,False,[],"[[-74.05443, 4.6695926], [-74.0551385, 4.6699849], [-74.0551851, 4.6700107], [-74.0552332, 4.6700495], [-74.0552717, 4.6700805]]"
89601080,267902562,13276801890,96.60203925088668,0.115922447101064,0.0,30.0,baja,True,0,secundaria,Avenida Calle 85,4.0,False,False,[],"[[-74.05443, 4.6695926], [-74.0540804, 4.669391], [-74.053973, 4.669329], [-74.0537588, 4.6692054], [-74.0537294, 4.6691885], [-74.0536756, 4.6691574]]"
89582586#1,267902565,2811229875,92.18432408545226,0.1106211889025427,0.0,30.0,baja,True,0,residencial,Calle 86A,2.0,True,False,[],
"[89601244, 1446437116]",267902565,13276801890,152.08139061251114,0.18249766873501336,0.0,30.0,baja,True,0,residencial,Carrera 13,2.0,True,False,[],"[[-74.0530209, 4.6703594], [-74.053326, 4.6698016], [-74.0536387, 4.6692254], [-74.0536568, 4.669192], [-74.0536756, 4.6691574]]"
68748982,268083089,268083090,13.861361805672411,0.016633634166806896,0.0,30.0,baja,True,0,residencial,Carrera 16A,2.0,False,False,[],
68748982#1,268083089,327871421,88.84620870053656,0.10661545044064388,0.0,30.0,baja,True,0,residencial,Carrera 16A,2.0,False,False,[],"[[-74.0564303, 4.6705726], [-74.0564518, 4.6705398], [-74.0564588, 4.6705236], [-74.0564835, 4.6704696], [-74.0567026, 4.6699898], [-74.056757, 4.669872], [-74.0567673, 4.6698481]]"
"[583975821, 917897783]",268083089,12596010817,140.8284566739018,0.16899414800868212,0.0,50.0,baja,True,0,secundaria,Avenida Calle 85,3.0,True,False,[],"[[-74.0564303, 4.6705726], [-74.0563998, 4.6705567], [-74.0563327, 4.6705236], [-74.0554287, 4.6701001], [-74.0553768, 4.6700758], [-74.0552717, 4.6700805]]"
68748982#2,268083090,268083089,13.861361805672411,0.016633634166806896,0.0,30.0,baja,True,0,residencial,Carrera 16A,2.0,False,False,[],
583975820#1,268083090,310000051,64.54695699581198,0.07745634839497437,0.0,50.0,baja,True,0,secundaria,Avenida Calle 85,3.0,True,False,[],
856995352,268083092,389158752,63.67471352309226,0.07640965622771072,0.0,50.0,baja,True,0,secundaria,Avenida Calle 85,3.0,True,False,[],
24663723,268083092,312644720,135.8551659940193,0.16302619919282318,0.0,30.0,baja,True,0,residencial,Carrera 19B,2.0,True,False,[],"[[-74.058512, 4.6715817], [-74.0585331, 4.6715419], [-74.0585415, 4.671525], [-74.0590549, 4.6704863]]"
583975820#2,268083093,434946794,69.06000042725698,0.08287200051270838,0.0,50.0,baja,True,0,secundaria,Avenida Calle 85,3.0,True,False,[],
1009693943,268152908,7989820878,12.80220947898847,0.015362651374786164,0.0,50.0,baja,True,0,secundaria,Calle 76,2.0,True,False,[],
414897562,268152908,903701516,106.77178475484084,0.128126141705809,0.0,50.0,baja,True,0,secundaria,Avenida Carrera 24,3.0,True,False,[],"[[-74.06483, 4.6665023], [-74.064762, 4.6665936], [-74.0646833, 4.6666992], [-74.0642848, 4.6672937]]"
1067969762,268152908,11599890959,23.401001103326404,0.028081201323991684,0.0,30.0,baja,True,0,secundaria,Calle 76,2.0,True,False,[],"[[-74.06483, 4.6665023], [-74.0648284, 4.6665766], [-74.0648267, 4.6666526], [-74.0648254, 4.6667127]]"
28458247,268152921,312649721,58.89813243969198,0.07067775892763037,0.0,45.0,baja,True,0,terciaria,Calle 78,2.0,True,False,[],"[[-74.0696711, 4.671805], [-74.0696247, 4.6717742], [-74.0692293, 4.6715106]]"
89901822,268153039,13383492234,40.98721890131616,0.049184662681579394,0.0,50.0,baja,True,0,secundaria,Avenida Carrera 24,3.0,True,False,[],"[[-74.0634079, 4.669271], [-74.0634251, 4.6691541], [-74.063444, 4.6690257], [-74.0634616, 4.6689063]]"
"[1049465109, 914670062]",268153039,5108574984,48.88386900354366,0.058660642804252386,0.0,70.0,baja,True,0,troncal,Avenida Calle 80,2.0,True,False,[],"[[-74.0634079, 4.669271], [-74.0634664, 4.6693399], [-74.0636927, 4.6696067]]"
1386360177,268153045,7989874524,11.785256501775107,0.014142307802130128,0.0,30.0,baja,True,0,residencial,Carrera 23,2.0,True,False,[],
1386360178,268153045,12496016371,82.83807851997872,0.09940569422397447,0.0,30.0,baja,True,0,secundaria,Avenida Calle 72,2.0,True,False,[],"[[-74.0664241, 4.662627], [-74.0664769, 4.662664], [-74.0669762, 4.6630101], [-74.067009, 4.6630329], [-74.0670375, 4.6630527]]"
"[71562890, 86670491]",268153063,851251660,101.40973754656834,0.121691685055882,0.0,30.0,baja,True,0,residencial,Calle 81,,False,False,[],"[[-74.0606115, 4.6686738], [-74.0606872, 4.6686871], [-74.0611081, 4.6687612], [-74.0611781, 4.6683578]]"
"[672573105, 86670531]",268153063,13859007793,126.40490076864005,0.15168588092236807,0.0,45.0,baja,True,0,terciaria,Carrera 20,1.0,True,False,[],"[[-74.0606115, 4.6686738], [-74.0607018, 4.6682074], [-74.0607697, 4.6678802], [-74.0607821, 4.6678414], [-74.0607974, 4.6678148], [-74.0608091, 4.6678052], [-74.0608261, 4.6677969], [-74.0608562, 4.6677893], [-74.0610476, 4.6678043]]"
627031723,268153063,13252260181,73.51194427289053,0.08821433312746864,0.0,40.0,baja,True,0,otro,,1.0,True,False,[],"[[-74.0606115, 4.6686738], [-74.060595, 4.668533], [-74.060584, 4.6684213], [-74.0605832, 4.6683278], [-74.0605972, 4.6680145]]"
89623406#1,268230382,263471068,107.43397854989837,0.12892077425987805,0.0,45.0,baja,True,0,terciaria,Calle 69,2.0,True,False,[],"[[-74.0599441, 4.6533079], [-74.0592549, 4.6526989], [-74.0592187, 4.652667]]"
1176611620,268230525,889749397,25.846692251852787,0.031016030702223345,0.0,30.0,baja,True,0,secundaria,Avenida Carrera 13,3.0,True,False,[],
89626707,268230525,7997515501,93.64119118684866,0.11236942942421839,0.0,30.0,baja,True,0,residencial,Calle 66,1.0,False,False,[],"[[-74.0629836, 4.6526275], [-74.063068, 4.6526703], [-74.063737, 4.6530087]]"
1013374832,268230525,265024857,151.23445819605453,0.18148134983526543,0.0,45.0,baja,True,0,terciaria,Calle 66,1.0,True,False,[],"[[-74.0629836, 4.6526275], [-74.0629457, 4.6526077], [-74.0622867, 4.6522642], [-74.0618214, 4.6520217], [-74.0617744, 4.6519972]]"
89626679,268230526,13617956758,83.11588825441994,0.09973906590530393,0.0,30.0,baja,True,0,residencial,Carrera 10,2.0,True,False,[],"[[-74.0608964, 4.6515381], [-74.0608832, 4.6515635], [-74.0606055, 4.6520991], [-74.0605837, 4.6521411], [-74.0605522, 4.6522022]]"
675560591#1,268230526,2313540150,50.405481446496694,0.06048657773579603,0.0,45.0,baja,True,0,terciaria,Calle 66,2.0,True,False,[],"[[-74.0608964, 4.6515381], [-74.0608589, 4.6515185], [-74.0604935, 4.6513278]]"
24677714,268231703,7989874563,234.08978804732072,0.28090774565678484,0.0,30.0,baja,True,0,residencial,Calle 70A,2.0,True,False,[],"[[-74.0579141, 4.6546053], [-74.0578789, 4.6545852], [-74.0574094, 4.6543172], [-74.0561336, 4.653589], [-74.0560812, 4.6535591]]"
1064124041#1,268231703,268231713,73.9630305272607,0.08875563663271283,0.0,30.0,baja,True,0,terciaria,Carrera 9,3.0,True,False,[],"[[-74.0579141, 4.6546053], [-74.0578969, 4.6546297], [-74.0576314, 4.6550264], [-74.0575431, 4.6551582]]"
24677717,268231713,9905016911,238.64763980511702,0.2863771677661404,0.0,30.0,baja,True,0,residencial,Calle 71,2.0,True,False,[],"[[-74.0575431, 4.6551582], [-74.0575848, 4.6551871], [-74.0584309, 4.6557724], [-74.0592604, 4.6563619], [-74.0593042, 4.6563931]]"
1064124041#2,268231713,13281957920,100.34966273482584,0.12041959528179101,0.0,30.0,baja,True,0,terciaria,Carrera 9,3.0,True,False,[],"[[-74.0575431, 4.6551582], [-74.0572045, 4.6556639], [-74.0571263, 4.6557805], [-74.0570787, 4.6558516], [-74.0570404, 4.6559088]]"
24677732,268231793,2807673252,117.15779029982525,0.14058934835979028,0.0,30.0,baja,True,0,residencial,Carrera 11A,2.0,False,False,[],
24677735,268231793,268231798,63.06265305225427,0.07567518366270512,0.0,30.0,baja,True,0,residencial,Diagonal 68,2.0,False,False,[],"[[-74.061416, 4.6546141], [-74.0615397, 4.6544883], [-74.0616608, 4.6544181], [-74.0617967, 4.6543828], [-74.0619082, 4.6543753]]"
89619164,268231793,13617956754,91.22505262053133,0.1094700631446376,0.0,30.0,baja,True,0,terciaria,Calle 69,2.0,True,False,[],"[[-74.061416, 4.6546141], [-74.0610528, 4.6542901], [-74.0609091, 4.654162], [-74.0608619, 4.6541199], [-74.0608029, 4.6540667]]"
914944179,268231795,268231809,51.80014561072186,0.06216017473286624,0.0,45.0,baja,True,0,terciaria,Avenida Carrera 13,2.0,True,False,[],
24677742,268231798,268231829,62.084508671810774,0.07450141040617292,0.0,30.0,baja,True,0,residencial,Carrera 12,2.0,False,False,[],
24677735#1,268231798,268231793,63.06265305225428,0.07567518366270513,0.0,30.0,baja,True,0,residencial,Diagonal 68,2.0,False,False,[],"[[-74.0619082, 4.6543753], [-74.0617967, 4.6543828], [-74.0616608, 4.6544181], [-74.0615397, 4.6544883], [-74.061416, 4.6546141]]"
1013808588,268231798,268231795,82.8632319544817,0.09943587834537805,0.0,30.0,baja,True,0,residencial,Diagonal 68,2.0,True,False,[],"[[-74.0619082, 4.6543753], [-74.0625576, 4.6545653], [-74.0626256, 4.6545852]]"
24677737,268231809,268231829,96.70121647052736,0.11604145976463283,0.0,30.0,baja,True,0,residencial,Calle 68,2.0,True,False,[],"[[-74.0627019, 4.6541256], [-74.0626437, 4.6541036], [-74.061886, 4.6538174]]"
89623635,268231809,13617956767,54.473760145925894,0.06536851217511107,0.0,45.0,baja,True,0,terciaria,Avenida Carrera 13,2.0,True,False,[],"[[-74.0627019, 4.6541256], [-74.0627589, 4.6537847], [-74.0627914, 4.6537331], [-74.0628354, 4.6536622]]"
914963954#1,268231810,13617956756,92.96508098590961,0.11155809718309154,0.0,50.0,baja,True,0,secundaria,Avenida Carrera 11,3.0,True,False,[],"[[-74.0610681, 4.6535093], [-74.0612757, 4.6530746], [-74.0613808, 4.6528531], [-74.0613991, 4.6528146], [-74.0614286, 4.6527544]]"
24677742#1,268231829,268231798,62.084508671810774,0.07450141040617292,0.0,30.0,baja,True,0,residencial,Carrera 12,2.0,False,False,[],
24677737#1,268231829,268231810,96.90497139649139,0.11628596567578967,0.0,30.0,baja,True,0,residencial,Calle 68,2.0,True,False,[],"[[-74.061886, 4.6538174], [-74.0611516, 4.65354], [-74.0610681, 4.6535093]]"
914963958,268231867,13281957908,138.47425216903306,0.16616910260283965,0.0,50.0,baja,True,0,secundaria,Avenida Calle 72,3.0,True,False,[],"[[-74.0598375, 4.6578245], [-74.05954, 4.6576211], [-74.0594636, 4.6575688], [-74.0594099, 4.6575321], [-74.0589155, 4.657194], [-74.0588579, 4.6571546], [-74.0588072, 4.65712]]"
24677745,268231899,2807673255,69.41671305732083,0.08330005566878501,0.0,30.0,baja,True,0,residencial,Calle 71,2.0,False,False,[],
24677748,268231899,268231867,122.626410276916,0.14715169233229922,0.0,30.0,baja,True,0,residencial,Carrera 12,2.0,True,False,[],"[[-74.060447, 4.6569041], [-74.0598628, 4.6577863], [-74.0598375, 4.6578245]]"
1009674517,268383664,255471027,60.670917164176394,0.07280510059701167,0.0,30.0,baja,True,0,residencial,Calle 63D,2.0,True,False,[],"[[-74.0688668, 4.6539836], [-74.0692928, 4.6540635], [-74.0693642, 4.6540763], [-74.0694049, 4.6540839]]"
1053475390,268383664,1041714613,107.65777117167372,0.12918932540600847,0.0,30.0,baja,True,0,terciaria,Carrera 19A,1.0,True,False,[],"[[-74.0688668, 4.6539836], [-74.0688758, 4.6539343], [-74.0689981, 4.6532584], [-74.0690312, 4.6530759], [-74.0690393, 4.6530308]]"
"[24715593, 28350804]",268383722,3510543813,150.42767975730638,0.18051321570876766,0.0,30.0,baja,True,0,residencial,Calle 76 Bis A,2.0,False,False,[],"[[-74.049055, 4.6559797], [-74.0490871, 4.6559947], [-74.0495389, 4.6562054], [-74.0498042, 4.6556636], [-74.0498503, 4.6555986], [-74.0499706, 4.6555306]]"
89619151,268383722,2822810518,163.91839597860337,0.19670207517432403,0.0,60.0,baja,True,0,primaria,Avenida Carrera 1,2.0,True,False,[],"[[-74.049055, 4.6559797], [-74.0495601, 4.6549702], [-74.0496688, 4.6547613], [-74.049717, 4.6546615]]"
38243480,269720678,441217487,138.8454457606673,0.16661453491280076,0.0,45.0,baja,True,0,terciaria,Diagonal 76,2.0,True,False,[],"[[-74.0500172, 4.657958], [-74.0501014, 4.6578666], [-74.0501748, 4.6577651], [-74.0502361, 4.6576558], [-74.0502843, 4.6575402], [-74.0503213, 4.6574199], [-74.0503335, 4.6572979], [-74.0503475, 4.6571735], [-74.050347, 4.6570484], [-74.050332, 4.6569241], [-74.0503027, 4.6568024]]"
344310234,269720678,4076489300,110.60039557723263,0.13272047469267914,0.0,30.0,baja,True,0,residencial,Carrera 3,2.0,False,False,[],"[[-74.0500172, 4.657958], [-74.0498245, 4.6581328], [-74.0493007, 4.6586501]]"
344856037,269720678,269720739,49.919694590961434,0.059903633509153724,0.0,30.0,baja,True,0,terciaria,Calle 77,2.0,False,False,[],"[[-74.0500172, 4.657958], [-74.0500544, 4.6579775], [-74.0500921, 4.657998], [-74.0501706, 4.6580436], [-74.0502481, 4.6580925], [-74.0503237, 4.6581443], [-74.0503977, 4.6581973]]"
344856037#1,269720739,269720678,49.91969459096143,0.05990363350915371,0.0,30.0,baja,True,0,terciaria,Calle 77,2.0,False,False,[],"[[-74.0503977, 4.6581973], [-74.0503237, 4.6581443], [-74.0502481, 4.6580925], [-74.0501706, 4.6580436], [-74.0500921, 4.657998], [-74.0500544, 4.6579775], [-74.0500172, 4.657958]]"
1010359865,269720739,269720740,15.261983500023891,0.018314380200028672,0.0,30.0,baja,True,0,terciaria,Calle 77,1.0,True,False,[],"[[-74.0503977, 4.6581973], [-74.0504284, 4.6582312], [-74.0504499, 4.6582716], [-74.0504614, 4.658316]]"
1123709324,269720740,309298977,67.13122359621656,0.08055746831545986,0.0,45.0,baja,True,0,terciaria,Carrera 4,2.0,True,False,[],"[[-74.0504614, 4.658316], [-74.0504517, 4.6584188], [-74.0504436, 4.6584785], [-74.0504265, 4.6585279], [-74.0503959, 4.6585798], [-74.0501716, 4.6588195]]"
89759313,278365681,1041714555,91.89145785818026,0.11026974942981631,0.0,30.0,baja,True,0,secundaria,Avenida Carrera 17,3.0,True,False,[],
1053475389,278365681,283342330,94.95875884369022,0.11395051061242827,0.0,30.0,baja,True,0,residencial,Calle 63A,2.0,False,False,[],"[[-74.0674312, 4.6511931], [-74.0674707, 4.6512018], [-74.0676859, 4.651243], [-74.0682722, 4.6513563]]"
89874714#4,283253380,253762143,102.13597022928295,0.12256316427513954,0.0,30.0,baja,True,0,residencial,Calle 67,2.0,False,False,[],
837258673,283253380,310666802,77.44401422690405,0.09293281707228486,0.0,45.0,baja,True,0,terciaria,Carrera 19,2.0,True,False,[],
89874714#5,283253380,283255690,109.28423547472893,0.13114108256967472,0.0,30.0,baja,True,0,residencial,Calle 67,2.0,False,False,[],"[[-74.066909, 4.6562737], [-74.0661053, 4.6557712], [-74.0660737, 4.6557514]]"
89890356,283255674,312660204,67.82196787199523,0.08138636144639426,0.0,30.0,baja,True,0,residencial,Carrera 20A,2.0,False,False,[],"[[-74.0625506, 4.6614304], [-74.0625833, 4.6613785], [-74.0628761, 4.6609139]]"
1020187996,283255674,375478380,100.79218599296853,0.12095062319156225,0.0,30.0,baja,True,0,residencial,Calle 73,2.0,True,False,[],"[[-74.0625506, 4.6614304], [-74.0625924, 4.6614593], [-74.062903, 4.6616719], [-74.062974, 4.6617205], [-74.0632329, 4.6618902], [-74.0632577, 4.6619065], [-74.0633045, 4.6619373]]"
1020187997,283255674,13617994821,97.90644666222283,0.11748773599466741,0.0,30.0,baja,True,0,residencial,Calle 73,2.0,False,False,[],"[[-74.0625506, 4.6614304], [-74.0625132, 4.6614051], [-74.0622983, 4.661258], [-74.0618222, 4.6609322]]"
1072014510,283255674,12594549131,100.11152036988386,0.12013382444386064,0.0,30.0,baja,True,0,residencial,Carrera 20A,2.0,True,False,[],"[[-74.0625506, 4.6614304], [-74.0625254, 4.6614714], [-74.0624728, 4.661557], [-74.0622986, 4.6618403], [-74.0621172, 4.6621354], [-74.0621047, 4.6621558], [-74.0620787, 4.6621981]]"
1115988564,283255680,373376217,58.32811445845631,0.06999373735014758,0.0,30.0,baja,True,0,secundaria,Avenida Carrera 17,2.0,True,False,[],
89878192,283255680,312655858,105.19964721264192,0.1262395766551703,0.0,30.0,baja,True,0,residencial,Calle 70A,2.0,True,False,[],"[[-74.0645613, 4.6581635], [-74.0645933, 4.6581834], [-74.0653148, 4.6586313], [-74.065367, 4.6586637]]"
1115988564#1,283255682,5143754204,47.56833015922854,0.05708199619107425,0.0,30.0,baja,True,0,secundaria,Avenida Carrera 17,2.0,True,False,[],
1182593945,283255682,373377291,62.91104136289619,0.07549324963547542,0.0,30.0,baja,True,0,terciaria,Calle 69,2.0,True,False,[],"[[-74.0651105, 4.657274], [-74.0650796, 4.6572548], [-74.0646286, 4.656975]]"
89874714#6,283255690,283253380,109.28423547472893,0.13114108256967472,0.0,30.0,baja,True,0,residencial,Calle 67,2.0,False,False,[],"[[-74.0660737, 4.6557514], [-74.0661053, 4.6557712], [-74.066909, 4.6562737]]"
1195016029,283255690,13790717177,79.72998167784876,0.0956759780134185,0.0,30.0,baja,True,0,secundaria,Avenida Carrera 17,2.0,True,False,[],"[[-74.0660737, 4.6557514], [-74.065752, 4.6562596], [-74.065725, 4.6563022], [-74.0656898, 4.6563578]]"
1195016030,283255690,310666622,66.87307134115675,0.0802476856093881,0.0,30.0,baja,True,0,residencial,Calle 67,2.0,False,False,[],"[[-74.0660737, 4.6557514], [-74.0660389, 4.655729], [-74.0655671, 4.6554247]]"
"[1107749296, 89875089]",283342319,283342322,104.76105952403451,0.12571327142884142,0.0,30.0,baja,True,0,terciaria,Calle 64,2.0,True,False,[],"[[-74.0662721, 4.6525852], [-74.0663238, 4.6526169], [-74.067043, 4.6530577], [-74.0670773, 4.6530787]]"
909618850,283342319,498602117,64.76013119354545,0.07771215743225453,0.0,30.0,baja,True,0,residencial,Carrera 16,2.0,True,False,[],"[[-74.0662721, 4.6525852], [-74.0662651, 4.6526247], [-74.0661738, 4.6531593]]"
857006067,283342322,283342327,104.27842943271719,0.12513411531926064,0.0,30.0,baja,True,0,terciaria,Calle 64,2.0,True,False,[],"[[-74.0670773, 4.6530787], [-74.0671187, 4.6531044], [-74.06781, 4.6535385], [-74.0678735, 4.6535784]]"
1408392708,283342322,498602113,56.18695081252847,0.06742434097503418,0.0,30.0,baja,True,0,secundaria,Avenida Carrera 17,3.0,True,False,[],"[[-74.0670773, 4.6530787], [-74.0670665, 4.653139], [-74.066988, 4.6535761]]"
1053475392,283342323,1041714606,75.58624659166627,0.09070349590999953,0.0,30.0,baja,True,0,residencial,Calle 63D,2.0,False,False,[],
89890128#2,283342324,1041714527,36.86172393644907,0.04423406872373888,0.0,30.0,baja,True,0,terciaria,Carrera 20,2.0,True,False,[],"[[-74.0691391, 4.6544987], [-74.0691183, 4.6545302], [-74.0689573, 4.6547763]]"
601899187,283342324,310666305,84.50598954862637,0.10140718745835164,0.0,30.0,baja,True,0,terciaria,Calle 64,2.0,True,False,[],"[[-74.0691391, 4.6544987], [-74.0691748, 4.6545234], [-74.0696944, 4.6548822], [-74.0697658, 4.6549316]]"
89875364,283342327,1041714704,82.70509335815065,0.09924611202978079,0.0,30.0,baja,True,0,residencial,Carrera 18,2.0,False,False,[],"[[-74.0678735, 4.6535784], [-74.0678772, 4.6535515], [-74.068004, 4.6528461]]"
857006067#1,283342327,5102158168,65.3495613205516,0.07841947358466192,0.0,30.0,baja,True,0,terciaria,Calle 64,2.0,True,False,[],"[[-74.0678735, 4.6535784], [-74.0683094, 4.6538519], [-74.0683725, 4.6538915]]"
1053475389#1,283342329,283342330,59.68704664827013,0.07162445597792416,0.0,30.0,baja,True,0,residencial,Calle 63A,2.0,False,False,[],
1053475389#2,283342329,1041714652,57.08521678229076,0.06850226013874891,0.0,30.0,baja,True,0,residencial,Calle 63A,2.0,False,False,[],"[[-74.0688009, 4.6514585], [-74.0692315, 4.6515454], [-74.0692763, 4.6515504], [-74.0693064, 4.6515562]]"
89875364#1,283342330,1041714566,89.90100229179828,0.10788120275015793,0.0,30.0,baja,True,0,residencial,Carrera 18,2.0,False,False,[],
1053475389#3,283342330,283342329,59.68704664827013,0.07162445597792416,0.0,30.0,baja,True,0,residencial,Calle 63A,2.0,False,False,[],
1053475389#4,283342330,278365681,94.95875884369023,0.11395051061242828,0.0,30.0,baja,True,0,residencial,Calle 63A,2.0,False,False,[],"[[-74.0682722, 4.6513563], [-74.0676859, 4.651243], [-74.0674707, 4.6512018], [-74.0674312, 4.6511931]]"
1012901994#6,308238253,311373884,53.17453080375907,0.06380943696451088,0.0,30.0,baja,True,0,terciaria,Carrera 9,2.0,True,False,[],
1057681904,308238350,308238542,16.79426380003048,0.020153116560036575,0.0,50.0,baja,True,0,primaria,Avenida Carrera 7,2.0,True,False,[],
28071845,308238350,465823668,58.415427813203,0.07009851337584361,0.0,30.0,baja,True,0,residencial,Calle 79A,2.0,True,False,[],"[[-74.0508517, 4.6608391], [-74.0509188, 4.6608746], [-74.0509401, 4.6608858], [-74.0509947, 4.6609244], [-74.0510405, 4.660963], [-74.0511761, 4.6610932], [-74.0512476, 4.6611789]]"
1012901994#7,308238457,267890888,31.588789838487624,0.03790654780618515,0.0,30.0,baja,True,0,terciaria,Carrera 9,2.0,True,False,[],
28071873,308238457,465823593,93.95245455201005,0.11274294546241206,0.0,30.0,baja,True,0,residencial,Calle 79,1.0,True,False,[],"[[-74.0528424, 4.662129], [-74.0528014, 4.6620947], [-74.0521929, 4.661586]]"
1057681904#1,308238542,264719943,98.25705838222255,0.11790847005866706,0.0,50.0,baja,True,0,primaria,Avenida Carrera 7,2.0,True,False,[],"[[-74.0509613, 4.6607348], [-74.0511789, 4.6605115], [-74.0515406, 4.6601367], [-74.051577, 4.660099]]"
89600819,309297260,309297320,60.358799841687016,0.07243055981002441,0.0,30.0,baja,True,0,residencial,Carrera 10,2.0,False,False,[],
89600819#1,309297260,5133139632,86.41783180821653,0.10370139816985985,0.0,30.0,baja,True,0,residencial,Carrera 10,2.0,False,False,[],"[[-74.0507886, 4.6665935], [-74.050296, 4.6671288], [-74.0502643, 4.6671686]]"
89607774#1,309297260,265784101,153.89010780850066,0.1846681293702008,0.0,30.0,baja,True,0,residencial,Calle 84C,,False,False,[],"[[-74.0507886, 4.6665935], [-74.0507557, 4.6665701], [-74.0507168, 4.6665424], [-74.0502622, 4.6662185], [-74.050198, 4.6661725], [-74.0497041, 4.665814], [-74.0496625, 4.6657838]]"
89600819#2,309297320,309297260,60.358799841687016,0.07243055981002441,0.0,30.0,baja,True,0,residencial,Carrera 10,2.0,False,False,[],
28159742,309297320,12898740865,155.84797495158017,0.18701756994189622,0.0,30.0,baja,True,0,residencial,Calle 84B,,True,False,[],"[[-74.0511856, 4.6662219], [-74.0511619, 4.6661978], [-74.0502325, 4.665254], [-74.0502006, 4.6652216]]"
89600819#3,309297320,1038604575,27.504018658078255,0.033004822389693905,0.0,30.0,baja,True,0,residencial,Carrera 10,2.0,False,False,[],"[[-74.0511856, 4.6662219], [-74.0513425, 4.6660964], [-74.0513577, 4.6660847], [-74.0513794, 4.6660674]]"
929026390,309297385,253848294,93.1853284836835,0.11182239418042021,0.0,30.0,baja,True,0,terciaria,Calle 81,2.0,True,False,[],"[[-74.0552952, 4.6662409], [-74.0555073, 4.6663798], [-74.0559492, 4.6666692], [-74.0559626, 4.6666799], [-74.0559962, 4.6667035]]"
249087737,309297394,884884200,210.95177552640138,0.2531421306316816,0.0,30.0,baja,True,0,residencial,Carrera 13A,,False,False,[],
"[24645348, 249087740]",309297394,311375156,107.48110973617067,0.1289773316834048,0.0,30.0,baja,True,0,residencial,Calle 88,,True,False,[],"[[-74.0527504, 4.6722517], [-74.052297, 4.6720357], [-74.0522564, 4.6720109], [-74.0522269, 4.6719824], [-74.052201, 4.6719456], [-74.0521927, 4.6719171], [-74.0521909, 4.6718922], [-74.0521927, 4.6718683], [-74.0521973, 4.671837], [-74.0522099, 4.6717974], [-74.052284, 4.6716326]]"
"[89580952, 28224284, 28159861]",309298297,268083090,326.7559838984666,0.39210718067815997,0.0,30.0,baja,True,0,residencial,Carrera 16A,2.0,True,False,[],"[[-74.0558427, 4.6704242], [-74.0558245, 4.6704644], [-74.0553308, 4.6714856], [-74.055395, 4.6715159], [-74.0558503, 4.6717437], [-74.0563158, 4.6707744], [-74.0563439, 4.6707159], [-74.0563618, 4.6706769]]"
917897784,309298297,268083090,64.02515263656848,0.07683018316388217,0.0,30.0,baja,True,0,residencial,Carrera 16A,2.0,True,False,[],"[[-74.0558427, 4.6704242], [-74.0558245, 4.6704644], [-74.0553308, 4.6714856], [-74.055395, 4.6715159], [-74.0558503, 4.6717437], [-74.0563158, 4.6707744], [-74.0563439, 4.6707159], [-74.0563618, 4.6706769]]"
672573084,309298536,775387251,57.3629777425081,0.06883557329100971,0.0,30.0,baja,True,0,terciaria,Carrera 22,4.0,False,False,[],
672573110,309298536,928172485,55.80619579818855,0.06696743495782626,0.0,30.0,baja,True,0,residencial,Calle 83,2.0,False,False,[],
1059633473,309298536,775387213,48.359465766180676,0.05803135891941682,0.0,30.0,baja,True,0,residencial,Calle 83,2.0,False,False,[],
1059633474,309298536,1873784300,99.36732457508074,0.11924078949009688,0.0,30.0,baja,True,0,terciaria,Carrera 22,4.0,False,False,[],"[[-74.0616948, 4.6708404], [-74.0616734, 4.6710158], [-74.0616481, 4.6711679], [-74.0615517, 4.6717224]]"
1552154888,309298537,12438940386,87.50805003747114,0.10500966004496537,0.0,30.0,baja,True,0,secundaria,Avenida Carrera 24,3.0,True,False,[],
1059633473#1,309298537,775387213,109.78028655755024,0.1317363438690603,0.0,30.0,baja,True,0,residencial,Calle 83,2.0,False,False,[],"[[-74.0631059, 4.6710516], [-74.0630458, 4.6710426], [-74.0621263, 4.6709051]]"
28159984,309298977,3510543816,163.39607559284553,0.19607529071141463,0.0,45.0,baja,True,0,terciaria,Carrera 4,2.0,False,False,[],"[[-74.0501716, 4.6588195], [-74.0498799, 4.6591353], [-74.0496376, 4.659403], [-74.0494748, 4.6595679], [-74.0494033, 4.6596226], [-74.0493148, 4.6596516], [-74.0491807, 4.6596753], [-74.0490556, 4.6597117]]"
89617791,309298977,311370734,83.55339674530028,0.10026407609436035,0.0,30.0,baja,True,0,residencial,Calle 78,2.0,True,False,[],"[[-74.0501716, 4.6588195], [-74.0502004, 4.6588412], [-74.0503848, 4.6589804], [-74.0505566, 4.6590974], [-74.0507312, 4.6592063], [-74.0507919, 4.6592457]]"
89628269,309299184,311342544,58.548785558897826,0.07025854267067738,0.0,45.0,baja,True,0,terciaria,Carrera 4,2.0,True,False,[],
277039658,309299184,2815920114,97.26208205536798,0.1167144984664416,0.0,30.0,baja,True,0,residencial,Calle 69A,2.0,False,False,[],"[[-74.0543203, 4.6508417], [-74.0543002, 4.6508293], [-74.0539738, 4.6506289], [-74.0539472, 4.6506195], [-74.0539059, 4.6506145], [-74.0538648, 4.6506204], [-74.053831, 4.6506343], [-74.0538023, 4.6506547], [-74.0536512, 4.6508984]]"
583975820#3,310000051,310000063,66.40619055327383,0.0796874286639286,0.0,50.0,baja,True,0,secundaria,Avenida Calle 85,3.0,True,False,[],
89580872,310000051,1025325610,134.98613322009518,0.16198335986411422,0.0,30.0,baja,True,0,residencial,Carrera 18,2.0,False,False,[],"[[-74.0568856, 4.6709307], [-74.0568662, 4.6709689], [-74.05637, 4.6720305]]"
583975820#4,310000063,253761879,64.96798617736547,0.07796158341283857,0.0,50.0,baja,True,0,secundaria,Avenida Calle 85,3.0,True,False,[],
1457203688,310000063,327915650,14.22808946578328,0.017073707358939934,0.0,30.0,baja,True,0,residencial,Carrera 19,,False,False,[],
"[88264738, 29766428]",310000063,1025325610,198.5248657994448,0.23822983895933372,0.0,30.0,baja,True,0,residencial,Calle 86,2.0,False,False,[],"[[-74.0574242, 4.6711924], [-74.057405, 4.6712298], [-74.0568895, 4.6722796], [-74.05637, 4.6720305]]"
89875176,310000249,310000257,126.47431232338455,0.15176917478806146,0.0,30.0,baja,True,0,residencial,Carrera 15,2.0,True,False,[],
89878192#1,310000249,373376512,84.06387990023582,0.10087665588028298,0.0,30.0,baja,True,0,residencial,Calle 70A,2.0,True,False,[],
1431127860,310000257,373376286,87.96482094068115,0.10555778512881739,0.0,30.0,baja,True,0,residencial,Carrera 15,2.0,True,False,[],
1431127861,310000257,373376121,65.9775974653205,0.07917311695838461,0.0,30.0,baja,True,0,residencial,Calle 71,2.0,True,False,[],"[[-74.0633895, 4.6586409], [-74.0633126, 4.6586065], [-74.0628116, 4.6585061]]"
89878192#2,310000260,312656398,68.69259052406902,0.08243110862888284,0.0,30.0,baja,True,0,residencial,Calle 70A,2.0,True,False,[],
89889992,310000260,312656218,116.54971174497807,0.1398596540939737,0.0,30.0,baja,True,0,residencial,Carrera 21,2.0,False,False,[],
89889992#1,310000260,312656219,115.58669329818349,0.1387040319578202,0.0,30.0,baja,True,0,residencial,Carrera 21,2.0,False,False,[],"[[-74.0667674, 4.6595322], [-74.0662045, 4.6603492], [-74.066177, 4.6603891]]"
28224332,310666305,310666529,26.885434107409502,0.032262520928891404,0.0,30.0,baja,True,0,residencial,Carrera 21,2.0,False,False,[],
1009674516,310666305,1942092486,56.912811006035966,0.06829537320724316,0.0,30.0,baja,True,0,terciaria,Calle 64,1.0,True,False,[],
1053475393,310666305,1041714606,85.32696450376608,0.1023923574045193,0.0,30.0,baja,True,0,residencial,Carrera 21,2.0,False,False,[],
25973463,310666402,1041714606,108.54943807531315,0.1302593256903758,0.0,30.0,baja,True,0,residencial,Carrera 21,2.0,False,False,[],
25973463#1,310666402,1041714677,78.83123692252977,0.09459748430703573,0.0,30.0,baja,True,0,residencial,Carrera 21,2.0,False,False,[],
89874957,310666402,1041714620,54.60564334506115,0.06552677201407338,0.0,30.0,baja,True,0,residencial,Calle 63C,2.0,False,False,[],"[[-74.0700625, 4.6532133], [-74.06963, 4.6531362], [-74.0695775, 4.6531268]]"
909618851,310666444,13441319707,77.02343948774185,0.09242812738529023,0.0,30.0,baja,True,0,residencial,Carrera 16,2.0,True,False,[],"[[-74.0663976, 4.6518533], [-74.0662907, 4.6524789], [-74.0662806, 4.6525361]]"
1053475387,310666444,1041714555,99.10503015614995,0.11892603618737994,0.0,30.0,baja,True,0,residencial,Calle 63B,2.0,False,False,[],"[[-74.0663976, 4.6518533], [-74.067232, 4.6519973], [-74.0672787, 4.6520054]]"
28224332#1,310666529,310666305,26.885434107409502,0.032262520928891404,0.0,30.0,baja,True,0,residencial,Carrera 21,2.0,False,False,[],
183796254,310666529,1942092486,59.39220506225156,0.07127064607470188,0.0,30.0,baja,True,0,residencial,Calle 63F,2.0,True,False,[],
89874739,310666529,1041714527,88.22219572087134,0.1058666348650456,0.0,30.0,baja,True,0,residencial,Calle 65,2.0,False,False,[],"[[-74.0696558, 4.6551471], [-74.0695332, 4.6551172], [-74.0689891, 4.6547951], [-74.0689573, 4.6547763]]"
89875262,310666529,312656093,120.72683974239474,0.1448722076908737,0.0,30.0,baja,True,0,residencial,Carrera 21,2.0,False,False,[],"[[-74.0696558, 4.6551471], [-74.0690727, 4.6560109], [-74.0690477, 4.6560479]]"
89874989,310666531,498602113,155.53290686582093,0.18663948823898513,0.0,30.0,baja,True,0,residencial,Calle 65,2.0,False,False,[],"[[-74.0682168, 4.6542489], [-74.0679309, 4.6540624], [-74.0670233, 4.6535957], [-74.066988, 4.6535761]]"
89874989#1,310666531,1041714527,100.86811563264425,0.1210417387591731,0.0,30.0,baja,True,0,residencial,Calle 65,2.0,False,False,[],"[[-74.0682168, 4.6542489], [-74.0689163, 4.6547471], [-74.0689573, 4.6547763]]"
837258672,310666531,5102158168,44.037627509559506,0.05284515301147141,0.0,30.0,baja,True,0,terciaria,Carrera 19,2.0,True,False,[],"[[-74.0682168, 4.6542489], [-74.0683398, 4.654037], [-74.0683584, 4.6539977], [-74.0683662, 4.653968], [-74.0683705, 4.6539514], [-74.0683725, 4.6538915]]"
1195016030#1,310666622,283255690,66.87307134115675,0.0802476856093881,0.0,30.0,baja,True,0,residencial,Calle 67,2.0,False,False,[],"[[-74.0655671, 4.6554247], [-74.0660389, 4.655729], [-74.0660737, 4.6557514]]"
1195016030#2,310666622,312655767,102.20859579180936,0.12265031495017123,0.0,30.0,baja,True,0,residencial,Calle 67,2.0,False,False,[],"[[-74.0655671, 4.6554247], [-74.0650724, 4.6551177], [-74.0647842, 4.6549389]]"
28290560,310666711,7596155969,98.65815119376425,0.1183897814325171,0.0,30.0,baja,True,0,residencial,Calle 66A,2.0,False,False,[],
89874769,310666711,261817164,63.92284529653439,0.07670741435584126,0.0,30.0,baja,True,0,residencial,Carrera 15,2.0,True,False,[],"[[-74.0649105, 4.6542133], [-74.0650001, 4.6536986], [-74.0650121, 4.6536475]]"
675560588,310666712,310666622,80.5031578937443,0.09660378947249317,0.0,30.0,baja,True,0,residencial,Carrera 16,2.0,True,False,[],
28290563,310666712,373377963,96.95146205268237,0.11634175446321884,0.0,30.0,baja,True,0,residencial,Calle 66A,2.0,False,False,[],"[[-74.0656873, 4.6547107], [-74.0657745, 4.6547575], [-74.0664063, 4.655119], [-74.0664473, 4.6551424]]"
28290563#1,310666802,373377963,110.62649086121327,0.13275178903345594,0.0,30.0,baja,True,0,residencial,Calle 66A,2.0,False,False,[],"[[-74.0672835, 4.6556857], [-74.0664844, 4.6551665], [-74.0664473, 4.6551424]]"
837258673#1,310666802,13903297060,80.23015555901081,0.09627618667081296,0.0,45.0,baja,True,0,terciaria,Carrera 19,2.0,True,False,[],"[[-74.0672835, 4.6556857], [-74.0676311, 4.6551397], [-74.0676558, 4.655101], [-74.0676714, 4.6550765]]"
28348772,311342355,433136408,133.60616839369416,0.16032740207243298,0.0,30.0,baja,True,0,residencial,Calle 70A,,False,False,[],"[[-74.0547465, 4.6523686], [-74.0547136, 4.652349], [-74.0537973, 4.6518032], [-74.0537117, 4.6517522]]"
277039659#1,311342355,311342541,64.85671226064922,0.07782805471277907,0.0,30.0,baja,True,0,terciaria,Carrera 5,2.0,True,False,[],"[[-74.0547465, 4.6523686], [-74.054798, 4.6522859], [-74.0550339, 4.6519066], [-74.0550549, 4.6518729]]"
89623506,311342541,435197561,79.81375071205535,0.09577650085446641,0.0,30.0,baja,True,0,residencial,Calle 70,2.0,True,False,[],"[[-74.0550549, 4.6518729], [-74.0551051, 4.6519031], [-74.0556717, 4.6522434]]"
277039659#2,311342541,264977631,56.14853560083188,0.06737824272099825,0.0,30.0,baja,True,0,terciaria,Carrera 5,2.0,True,False,[],"[[-74.0550549, 4.6518729], [-74.0552908, 4.6514936], [-74.0553218, 4.6514437]]"
28348785,311342544,311342541,131.58951204435493,0.15790741445322592,0.0,30.0,baja,True,0,residencial,Calle 70,2.0,True,False,[],"[[-74.0540274, 4.6512799], [-74.0541037, 4.651324], [-74.054925, 4.6517978], [-74.0550246, 4.6518554], [-74.0550549, 4.6518729]]"
89628269#1,311342544,433136408,63.105376092052936,0.07572645131046353,0.0,45.0,baja,True,0,terciaria,Carrera 4,2.0,True,False,[],"[[-74.0540274, 4.6512799], [-74.0540055, 4.6513127], [-74.0537597, 4.6516803], [-74.0537117, 4.6517522]]"
28350104,311361335,2815920118,133.53442119115874,0.1602413054293905,0.0,30.0,baja,True,0,residencial,Diagonal 70A,2.0,True,False,[],"[[-74.0545004, 4.6527643], [-74.0544655, 4.6527433], [-74.0544359, 4.6527266], [-74.0544067, 4.65271], [-74.0543808, 4.6526987], [-74.0543631, 4.6526949], [-74.0543487, 4.6526957], [-74.0543389, 4.6526976], [-74.0538104, 4.6528737], [-74.0535162, 4.6529718], [-74.0534979, 4.6529793], [-74.0534759, 4.6529875], [-74.0534364, 4.6530045], [-74.0533732, 4.6530387]]"
277039659#3,311361335,311342355,51.76787887309545,0.06212145464771454,0.0,30.0,baja,True,0,terciaria,Carrera 5,2.0,True,False,[],"[[-74.0545004, 4.6527643], [-74.0545178, 4.6527363], [-74.0546817, 4.6524729], [-74.0547465, 4.6523686]]"
87982205,311366871,2815920119,122.21517936645631,0.1466582152397476,0.0,45.0,baja,True,0,terciaria,Calle 72,2.0,False,False,[],"[[-74.0519675, 4.652624], [-74.0520553, 4.6526675], [-74.0522737, 4.6527894], [-74.052568, 4.6529284], [-74.0527553, 4.6529878], [-74.0529776, 4.6530545]]"
1030194572,311366871,5106063296,30.290687398190077,0.03634882487782809,0.0,30.0,baja,True,0,residencial,Calle 72,2.0,False,False,[],"[[-74.0519675, 4.652624], [-74.0519095, 4.6525537], [-74.0518724, 4.6525185], [-74.0518517, 4.6524904], [-74.0518347, 4.6524536], [-74.0518268, 4.6523992]]"
1123709325,311370574,311370575,20.74533050928605,0.02489439661114326,0.0,45.0,baja,True,0,terciaria,Carrera 4,2.0,True,False,[],
1123709327#1,311370574,264553640,130.2153238911946,0.15625838866943353,0.0,30.0,baja,True,0,residencial,Diagonal 75,2.0,True,False,[],"[[-74.0512757, 4.6575946], [-74.0512629, 4.6575536], [-74.0512116, 4.6574314], [-74.0508599, 4.6564995]]"
1123709324#1,311370575,7989874704,88.86774566291346,0.10664129479549615,0.0,45.0,baja,True,0,terciaria,Carrera 4,2.0,True,False,[],"[[-74.0510998, 4.6576584], [-74.0510015, 4.6577031], [-74.0509451, 4.6577363], [-74.0509076, 4.6577646], [-74.0508715, 4.6577963], [-74.0505453, 4.6581396], [-74.0505179, 4.6581687], [-74.0505054, 4.6581826]]"
28350959,311370730,311370734,131.57905198636973,0.15789486238364367,0.0,30.0,baja,True,0,residencial,Carrera 5,,False,False,[],"[[-74.0499218, 4.6600352], [-74.0503221, 4.6597425], [-74.0506113, 4.6595014], [-74.0507919, 4.6592457]]"
28350959#1,311370734,311370730,131.57905198636973,0.15789486238364367,0.0,30.0,baja,True,0,residencial,Carrera 5,,False,False,[],"[[-74.0507919, 4.6592457], [-74.0506113, 4.6595014], [-74.0503221, 4.6597425], [-74.0499218, 4.6600352]]"
89617791#1,311370734,5592759375,31.354133116055685,0.03762495973926682,0.0,30.0,baja,True,0,residencial,Calle 78,2.0,True,False,[],"[[-74.0507919, 4.6592457], [-74.0508958, 4.6593002], [-74.0509337, 4.6593138], [-74.050964, 4.6593172], [-74.051018, 4.6593133], [-74.0510574, 4.6593036]]"
28351267,311373461,884896421,101.67727835223437,0.12201273402268123,0.0,30.0,baja,True,0,residencial,Carrera 10,1.0,True,False,[],"[[-74.0532114, 4.6638274], [-74.0527749, 4.6645852], [-74.0527546, 4.6646204]]"
"[1010359864, 89615898]",311373461,267890887,137.43315451398954,0.16491978541678745,0.0,30.0,baja,True,0,residencial,Calle 80,,True,False,[],"[[-74.0532114, 4.6638274], [-74.0525611, 4.663379], [-74.0522288, 4.6631499], [-74.0521916, 4.6631242]]"
914590001,311373884,312646818,190.88844824947324,0.2290661378993679,0.0,30.0,baja,True,0,residencial,Calle 79B,2.0,False,False,[],"[[-74.0523311, 4.6629123], [-74.0522838, 4.6628771], [-74.0516203, 4.6623833], [-74.0513056, 4.6621152], [-74.0509608, 4.6618739]]"
1012901994#8,311373884,267890887,28.185138356401417,0.0338221660276817,0.0,30.0,baja,True,0,terciaria,Carrera 9,2.0,True,False,[],"[[-74.0523311, 4.6629123], [-74.0522296, 4.6630697], [-74.0521916, 4.6631242]]"
1042698252,311374412,311374484,9.357141483986352,0.011228569780783623,0.0,30.0,baja,True,0,residencial,Carrera 10,2.0,False,False,[],
1042698253,311374412,13805375135,135.01951379751992,0.1620234165570239,0.0,30.0,baja,True,0,terciaria,Calle 86,2.0,True,False,[],"[[-74.0496656, 4.6681792], [-74.0503376, 4.6685466], [-74.0506536, 4.6687211], [-74.0507061, 4.6687501], [-74.0507328, 4.6687649]]"
1042698252#1,311374484,311374412,9.357141483986352,0.011228569780783623,0.0,30.0,baja,True,0,residencial,Carrera 10,2.0,False,False,[],
89600819#4,311374484,5133139632,121.28854464643348,0.14554625357572018,0.0,30.0,baja,True,0,residencial,Carrera 10,2.0,False,False,[],"[[-74.0497058, 4.6681052], [-74.0497259, 4.6680683], [-74.0497519, 4.6680185], [-74.0499982, 4.6675689], [-74.050074, 4.6674496], [-74.0502373, 4.6672022], [-74.0502643, 4.6671686]]"
24645348,311375156,3273685738,9.137120224520823,0.010964544269424987,0.0,30.0,baja,True,0,residencial,Carrera 13,,True,False,[],
89600783,312644643,312644663,65.02403100668879,0.07802883720802653,0.0,50.0,baja,True,0,secundaria,Calle 82,3.0,True,False,[],"[[-74.0591111, 4.6690185], [-74.0586714, 4.6687408], [-74.0586155, 4.6687055]]"
"[28457658, 525660667]",312644643,312644664,172.4505989379031,0.20694071872548372,0.0,30.0,baja,True,0,residencial,Calle 83,2.0,False,False,[],"[[-74.0591111, 4.6690185], [-74.0590953, 4.669054], [-74.0588978, 4.6694683], [-74.0588116, 4.6696264], [-74.0587682, 4.6697241], [-74.0586695, 4.6699033], [-74.0585882, 4.6698649], [-74.0584187, 4.6697858], [-74.0581597, 4.6696628]]"
1059980070,312644663,312645326,67.48445560734194,0.08098134672881033,0.0,50.0,baja,True,0,secundaria,Calle 82,3.0,True,False,[],"[[-74.0586155, 4.6687055], [-74.0581728, 4.6684317], [-74.0580981, 4.6683855]]"
"[28457658, 525660667]#1",312644664,312644643,172.4505989379031,0.20694071872548372,0.0,30.0,baja,True,0,residencial,Calle 83,2.0,False,False,[],"[[-74.0581597, 4.6696628], [-74.0584187, 4.6697858], [-74.0585882, 4.6698649], [-74.0586695, 4.6699033], [-74.0587682, 4.6697241], [-74.0588116, 4.6696264], [-74.0588978, 4.6694683], [-74.0590953, 4.669054], [-74.0591111, 4.6690185]]"
66315671,312644664,312644663,117.82485691089009,0.1413898282930681,0.0,30.0,baja,True,0,residencial,Carrera 19,2.0,True,False,[],"[[-74.0581597, 4.6696628], [-74.0583905, 4.6691781], [-74.0585967, 4.6687447], [-74.0586155, 4.6687055]]"
89601302,312644720,312644737,74.32737351125544,0.08919284821350652,0.0,30.0,baja,True,0,residencial,Carrera 19B,2.0,False,False,[],
"[249087729, 28457666]",312644720,389158752,202.86997083751484,0.24344396500501783,0.0,30.0,baja,True,0,residencial,Calle 84,2.0,True,False,[],"[[-74.0590549, 4.6704863], [-74.0589332, 4.6704243], [-74.0585275, 4.6702177], [-74.058021, 4.6712758], [-74.0580135, 4.6712916], [-74.057995, 4.6713319]]"
89601302#1,312644737,312644720,74.32737351125544,0.08919284821350652,0.0,30.0,baja,True,0,residencial,Carrera 19B,2.0,False,False,[],
28457746#1,312644769,264441787,271.82139878629374,0.3261856785435525,0.0,30.0,baja,True,0,residencial,Carrera 16A,2.0,True,False,[],"[[-74.0576113, 4.6680844], [-74.0576415, 4.6680304], [-74.05784, 4.6676759], [-74.0578942, 4.6675791], [-74.057933, 4.6675099], [-74.0579673, 4.6674486], [-74.0581789, 4.6670707], [-74.0583685, 4.6667321], [-74.058432, 4.6666188], [-74.0588066, 4.6659498]]"
"[33973296, 31706073, 28457670]",312644769,312645326,320.52082449342004,0.38462498939210404,0.0,30.0,baja,True,0,residencial,Carrera 18,2.0,True,False,[],"[[-74.0576113, 4.6680844], [-74.0575889, 4.6681293], [-74.0573937, 4.6685232], [-74.0572455, 4.6688214], [-74.0570881, 4.6691386], [-74.0575048, 4.6693455], [-74.0576119, 4.6693987], [-74.0576253, 4.6693707], [-74.0576843, 4.6692478], [-74.0580774, 4.6684286], [-74.0580981, 4.6683855]]"
1059980070#1,312644769,312645171,65.12225823374376,0.07814670988049252,0.0,50.0,baja,True,0,secundaria,Calle 82,3.0,True,False,[],"[[-74.0576113, 4.6680844], [-74.0573663, 4.6679329], [-74.0571746, 4.667814], [-74.0571139, 4.6677727]]"
856995351,312644985,312645171,177.36080296222332,0.21283296355466796,0.0,30.0,baja,True,0,residencial,Carrera 16,2.0,True,False,[],"[[-74.0564102, 4.6692048], [-74.056478, 4.6690503], [-74.05655, 4.668886], [-74.0570884, 4.6678232], [-74.0571139, 4.6677727]]"
907224111,312644988,267899271,18.517950678696252,0.0222215408144355,0.0,30.0,baja,True,0,secundaria,Avenida Carrera 15,3.0,True,False,[],
89601294,312644988,7990226357,74.7672952448564,0.08972075429382767,0.0,30.0,baja,True,0,residencial,Calle 84A,1.0,True,False,[],"[[-74.055642, 4.6692803], [-74.0557243, 4.6693219], [-74.0559955, 4.6694588], [-74.0562438, 4.6695842]]"
"[89606524, 1079835926]",312645171,312645244,269.09728330450963,0.32291673996541154,0.0,30.0,baja,True,0,residencial,Carrera 16,2.0,True,False,[],"[[-74.0571139, 4.6677727], [-74.0571449, 4.6677177], [-74.0574288, 4.6672138], [-74.0576719, 4.6667824], [-74.058301, 4.6656616]]"
1079835928,312645171,12596010814,73.40140362459165,0.08808168434950998,0.0,50.0,baja,True,0,secundaria,Calle 82,3.0,True,False,[],"[[-74.0571139, 4.6677727], [-74.0570513, 4.6677333], [-74.0568913, 4.6676327], [-74.0566668, 4.6674913], [-74.0566256, 4.6674654], [-74.0565538, 4.6674204]]"
89615994#1,312645244,264441787,64.55084724568826,0.07746101669482591,0.0,30.0,baja,True,0,residencial,Calle 79,2.0,True,False,[],"[[-74.058301, 4.6656616], [-74.0584857, 4.6657678], [-74.0587199, 4.6659004], [-74.0588066, 4.6659498]]"
89615994#2,312645325,5709996738,80.1268893663277,0.09615226723959325,0.0,30.0,baja,True,0,residencial,Calle 79,2.0,True,False,[],
679999222,312645325,803824122,81.3713047886577,0.09764556574638923,0.0,30.0,baja,True,0,residencial,Carrera 18,2.0,True,False,[],
1059980070#2,312645326,312644769,63.494808471400574,0.07619377016568069,0.0,50.0,baja,True,0,secundaria,Calle 82,3.0,True,False,[],
66315672,312645765,312644663,134.10697050460263,0.16092836460552315,0.0,30.0,baja,True,0,residencial,Carrera 19,2.0,True,False,[],"[[-74.0591973, 4.667648], [-74.0591592, 4.6677173], [-74.0586393, 4.6686614], [-74.0586155, 4.6687055]]"
1214872517#1,312645765,260623191,67.59106010583741,0.08110927212700489,0.0,30.0,baja,True,0,residencial,Calle 80,1.0,False,False,[],"[[-74.0591973, 4.667648], [-74.059338, 4.6677224], [-74.0597361, 4.6679328]]"
89615879,312645962,312645998,34.20365200760524,0.04104438240912629,0.0,30.0,baja,True,0,residencial,Calle 78,2.0,False,False,[],
89615879#1,312645962,312645997,65.99082395037433,0.0791889887404492,0.0,30.0,baja,True,0,residencial,Calle 78,2.0,False,False,[],
679999222#1,312645962,312645325,125.27677454755062,0.15033212945706076,0.0,30.0,baja,True,0,residencial,Carrera 18,2.0,True,False,[],
89615879#2,312645997,312645962,65.99082395037433,0.0791889887404492,0.0,30.0,baja,True,0,residencial,Calle 78,2.0,False,False,[],
28457746#2,312645997,264441789,68.76506388239576,0.08251807665887492,0.0,30.0,baja,True,0,residencial,Carrera 16A,2.0,True,False,[],"[[-74.0593505, 4.6649786], [-74.059607, 4.6645205], [-74.0596239, 4.6644903], [-74.0596386, 4.664464], [-74.0596529, 4.6644386]]"
89615879#3,312645998,312645962,34.20365200760524,0.04104438240912629,0.0,30.0,baja,True,0,residencial,Calle 78,2.0,False,False,[],
89615987,312645998,5709996738,134.7371830201357,0.16168461962416283,0.0,30.0,baja,True,0,residencial,Carrera 19A,2.0,True,False,[],"[[-74.0601446, 4.6654093], [-74.0599912, 4.6662845], [-74.0599871, 4.6663081], [-74.0599556, 4.6664912], [-74.0599493, 4.6665276], [-74.0599363, 4.6666031]]"
"[914590000, 28351285]",312646818,312646818,175.12646238741684,0.21015175486490018,0.0,30.0,baja,True,0,residencial,Calle 79B,2.0,False,False,[],"[[-74.0509608, 4.6618739], [-74.0508745, 4.66168], [-74.0508306, 4.6615772], [-74.0507954, 4.6614787], [-74.0507845, 4.6614445], [-74.0507765, 4.6614045], [-74.0507597, 4.661366], [-74.0507372, 4.661339], [-74.0507041, 4.6613175], [-74.0506623, 4.6613047], [-74.0506218, 4.6612937], [-74.0505843, 4.6612942], [-74.050574, 4.661299], [-74.050514, 4.661351], [-74.0504954, 4.661399], [-74.0504934, 4.6614461], [-74.0505074, 4.6614904], [-74.0505415, 4.6615333], [-74.0506814, 4.6616685], [-74.0509608, 4.6618739]]"
"[914590000, 28351285]#1",312646818,312646818,175.12646238741684,0.21015175486490018,0.0,30.0,baja,True,0,residencial,Calle 79B,2.0,False,False,[],"[[-74.0509608, 4.6618739], [-74.0508745, 4.66168], [-74.0508306, 4.6615772], [-74.0507954, 4.6614787], [-74.0507845, 4.6614445], [-74.0507765, 4.6614045], [-74.0507597, 4.661366], [-74.0507372, 4.661339], [-74.0507041, 4.6613175], [-74.0506623, 4.6613047], [-74.0506218, 4.6612937], [-74.0505843, 4.6612942], [-74.050574, 4.661299], [-74.050514, 4.661351], [-74.0504954, 4.661399], [-74.0504934, 4.6614461], [-74.0505074, 4.6614904], [-74.0505415, 4.6615333], [-74.0506814, 4.6616685], [-74.0509608, 4.6618739]]"
914590001#1,312646818,311373884,190.88844824947324,0.2290661378993679,0.0,30.0,baja,True,0,residencial,Calle 79B,2.0,False,False,[],"[[-74.0509608, 4.6618739], [-74.0513056, 4.6621152], [-74.0516203, 4.6623833], [-74.0522838, 4.6628771], [-74.0523311, 4.6629123]]"
89607759#1,312648919,265784089,119.52339155868746,0.14342806987042497,0.0,45.0,baja,True,0,terciaria,Calle 82,2.0,True,False,[],"[[-74.0520645, 4.6651844], [-74.0511929, 4.6646442], [-74.0511481, 4.6646177]]"
1331505630,312648919,1038604576,113.35589620315385,0.13602707544378462,0.0,30.0,baja,True,0,residencial,Carrera 10,2.0,False,False,[],"[[-74.0520645, 4.6651844], [-74.0518663, 4.6655614], [-74.0517392, 4.6657107], [-74.0515933, 4.6658476], [-74.0515329, 4.6659153], [-74.0514831, 4.6659666], [-74.0514584, 4.6659933]]"
249087732,312649085,312649086,116.8362327416527,0.14020347928998322,0.0,30.0,baja,True,0,residencial,Carrera 16,2.0,False,False,[],"[[-74.0603437, 4.6623908], [-74.0603058, 4.6624483], [-74.0598137, 4.6631952], [-74.0597652, 4.6632692]]"
1079835944,312649085,859648253,46.75109846005794,0.056101318152069535,0.0,30.0,baja,True,0,residencial,Calle 75,2.0,False,False,[],"[[-74.0603437, 4.6623908], [-74.060385, 4.6624192], [-74.0606911, 4.6626293]]"
"[1079835944, 1079835945]",312649085,12596010801,85.44268117003978,0.10253121740404773,0.0,30.0,baja,True,0,residencial,Calle 75,2.0,False,False,[],"[[-74.0603437, 4.6623908], [-74.0597968, 4.6620154], [-74.0597596, 4.6619898], [-74.0597088, 4.6619549]]"
856965797,312649086,3582215693,51.15558036154432,0.06138669643385318,0.0,30.0,baja,True,0,secundaria,Calle 76,4.0,True,False,[],
249087732#1,312649086,312649085,116.8362327416527,0.14020347928998322,0.0,30.0,baja,True,0,residencial,Carrera 16,2.0,False,False,[],"[[-74.0597652, 4.6632692], [-74.0598137, 4.6631952], [-74.0603058, 4.6624483], [-74.0603437, 4.6623908]]"
1079835946,312649100,12596010801,68.83734637403715,0.08260481564884459,0.0,30.0,baja,True,0,residencial,Calle 75,2.0,False,False,[],"[[-74.0591973, 4.6616037], [-74.0596099, 4.661887], [-74.0596447, 4.6619109], [-74.0597088, 4.6619549]]"
1079835946#1,312649100,13821341071,91.62528275764816,0.1099503393091778,0.0,30.0,baja,True,0,residencial,Calle 75,2.0,False,False,[],"[[-74.0591973, 4.6616037], [-74.0586542, 4.6612308], [-74.0585907, 4.6611872], [-74.0585165, 4.6611362]]"
23502415#2,312649221,312649269,60.80387127735903,0.07296464553283083,0.0,30.0,baja,True,0,residencial,Carrera 23,2.0,True,False,[],"[[-74.0647792, 4.6652689], [-74.0648083, 4.6652192], [-74.0650352, 4.6648316], [-74.0650557, 4.6647966]]"
1062826274,312649221,312649222,80.08655748838373,0.09610386898606048,0.0,30.0,baja,True,0,residencial,Calle 75,2.0,True,False,[],"[[-74.0647792, 4.6652689], [-74.0648093, 4.6652882], [-74.0653513, 4.665635], [-74.0653873, 4.665658]]"
904335259,312649222,312649438,12.961690525737119,0.015554028630884544,0.0,30.0,baja,True,0,residencial,Calle 75,2.0,False,False,[],
1085676798,312649222,956648525,58.23696570532675,0.0698843588463921,0.0,50.0,baja,True,0,secundaria,Avenida Carrera 24,3.0,True,False,[],
23502415#3,312649269,255471043,62.208859205874695,0.07465063104704964,0.0,30.0,baja,True,0,residencial,Carrera 23,2.0,True,False,[],"[[-74.0650557, 4.6647966], [-74.0650787, 4.6647604], [-74.0653132, 4.6643907], [-74.0653274, 4.6643683], [-74.0653397, 4.6643485], [-74.0653553, 4.6643235]]"
28458210,312649269,884894310,82.75665926115902,0.09930799111339082,0.0,30.0,baja,True,0,residencial,Calle 74A,2.0,False,False,[],"[[-74.0650557, 4.6647966], [-74.0651, 4.6648259], [-74.0656414, 4.6651848], [-74.0656775, 4.6652087]]"
1375890330,312649269,2862531864,51.77345334486632,0.062128144013839585,0.0,30.0,baja,True,0,residencial,Calle 74A,2.0,True,False,[],"[[-74.0650557, 4.6647966], [-74.0650274, 4.6647773], [-74.06467, 4.6645339]]"
734633050,312649281,354856340,63.43644536242174,0.07612373443490608,0.0,30.0,baja,True,0,terciaria,Carrera 20C,1.0,True,False,[],"[[-74.0633478, 4.6636647], [-74.0630616, 4.6641113], [-74.0630397, 4.6641455]]"
"[1375890331, 1375890332]",312649281,354855992,169.80969064626902,0.20377162877552282,0.0,30.0,baja,True,0,residencial,Carrera 22,2.0,True,False,[],"[[-74.0633478, 4.6636647], [-74.0633767, 4.6636837], [-74.0641503, 4.6641907], [-74.0641607, 4.664195], [-74.0641785, 4.664197], [-74.0641917, 4.6641966], [-74.0642081, 4.6641918], [-74.0642204, 4.6641853], [-74.0642394, 4.6641689], [-74.0642674, 4.6641355], [-74.0642888, 4.6640941], [-74.0642995, 4.6640587], [-74.0643089, 4.6640206], [-74.0644692, 4.6638003], [-74.0644877, 4.6637727]]"
89901707,312649437,1892690056,34.211691559758904,0.04105402987171068,0.0,30.0,baja,True,0,terciaria,Carrera 28A,2.0,True,False,[],
89901823,312649437,312662923,78.14293505941893,0.09377152207130271,0.0,30.0,baja,True,0,residencial,Calle 75,2.0,False,False,[],
28458223,312649437,9406951351,67.45993392456478,0.08095192070947774,0.0,30.0,baja,True,0,residencial,Calle 75,2.0,True,False,[],"[[-74.0687836, 4.6678552], [-74.0691051, 4.6681285], [-74.0691738, 4.6681846], [-74.0692465, 4.6682491]]"
904335259#1,312649438,312649222,12.961690525737119,0.015554028630884544,0.0,30.0,baja,True,0,residencial,Calle 75,2.0,False,False,[],
89901823#1,312649438,312663048,91.63050153883944,0.10995660184660731,0.0,30.0,baja,True,0,residencial,Calle 75,2.0,False,False,[],"[[-74.065477, 4.6657328], [-74.0655294, 4.6657664], [-74.0661721, 4.666179]]"
904335258,312649438,312649531,62.728496447034566,0.07527419573644148,0.0,50.0,baja,True,0,secundaria,Avenida Carrera 24,3.0,True,False,[],"[[-74.065477, 4.6657328], [-74.0656293, 4.6654961], [-74.0657825, 4.6652579]]"
89901690,312649507,312662922,76.4773664266922,0.09177283971203064,0.0,30.0,baja,True,0,residencial,Calle 75A,2.0,False,False,[],
89901707#1,312649507,312649437,65.81955140420689,0.07898346168504827,0.0,30.0,baja,True,0,terciaria,Carrera 28A,2.0,True,False,[],
1085676799,312649509,312649438,65.7326934008406,0.07887923208100872,0.0,50.0,baja,True,0,secundaria,Avenida Carrera 24,3.0,True,False,[],
856492865,312649509,312663047,91.5533914244395,0.1098640697093274,0.0,30.0,baja,True,0,residencial,Calle 75A,2.0,False,False,[],"[[-74.0651568, 4.6662304], [-74.0652093, 4.6662643], [-74.0658501, 4.6666781]]"
28458232,312649530,312662925,78.5563175019184,0.09426758100230208,0.0,30.0,baja,True,0,residencial,Calle 74A,2.0,False,False,[],
89901707#2,312649530,312649896,70.59850414487323,0.08471820497384787,0.0,30.0,baja,True,0,terciaria,Carrera 28A,2.0,True,False,[],"[[-74.0691393, 4.6674415], [-74.0693658, 4.6671863], [-74.0695132, 4.6669915], [-74.0695435, 4.6669514]]"
89901749,312649531,312663049,91.72202275071902,0.11006642730086282,0.0,30.0,baja,True,0,residencial,Calle 74A,2.0,False,False,[],"[[-74.0657825, 4.6652579], [-74.0658258, 4.6652857], [-74.066478, 4.665705]]"
1085676801,312649531,13778686650,59.25571289074755,0.07110685546889707,0.0,50.0,baja,True,0,secundaria,Avenida Carrera 24,3.0,True,False,[],"[[-74.0657825, 4.6652579], [-74.0660129, 4.6648998], [-74.0660359, 4.664864], [-74.0660711, 4.6648093]]"
89901736,312649660,312663046,95.5021914669961,0.11460262976039531,0.0,30.0,baja,True,0,residencial,Calle 77,2.0,False,False,[],"[[-74.0643906, 4.6673523], [-74.0644139, 4.6673673], [-74.0644451, 4.6673874], [-74.0651142, 4.6678187]]"
856965791,312649660,11599890959,85.90832398365862,0.10308998878039034,0.0,50.0,baja,True,0,secundaria,Avenida Carrera 24,3.0,True,False,[],"[[-74.0643906, 4.6673523], [-74.0646743, 4.6669324], [-74.0648023, 4.6667462], [-74.0648254, 4.6667127]]"
89901736#1,312649661,5113654924,40.77567174311581,0.04893080609173897,0.0,30.0,baja,True,0,residencial,Calle 77,2.0,False,False,[],
89901736#2,312649661,312662293,74.6138843233623,0.08953666118803477,0.0,30.0,baja,True,0,residencial,Calle 77,2.0,False,False,[],
89901819,312649661,312649721,96.55099796632297,0.11586119755958757,0.0,30.0,baja,True,0,residencial,Carrera 29C,2.0,True,False,[],
89901819#1,312649721,314145164,121.90003222565065,0.14628003867078077,0.0,30.0,baja,True,0,residencial,Carrera 29C,2.0,True,False,[],
89901906,312649721,312662292,75.52931201651502,0.09063517441981803,0.0,30.0,baja,True,0,terciaria,Calle 78,2.0,True,False,[],
89901707#3,312649896,13821378707,178.80585584448383,0.2145670270133806,0.0,30.0,baja,True,0,terciaria,Carrera 28A,2.0,True,False,[],"[[-74.0695435, 4.6669514], [-74.0695853, 4.6668949], [-74.0704553, 4.6657209], [-74.0704798, 4.6656879], [-74.070502, 4.6656579]]"
1169377971,312649896,253762179,74.54216631480611,0.08945059957776733,0.0,30.0,baja,True,0,terciaria,Calle 74,2.0,True,False,[],"[[-74.0695435, 4.6669514], [-74.0691048, 4.6666235], [-74.0690054, 4.6665492]]"
89901707#4,312649899,312649507,80.67337670965645,0.09680805205158774,0.0,30.0,baja,True,0,terciaria,Carrera 28A,2.0,True,False,[],"[[-74.0679275, 4.6688588], [-74.0679478, 4.6688359], [-74.0681304, 4.6686304], [-74.0683973, 4.6683048]]"
89901752,312649899,312661873,75.26596664982546,0.09031915997979055,0.0,30.0,baja,True,0,secundaria,Calle 76,2.0,True,False,[],"[[-74.0679275, 4.6688588], [-74.0679621, 4.6688833], [-74.0684168, 4.6692069], [-74.0684803, 4.669252]]"
89901736#3,312649901,312662080,77.03282795605885,0.09243939354727063,0.0,30.0,baja,True,0,residencial,Calle 77,2.0,False,False,[],
89901736#4,312649901,312662921,75.18118914102327,0.09021742696922794,0.0,30.0,baja,True,0,residencial,Calle 77,2.0,False,False,[],
89901707#5,312649901,312649899,74.05510590053052,0.08886612708063663,0.0,30.0,baja,True,0,terciaria,Carrera 28A,2.0,True,False,[],"[[-74.0674876, 4.6693601], [-74.067724, 4.6690878], [-74.0679091, 4.6688795], [-74.0679275, 4.6688588]]"
89901707#6,312649903,312649901,97.29151357516687,0.11674981629020025,0.0,30.0,baja,True,0,terciaria,Carrera 28A,2.0,True,False,[],
89901906#1,312649903,312662920,76.12239921056796,0.09134687905268156,0.0,30.0,baja,True,0,terciaria,Calle 78,2.0,True,False,[],"[[-74.066913, 4.6700216], [-74.0664066, 4.6696917], [-74.0663377, 4.6696476]]"
249087775,312650439,432495016,77.64225792101506,0.09317070950521807,0.0,30.0,baja,True,0,residencial,Calle 68,2.0,True,False,[],"[[-74.0569879, 4.6509031], [-74.0567903, 4.6508792], [-74.056775, 4.6508785], [-74.0566336, 4.6508725], [-74.056289, 4.6508792]]"
89875176#1,312655765,373377103,60.82639947119115,0.07299167936542938,0.0,30.0,baja,True,0,residencial,Carrera 15,2.0,True,False,[],"[[-74.0640879, 4.6566394], [-74.0640644, 4.6566769], [-74.0637977, 4.6571037]]"
1182593945#1,312655765,373376108,88.68249999371189,0.10641899999245427,0.0,30.0,baja,True,0,terciaria,Calle 69,2.0,True,False,[],"[[-74.0640879, 4.6566394], [-74.0634492, 4.6562431], [-74.0634086, 4.6562179]]"
89874769#1,312655767,310666711,81.8883665569858,0.09826603986838296,0.0,30.0,baja,True,0,residencial,Carrera 15,2.0,True,False,[],
439831819,312655767,1806334375,97.17440102129338,0.11660928122555206,0.0,30.0,baja,True,0,residencial,Calle 67,2.0,False,False,[],
1172472810,312655767,13790717179,90.58208896079665,0.10869850675295599,0.0,30.0,baja,True,0,residencial,Carrera 15,2.0,True,False,[],"[[-74.0647842, 4.6549389], [-74.0646972, 4.6554966], [-74.0646682, 4.6556381], [-74.0646611, 4.6556731], [-74.0646453, 4.6557414]]"
1195016030#3,312655767,310666622,102.20859579180936,0.12265031495017123,0.0,30.0,baja,True,0,residencial,Calle 67,2.0,False,False,[],"[[-74.0647842, 4.6549389], [-74.0650724, 4.6551177], [-74.0655671, 4.6554247]]"
734633052#1,312655769,826353234,24.545087009267235,0.029454104411120677,0.0,30.0,baja,True,0,residencial,Carrera 15,2.0,True,False,[],
89875139,312655769,498602475,59.19393411548066,0.07103272093857678,0.0,30.0,baja,True,0,residencial,Calle 65,2.0,False,False,[],"[[-74.0651308, 4.6529645], [-74.065434, 4.6530222], [-74.0656542, 4.6530703]]"
89890128#3,312655857,373376223,59.16822068082171,0.07100186481698605,0.0,30.0,baja,True,0,terciaria,Carrera 20,2.0,True,False,[],
89878192#3,312655857,310000260,83.44706151534595,0.10013647381841513,0.0,30.0,baja,True,0,residencial,Calle 70A,2.0,True,False,[],"[[-74.0661302, 4.6591324], [-74.0661607, 4.6591516], [-74.0667674, 4.6595322]]"
352406353,312655858,373376644,58.03691130590057,0.06964429356708068,0.0,30.0,baja,True,0,terciaria,Carrera 19,2.0,True,False,[],
89878192#4,312655858,312655857,99.35087657079274,0.11922105188495127,0.0,30.0,baja,True,0,residencial,Calle 70A,2.0,True,False,[],"[[-74.065367, 4.6586637], [-74.0654017, 4.658685], [-74.0660907, 4.6591081], [-74.0661302, 4.6591324]]"
89875262#1,312656093,312656101,148.48101538011514,0.17817721845613815,0.0,30.0,baja,True,0,residencial,Carrera 21,2.0,False,False,[],"[[-74.0690477, 4.6560479], [-74.0690345, 4.6560682], [-74.0683216, 4.6571701]]"
89875262#2,312656093,310666529,120.72683974239474,0.1448722076908737,0.0,30.0,baja,True,0,residencial,Carrera 21,2.0,False,False,[],"[[-74.0690477, 4.6560479], [-74.0690727, 4.6560109], [-74.0696558, 4.6551471]]"
655514737#1,312656093,13903297062,84.52659488369403,0.10143191386043283,0.0,50.0,baja,True,0,secundaria,Calle 66,2.0,True,False,[],"[[-74.0690477, 4.6560479], [-74.0688946, 4.6559394], [-74.0685195, 4.6556751], [-74.0684732, 4.6556425], [-74.0684252, 4.6556087]]"
89874714#7,312656101,253762071,68.19874758707051,0.0818384971044846,0.0,30.0,baja,True,0,residencial,Calle 67,2.0,False,False,[],
89874714#8,312656101,253762143,83.45736088061457,0.10014883305673748,0.0,30.0,baja,True,0,residencial,Calle 67,2.0,False,False,[],
89875262#3,312656101,312656093,148.48101538011514,0.17817721845613815,0.0,30.0,baja,True,0,residencial,Carrera 21,2.0,False,False,[],"[[-74.0683216, 4.6571701], [-74.0690345, 4.6560682], [-74.0690477, 4.6560479]]"
89878228,312656101,312656102,83.66137427221447,0.10039364912665737,0.0,30.0,baja,True,0,residencial,Carrera 21,2.0,True,False,[],"[[-74.0683216, 4.6571701], [-74.0679533, 4.6577405], [-74.0679131, 4.6578028]]"
89889992#2,312656102,312656218,113.8899840654884,0.1366679808785861,0.0,30.0,baja,True,0,residencial,Carrera 21,2.0,False,False,[],"[[-74.0679131, 4.6578028], [-74.067891, 4.6578361], [-74.0673482, 4.6586584]]"
1153621597,312656102,13790717160,67.09504124349874,0.0805140494921985,0.0,50.0,baja,True,0,secundaria,Avenida Calle 68,3.0,True,False,[],"[[-74.0679131, 4.6578028], [-74.0683569, 4.6580913], [-74.0683828, 4.6581081], [-74.0684202, 4.6581324]]"
89889992#3,312656218,310000260,116.54971174497807,0.1398596540939737,0.0,30.0,baja,True,0,residencial,Carrera 21,2.0,False,False,[],
89874787,312656218,13282116202,83.44232243564441,0.10013078692277329,0.0,30.0,baja,True,0,terciaria,Calle 69,2.0,True,False,[],"[[-74.0673482, 4.6586584], [-74.0667695, 4.6583061], [-74.0667354, 4.6582853], [-74.0667057, 4.6582672]]"
89889992#4,312656218,312656102,113.8899840654884,0.1366679808785861,0.0,30.0,baja,True,0,residencial,Carrera 21,2.0,False,False,[],"[[-74.0673482, 4.6586584], [-74.067891, 4.6578361], [-74.0679131, 4.6578028]]"
89889992#5,312656219,312656220,90.27753597824376,0.1083330431738925,0.0,30.0,baja,True,0,residencial,Carrera 21,2.0,False,False,[],"[[-74.066177, 4.6603891], [-74.0661598, 4.6604159], [-74.0657377, 4.6610728]]"
89889992#6,312656219,310000260,115.58669329818349,0.1387040319578202,0.0,30.0,baja,True,0,residencial,Carrera 21,2.0,False,False,[],"[[-74.066177, 4.6603891], [-74.0662045, 4.6603492], [-74.0667674, 4.6595322]]"
89890511,312656219,312656382,81.30944047124231,0.09757132856549076,0.0,30.0,baja,True,0,residencial,Calle 71,2.0,True,False,[],"[[-74.066177, 4.6603891], [-74.0661235, 4.6603555], [-74.0656161, 4.660019], [-74.0655644, 4.6599868]]"
89890321#2,312656220,254530324,65.72621941311371,0.07887146329573645,0.0,30.0,baja,True,0,residencial,Calle 71A,2.0,True,False,[],
89889992#7,312656220,312656219,90.27753597824376,0.1083330431738925,0.0,30.0,baja,True,0,residencial,Carrera 21,2.0,False,False,[],"[[-74.0657377, 4.6610728], [-74.0661598, 4.6604159], [-74.066177, 4.6603891]]"
529528970,312656265,5449073430,96.89556121388117,0.1162746734566574,0.0,30.0,baja,True,0,residencial,Calle 71A,2.0,True,False,[],"[[-74.0643851, 4.660179], [-74.0644304, 4.6602089], [-74.0650181, 4.6605972], [-74.0650504, 4.6606186], [-74.0651138, 4.6606605]]"
1116344587,312656265,312656381,87.57739984189972,0.10509287981027966,0.0,30.0,baja,True,0,terciaria,Carrera 19,2.0,True,False,[],"[[-74.0643851, 4.660179], [-74.0644068, 4.6601449], [-74.0647816, 4.6595551], [-74.0648085, 4.659514]]"
89878259,312656270,373376121,66.5156035049215,0.0798187242059058,0.0,30.0,baja,True,0,residencial,Carrera 14A,2.0,True,False,[],
89890877,312656270,12288332436,62.625771385508315,0.07515092566260999,0.0,30.0,baja,True,0,residencial,Calle 71A,2.0,False,False,[],
529707897,312656270,373376286,71.41711618078718,0.08570053941694461,0.0,30.0,baja,True,0,residencial,Calle 71A,3.0,True,False,[],"[[-74.0627091, 4.6590955], [-74.0627854, 4.659109], [-74.0628173, 4.6591195], [-74.062844, 4.6591345], [-74.0632565, 4.6594208]]"
89890511#1,312656380,373376541,45.56850334804327,0.05468220401765193,0.0,30.0,baja,True,0,residencial,Calle 71,2.0,True,False,[],"[[-74.0640293, 4.659025], [-74.0639825, 4.6589958], [-74.0636885, 4.6587958]]"
1115988564#2,312656380,13281947800,85.22468250781031,0.10226961900937237,0.0,30.0,baja,True,0,secundaria,Avenida Carrera 17,2.0,True,False,[],"[[-74.0640293, 4.659025], [-74.063678, 4.6595939], [-74.0636605, 4.6596222], [-74.0636262, 4.6596777]]"
89890511#2,312656381,312656380,102.0494495172566,0.12245933942070791,0.0,30.0,baja,True,0,residencial,Calle 71,2.0,True,False,[],"[[-74.0648085, 4.659514], [-74.0647619, 4.6594849], [-74.0640605, 4.6590446], [-74.0640293, 4.659025]]"
352406353#1,312656381,373376219,55.70463215675801,0.0668455585881096,0.0,30.0,baja,True,0,terciaria,Carrera 19,2.0,True,False,[],"[[-74.0648085, 4.659514], [-74.0648334, 4.6594761], [-74.065059, 4.6591323], [-74.0650837, 4.6590948]]"
89890128#4,312656382,5449073430,90.03655506187043,0.10804386607424452,0.0,30.0,baja,True,0,terciaria,Carrera 20,2.0,True,False,[],"[[-74.0655644, 4.6599868], [-74.065536, 4.6600257], [-74.0651649, 4.6605838], [-74.0651441, 4.6606151], [-74.0651138, 4.6606605]]"
89890511#3,312656382,312656381,98.90451250721506,0.11868541500865806,0.0,30.0,baja,True,0,residencial,Calle 71,2.0,True,False,[],"[[-74.0655644, 4.6599868], [-74.0655049, 4.6599496], [-74.0648846, 4.6595614], [-74.0648085, 4.659514]]"
89890511#4,312656383,312656219,68.23335177843192,0.08188002213411831,0.0,30.0,baja,True,0,residencial,Calle 71,2.0,True,False,[],"[[-74.0667019, 4.6607098], [-74.0666279, 4.6606647], [-74.0662324, 4.6604229], [-74.066177, 4.6603891]]"
89890594#1,312656383,312656398,115.1621998002197,0.13819463976026364,0.0,30.0,baja,True,0,residencial,Carrera 22,2.0,True,False,[],"[[-74.0667019, 4.6607098], [-74.0667256, 4.6606757], [-74.0672937, 4.6598585]]"
89890511#5,312656384,312656404,83.92412957373874,0.10070895548848649,0.0,30.0,baja,True,0,residencial,Calle 71,2.0,True,False,[],"[[-74.0679967, 4.6615182], [-74.0679755, 4.6615043], [-74.0673606, 4.6611087]]"
89891028,312656384,2862531849,97.11384450212691,0.1165366134025523,0.0,50.0,baja,True,0,secundaria,Avenida Carrera 24,3.0,True,False,[],"[[-74.0679967, 4.6615182], [-74.0678235, 4.661798], [-74.0675363, 4.6622613]]"
89891028#1,312656396,1890569407,55.13310843094739,0.06615973011713686,0.0,50.0,baja,True,0,secundaria,Avenida Carrera 24,3.0,True,False,[],
856959915#1,312656397,1890569405,63.283299597409325,0.0759399595168912,0.0,30.0,baja,True,0,residencial,Carrera 23,2.0,True,False,[],
89878192#5,312656397,312656396,83.82232384143393,0.10058678860972071,0.0,30.0,baja,True,0,residencial,Calle 70A,2.0,True,False,[],"[[-74.0679074, 4.6602377], [-74.0685305, 4.6606241], [-74.0685496, 4.6606359]]"
89878192#6,312656398,312656397,80.0244986673864,0.09602939840086368,0.0,30.0,baja,True,0,residencial,Calle 70A,2.0,True,False,[],
89890594#2,312656398,1041859333,115.76536933451833,0.138918443201422,0.0,30.0,baja,True,0,residencial,Carrera 22,2.0,True,False,[],
89890511#6,312656404,312656383,85.42088004371675,0.1025050560524601,0.0,30.0,baja,True,0,residencial,Calle 71,2.0,True,False,[],"[[-74.0673606, 4.6611087], [-74.0673163, 4.6610818], [-74.0667581, 4.6607436], [-74.0667019, 4.6607098]]"
856959915#2,312656404,1890569410,59.89706521426483,0.07187647825711779,0.0,30.0,baja,True,0,residencial,Carrera 23,2.0,True,False,[],"[[-74.0673606, 4.6611087], [-74.0673827, 4.6610763], [-74.067665, 4.6606636]]"
1157073976,312656405,13790717162,83.483655806657,0.1001803869679884,0.0,50.0,baja,True,0,secundaria,Avenida Calle 68,3.0,True,False,[],"[[-74.0689814, 4.6585569], [-74.0694979, 4.6589476], [-74.0695312, 4.6589727], [-74.0695815, 4.6590107]]"
89874787#1,312656406,1041859333,76.84187597506255,0.09221025117007506,0.0,30.0,baja,True,0,terciaria,Calle 69,2.0,True,False,[],
1548477101,312656406,312656405,104.96322135854784,0.1259558656302574,0.0,30.0,baja,True,0,residencial,Carrera 23,2.0,True,False,[],"[[-74.0684624, 4.6593465], [-74.0689565, 4.6585949], [-74.0689814, 4.6585569]]"
89874714#9,312656480,253762071,80.03386696729065,0.09604064036074877,0.0,30.0,baja,True,0,residencial,Calle 67,2.0,False,False,[],
89878118,312656480,373377848,80.63339170504082,0.09676007004604897,0.0,30.0,baja,True,0,residencial,Calle 67,2.0,False,False,[],"[[-74.0694222, 4.657927], [-74.069988, 4.6583218], [-74.0700182, 4.6583429]]"
1157073977,312656480,312656405,85.395879199975,0.10247505503997,0.0,30.0,baja,True,0,residencial,Carrera 23,2.0,True,False,[],"[[-74.0694222, 4.657927], [-74.0690264, 4.6584926], [-74.0689814, 4.6585569]]"
89878223,312656481,312656480,82.67511065905639,0.09921013279086767,0.0,30.0,baja,True,0,residencial,Carrera 23,2.0,True,False,[],
89878121,312656481,926762733,78.02665280373924,0.09363198336448708,0.0,30.0,baja,True,0,residencial,Calle 66A,2.0,True,False,[],"[[-74.069849, 4.6573172], [-74.0703913, 4.6576957], [-74.0704257, 4.6577197]]"
89878223#1,312656482,312656481,63.56140234030575,0.0762736828083669,0.0,30.0,baja,True,0,residencial,Carrera 23,2.0,True,False,[],"[[-74.0701773, 4.6568485], [-74.0701659, 4.6568647], [-74.069849, 4.6573172]]"
655514737#2,312656482,254530325,79.52953995855236,0.09543544795026283,0.0,50.0,baja,True,0,secundaria,Calle 66,2.0,True,False,[],"[[-74.0701773, 4.6568485], [-74.0698525, 4.6566183], [-74.0695925, 4.656434]]"
386281322,312656483,2862531837,77.13960695332106,0.09256752834398527,0.0,30.0,baja,True,0,residencial,Calle 65,2.0,False,False,[],
89878223#2,312656483,312656482,86.79816887086905,0.10415780264504286,0.0,30.0,baja,True,0,residencial,Carrera 23,2.0,True,False,[],"[[-74.0706254, 4.6562083], [-74.0704125, 4.6565124], [-74.0702024, 4.6568127], [-74.0701773, 4.6568485]]"
89878230,312656666,489190852,54.53444769227826,0.06544133723073392,0.0,30.0,baja,True,0,residencial,Calle 67,2.0,True,False,[],"[[-74.0702006, 4.6582413], [-74.0702402, 4.6582688], [-74.0706057, 4.6585197]]"
89890164,312656926,489190711,61.180264689297566,0.07341631762715708,0.0,30.0,baja,True,0,residencial,Calle 71,2.0,False,False,[],
89901783,312657883,312662082,90.44269303796865,0.10853123164556237,0.0,30.0,baja,True,0,residencial,Carrera 28B,2.0,True,False,[],"[[-74.0704622, 4.6666316], [-74.0700145, 4.6672343], [-74.0699766, 4.6672853]]"
1003076651,312660056,312660814,163.68454914255068,0.1964214589710608,0.0,50.0,baja,True,0,secundaria,Avenida Carrera 24,2.0,True,False,[],
89890164#1,312660056,1847559948,62.04811811688406,0.07445774174026087,0.0,30.0,baja,True,0,residencial,Calle 71,2.0,False,False,[],"[[-74.0680969, 4.6615655], [-74.0681458, 4.6615963], [-74.068571, 4.6618623]]"
1072014513,312660198,312660208,95.92418968891587,0.11510902762669906,0.0,30.0,baja,True,0,residencial,Calle 72A,2.0,False,False,[],
23502415#4,312660198,268153045,66.69621096427413,0.08003545315712896,0.0,30.0,baja,True,0,residencial,Carrera 23,2.0,True,False,[],"[[-74.0661046, 4.6631353], [-74.0663762, 4.6627036], [-74.0663962, 4.6626718], [-74.0664241, 4.662627]]"
40936938#1,312660201,266023850,71.02698062155909,0.0852323767458709,0.0,45.0,baja,True,0,terciaria,Carrera 20C,1.0,True,False,[],
1055378626,312660201,312660207,96.95695254724296,0.11634834305669155,0.0,30.0,baja,True,0,residencial,Calle 72A,2.0,False,False,[],"[[-74.0643494, 4.6618915], [-74.064292, 4.6618534], [-74.063662, 4.6614355], [-74.0636211, 4.6614084]]"
1072014513#1,312660201,312660208,142.78820327787727,0.17134584393345276,0.0,30.0,baja,True,0,residencial,Calle 72A,2.0,False,False,[],"[[-74.0643494, 4.6618915], [-74.06439, 4.6619234], [-74.0653897, 4.662649]]"
89890356#1,312660204,283255674,67.82196787199523,0.08138636144639426,0.0,30.0,baja,True,0,residencial,Carrera 20A,2.0,False,False,[],"[[-74.0628761, 4.6609139], [-74.0625833, 4.6613785], [-74.0625506, 4.6614304]]"
89890356#2,312660204,12496016276,69.62484326007026,0.08354981191208433,0.0,30.0,baja,True,0,residencial,Carrera 20A,2.0,False,False,[],"[[-74.0628761, 4.6609139], [-74.0629161, 4.6608505], [-74.0631769, 4.6604367], [-74.0632103, 4.6603837]]"
1072014514,312660204,12212788624,75.85549827859452,0.09102659793431345,0.0,30.0,baja,True,0,residencial,Calle 72A,2.0,False,False,[],"[[-74.0628761, 4.6609139], [-74.0628334, 4.6608858], [-74.0623062, 4.6605361]]"
28224292,312660207,312660204,99.20014473768508,0.1190401736852221,0.0,30.0,baja,True,0,residencial,Calle 72A,2.0,True,False,[],"[[-74.0636211, 4.6614084], [-74.0635762, 4.6613786], [-74.062925, 4.6609466], [-74.0628761, 4.6609139]]"
1055378625,312660207,12496016379,66.5409436150921,0.07984913233811053,0.0,45.0,baja,True,0,terciaria,Carrera 20B,2.0,True,False,[],"[[-74.0636211, 4.6614084], [-74.0636447, 4.6613694], [-74.0638873, 4.6609691], [-74.0639065, 4.6609371], [-74.0639314, 4.6608961]]"
1055378626#1,312660207,312660201,96.95695254724296,0.11634834305669155,0.0,30.0,baja,True,0,residencial,Calle 72A,2.0,False,False,[],"[[-74.0636211, 4.6614084], [-74.063662, 4.6614355], [-74.064292, 4.6618534], [-74.0643494, 4.6618915]]"
1072014513#2,312660208,312660198,95.92418968891587,0.11510902762669906,0.0,30.0,baja,True,0,residencial,Calle 72A,2.0,False,False,[],
89890368,312660208,375480121,67.53970399830453,0.08104764479796543,0.0,30.0,baja,True,0,residencial,Carrera 22,2.0,False,False,[],"[[-74.0653897, 4.662649], [-74.0657104, 4.6621847], [-74.0657331, 4.6621473]]"
1072014513#3,312660208,312660201,142.78820327787727,0.17134584393345276,0.0,30.0,baja,True,0,residencial,Calle 72A,2.0,False,False,[],"[[-74.0653897, 4.662649], [-74.06439, 4.6619234], [-74.0643494, 4.6618915]]"
352406351,312660210,7989874516,26.75046226358052,0.03210055471629663,0.0,50.0,baja,True,0,secundaria,Avenida Calle 72,2.0,True,False,[],
28459330,312660210,5145689454,52.35963010831125,0.0628315561299735,0.0,30.0,baja,True,0,residencial,Diagonal 71A Bis,1.0,True,False,[],"[[-74.0654091, 4.6617946], [-74.0653852, 4.6617082], [-74.065329, 4.6615036], [-74.0652659, 4.6613466]]"
708098548,312660426,1041859324,57.45012508454303,0.06894015010145163,0.0,30.0,baja,True,0,residencial,Calle 71B,2.0,False,False,[],
28459366,312660426,312660427,114.40769879680246,0.13728923855616296,0.0,30.0,baja,True,0,residencial,Carrera 27,2.0,False,False,[],"[[-74.0690516, 4.6631437], [-74.0684719, 4.6639516], [-74.0684511, 4.6639806]]"
708098548#1,312660426,3642899689,60.7146483529227,0.07285757802350724,0.0,30.0,baja,True,0,residencial,Calle 71B,2.0,False,False,[],"[[-74.0690516, 4.6631437], [-74.0690077, 4.6630545], [-74.0686406, 4.6627983]]"
1064447339,312660427,884900212,56.97048845211089,0.06836458614253307,0.0,50.0,baja,True,0,secundaria,Avenida Calle 72,2.0,True,False,[],
28459366#1,312660427,312660426,114.40769879680246,0.13728923855616296,0.0,30.0,baja,True,0,residencial,Carrera 27,2.0,False,False,[],"[[-74.0684511, 4.6639806], [-74.0684719, 4.6639516], [-74.0690516, 4.6631437]]"
28459367,312660429,1041859324,115.61861030730148,0.13874233236876177,0.0,30.0,baja,True,0,residencial,Carrera 27A,2.0,False,False,[],"[[-74.0688706, 4.6642985], [-74.0688901, 4.6642705], [-74.0689489, 4.6641861], [-74.0694706, 4.6634479]]"
1064447338,312660429,312660427,58.40410671414439,0.07008492805697328,0.0,50.0,baja,True,0,secundaria,Avenida Calle 72,2.0,True,False,[],"[[-74.0688706, 4.6642985], [-74.0686841, 4.6641572], [-74.0684511, 4.6639806]]"
381869180,312660814,1041859313,66.91848330394345,0.08030217996473213,0.0,30.0,baja,True,0,residencial,Calle 70,2.0,False,False,[],"[[-74.0688787, 4.6603166], [-74.0689181, 4.6603506], [-74.0693531, 4.6606888]]"
1003076651#1,312660814,13790717163,163.6658112434804,0.19639897349217647,0.0,50.0,baja,True,0,secundaria,Avenida Carrera 24,2.0,True,False,[],"[[-74.0688787, 4.6603166], [-74.0692272, 4.6597599], [-74.0696068, 4.6591532], [-74.069628, 4.6591194], [-74.0696605, 4.6590679]]"
1051315350,312660844,9661162217,12.253872093247528,0.014704646511897033,0.0,30.0,baja,True,0,residencial,Carrera 25,2.0,False,False,[],
1051315351,312660844,312660847,57.25950887496435,0.06871141064995721,0.0,50.0,baja,True,0,secundaria,Avenida Calle 72,2.0,True,False,[],
"[856959906, 39250940, 381880214]",312660844,312660847,220.10002764305668,0.264120033171668,0.0,50.0,baja,True,0,secundaria,Avenida Calle 72,2.0,True,False,[],
375277124,312660847,312660987,57.10859367278886,0.06853031240734662,0.0,50.0,baja,True,0,secundaria,Avenida Calle 72,2.0,True,False,[],
1009720966,312660847,884900212,11.911291784209881,0.014293550141051858,0.0,30.0,baja,True,0,residencial,Carrera 26,1.0,True,False,[],
"[856959906, 39250940, 381880214]#1",312660847,312660844,220.10002764305668,0.264120033171668,0.0,30.0,baja,True,0,residencial,Calle 73,2.0,False,False,[],"[[-74.0679799, 4.663758], [-74.0679587, 4.6637885], [-74.0675629, 4.664358], [-74.0671493, 4.664065], [-74.0675444, 4.6634818], [-74.0675669, 4.6634486]]"
"[39250937, 28459427, 30658931]",312660984,312660987,216.19609219564816,0.2594353106347778,0.0,30.0,baja,True,0,residencial,Calle 73,2.0,False,False,[],"[[-74.0688147, 4.6643879], [-74.0687959, 4.6644147], [-74.0684121, 4.6649637], [-74.0679858, 4.6646678], [-74.0683702, 4.6640986], [-74.0683918, 4.6640666]]"
375277124#1,312660984,312661325,59.844936461432596,0.07181392375371912,0.0,50.0,baja,True,0,secundaria,Avenida Calle 72,2.0,True,False,[],"[[-74.0688147, 4.6643879], [-74.0690295, 4.664551], [-74.0692442, 4.6647141]]"
"[39250937, 30658931, 28459427]",312660987,312660984,216.19609219564816,0.2594353106347778,0.0,30.0,baja,True,0,residencial,Carrera 27,2.0,False,False,[],"[[-74.0683918, 4.6640666], [-74.0683702, 4.6640986], [-74.0679858, 4.6646678], [-74.0684121, 4.6649637], [-74.0687959, 4.6644147], [-74.0688147, 4.6643879]]"
375277124#2,312660987,312660984,58.93292458443539,0.07071950950132247,0.0,30.0,baja,True,0,residencial,Carrera 27,2.0,False,False,[],"[[-74.0683918, 4.6640666], [-74.0683702, 4.6640986], [-74.0679858, 4.6646678], [-74.0684121, 4.6649637], [-74.0687959, 4.6644147], [-74.0688147, 4.6643879]]"
"[39250938, 89901868]",312661324,312661326,153.62596891641508,0.1843511626996981,0.0,30.0,baja,True,0,residencial,Calle 73 Bis,2.0,False,False,[],"[[-74.068688, 4.6655152], [-74.0682427, 4.6652059], [-74.0678282, 4.665843], [-74.0677838, 4.6659112]]"
41088769,312661324,3889577672,91.39690187420119,0.10967628224904143,0.0,30.0,baja,True,0,residencial,Carrera 27B,2.0,False,False,[],"[[-74.068688, 4.6655152], [-74.0682659, 4.6661285], [-74.0682187, 4.666191]]"
41088769#1,312661324,312661325,108.32669055452975,0.1299920286654357,0.0,30.0,baja,True,0,residencial,Carrera 27B,2.0,False,False,[],"[[-74.068688, 4.6655152], [-74.0692213, 4.664747], [-74.0692442, 4.6647141]]"
375277124#3,312661325,339058335,57.911978574810355,0.06949437428977243,0.0,50.0,baja,True,0,secundaria,Avenida Calle 72,2.0,True,False,[],
856959907,312661325,339058337,12.104514002482798,0.014525416802979356,0.0,30.0,baja,True,0,residencial,Carrera 27B,1.0,True,False,[],
41088769#2,312661325,312661324,108.32669055452975,0.1299920286654357,0.0,30.0,baja,True,0,residencial,Carrera 27B,2.0,False,False,[],"[[-74.0692442, 4.6647141], [-74.0692213, 4.664747], [-74.068688, 4.6655152]]"
23430419#1,312661326,312663007,59.71879725333004,0.07166255670399604,0.0,30.0,baja,True,0,terciaria,Calle 74,2.0,True,False,[],"[[-74.0677838, 4.6659112], [-74.0676483, 4.665824], [-74.0673311, 4.6656199]]"
"[39250938, 89901868]#1",312661326,312661324,153.6259689164151,0.18435116269969815,0.0,30.0,baja,True,0,residencial,Calle 73 Bis,2.0,False,False,[],"[[-74.0677838, 4.6659112], [-74.0678282, 4.665843], [-74.0682427, 4.6652059], [-74.068688, 4.6655152]]"
89901868,312661326,312661827,60.32290129468732,0.07238748155362479,0.0,30.0,baja,True,0,residencial,Carrera 27A,2.0,False,False,[],"[[-74.0677838, 4.6659112], [-74.0677488, 4.665965], [-74.0674877, 4.6663664]]"
23430419#2,312661329,3889577672,8.01915157075369,0.00962298188490443,0.0,30.0,baja,True,0,terciaria,Calle 74,2.0,True,False,[],
178910582,312661329,1892690057,61.40174319744065,0.07368209183692878,0.0,30.0,baja,True,0,residencial,Carrera 27B,2.0,True,False,[],
28459484,312661820,312661821,45.01675855778477,0.05402011026934172,0.0,30.0,baja,True,0,residencial,Carrera 27A,2.0,True,False,[],"[[-74.0647938, 4.670531], [-74.0648246, 4.6704831], [-74.0650129, 4.6701901]]"
89901810,312661820,903701526,142.8126143023408,0.17137513716280897,0.0,70.0,baja,True,0,troncal,Avenida Calle 80,3.0,True,False,[],"[[-74.0647938, 4.670531], [-74.0645194, 4.6701912], [-74.0644404, 4.6700935], [-74.0642916, 4.6699092], [-74.0639858, 4.6695305]]"
28459484#1,312661821,312661822,130.13948678497573,0.15616738414197087,0.0,30.0,baja,True,0,residencial,Carrera 27A,2.0,True,False,[],
89901821,312661821,314145160,72.85270221641674,0.0874232426597001,0.0,30.0,baja,True,0,residencial,Calle 79,2.0,True,False,[],
89901868#1,312661822,312661823,96.66191275736023,0.11599429530883228,0.0,30.0,baja,True,0,residencial,Carrera 27A,2.0,False,False,[],
992519225,312661822,312663001,66.77870713792443,0.08013444856550932,0.0,30.0,baja,True,0,residencial,Calle 78,2.0,True,False,[],
89901736#5,312661823,1855061091,66.34430010903439,0.07961316013084126,0.0,30.0,baja,True,0,residencial,Calle 77,2.0,False,False,[],
89901736#6,312661823,312663002,67.25955295688479,0.08071146354826175,0.0,30.0,baja,True,0,residencial,Calle 77,2.0,False,False,[],
89901868#2,312661823,312661822,96.66191275736023,0.11599429530883228,0.0,30.0,baja,True,0,residencial,Carrera 27A,2.0,False,False,[],
89901868#3,312661823,312661824,84.81791310465867,0.1017814957255904,0.0,30.0,baja,True,0,residencial,Carrera 27A,2.0,False,False,[],"[[-74.0661172, 4.6684729], [-74.0665203, 4.6678534], [-74.0665336, 4.6678329]]"
89901752#1,312661824,312661870,66.56033657084414,0.07987240388501297,0.0,30.0,baja,True,0,secundaria,Calle 76,2.0,True,False,[],
89901868#4,312661824,312661825,64.91366250210734,0.0778963950025288,0.0,30.0,baja,True,0,residencial,Carrera 27A,2.0,False,False,[],"[[-74.0665336, 4.6678329], [-74.0665591, 4.6677937], [-74.0668523, 4.6673431]]"
89901868#5,312661824,312661823,84.81791310465867,0.1017814957255904,0.0,30.0,baja,True,0,residencial,Carrera 27A,2.0,False,False,[],"[[-74.0665336, 4.6678329], [-74.0665203, 4.6678534], [-74.0661172, 4.6684729]]"
89901868#6,312661825,312661826,68.02267744126775,0.0816272129295213,0.0,30.0,baja,True,0,residencial,Carrera 27A,2.0,False,False,[],
856492865#1,312661825,312663004,66.18126189737345,0.07941751427684814,0.0,30.0,baja,True,0,residencial,Calle 75A,2.0,False,False,[],
856492865#2,312661825,1855061090,66.57161579257162,0.07988593895108595,0.0,30.0,baja,True,0,residencial,Calle 75A,2.0,False,False,[],
89901868#7,312661825,312661824,64.91366250210734,0.0778963950025288,0.0,30.0,baja,True,0,residencial,Carrera 27A,2.0,False,False,[],"[[-74.0668523, 4.6673431], [-74.0665591, 4.6677937], [-74.0665336, 4.6678329]]"
89901823#2,312661826,312663005,66.46191388530636,0.07975429666236764,0.0,30.0,baja,True,0,residencial,Calle 75,2.0,False,False,[],
89901823#3,312661826,1892690049,67.16644494799648,0.08059973393759577,0.0,30.0,baja,True,0,residencial,Calle 75,2.0,False,False,[],
89901868#8,312661826,312661827,61.413531394983245,0.0736962376739799,0.0,30.0,baja,True,0,residencial,Carrera 27A,2.0,False,False,[],
89901868#9,312661826,312661825,68.02267744126775,0.0816272129295213,0.0,30.0,baja,True,0,residencial,Carrera 27A,2.0,False,False,[],
89901749#1,312661827,312663006,66.03700320415298,0.07924440384498359,0.0,30.0,baja,True,0,residencial,Calle 74A,2.0,False,False,[],
89901749#2,312661827,1892690057,66.27381148067356,0.07952857377680828,0.0,30.0,baja,True,0,residencial,Calle 74A,2.0,False,False,[],
89901868#10,312661827,312661826,61.413531394983245,0.0736962376739799,0.0,30.0,baja,True,0,residencial,Carrera 27A,2.0,False,False,[],
89901868#11,312661827,312661326,60.32290129468732,0.07238748155362479,0.0,30.0,baja,True,0,residencial,Carrera 27A,2.0,False,False,[],"[[-74.0674877, 4.6663664], [-74.0677488, 4.665965], [-74.0677838, 4.6659112]]"
89901819#2,312661858,312649661,59.974516817349105,0.07196942018081892,0.0,30.0,baja,True,0,residencial,Carrera 29C,2.0,True,False,[],"[[-74.0701322, 4.6704282], [-74.0701102, 4.6704551], [-74.0697902, 4.6708462]]"
1056667590,312661858,930040906,63.946588444568775,0.07673590613348252,0.0,30.0,baja,True,0,secundaria,Calle 76,1.0,True,False,[],"[[-74.0701322, 4.6704282], [-74.0703601, 4.670844], [-74.0703736, 4.6708687], [-74.0704088, 4.6709329]]"
89901752#2,312661870,312661871,50.9711368229829,0.06116536418757947,0.0,30.0,baja,True,0,secundaria,Calle 76,2.0,True,False,[],"[[-74.0670354, 4.6681618], [-74.0673499, 4.6684232], [-74.0673886, 4.6684554]]"
174856250,312661870,1855061090,67.06751852744219,0.08048102223293063,0.0,30.0,baja,True,0,residencial,Carrera 27B,2.0,False,False,[],"[[-74.0670354, 4.6681618], [-74.0670593, 4.6681251], [-74.0673646, 4.6676557]]"
174856250#1,312661870,1855061091,84.01708820102625,0.1008205058412315,0.0,30.0,baja,True,0,residencial,Carrera 27B,2.0,False,False,[],"[[-74.0670354, 4.6681618], [-74.0670175, 4.6681891], [-74.0666213, 4.6687947]]"
89901752#3,312661871,312649899,74.69304276601804,0.08963165131922166,0.0,30.0,baja,True,0,secundaria,Calle 76,2.0,True,False,[],
28459664#1,312661871,312662921,79.10830413626053,0.09492996496351264,0.0,45.0,baja,True,0,terciaria,Carrera 28,2.0,True,False,[],"[[-74.0673886, 4.6684554], [-74.0673687, 4.6684797], [-74.0673246, 4.6685335], [-74.0669191, 4.6689912]]"
89901752#4,312661873,312661874,75.83082489582188,0.09099698987498625,0.0,30.0,baja,True,0,secundaria,Calle 76,2.0,True,False,[],"[[-74.0684803, 4.669252], [-74.0685138, 4.6692761], [-74.0690344, 4.6696521]]"
89901783#1,312661873,312662080,69.99832853175309,0.0839979942381037,0.0,30.0,baja,True,0,residencial,Carrera 28B,2.0,True,False,[],"[[-74.0684803, 4.669252], [-74.0684645, 4.6692706], [-74.0680732, 4.6697333]]"
28459580,312661874,312662473,82.79348315193158,0.09935217978231789,0.0,30.0,baja,True,0,residencial,Carrera 29,2.0,True,False,[],"[[-74.0690344, 4.6696521], [-74.0690532, 4.6696219], [-74.0694276, 4.669019]]"
89901752#5,312661874,312661875,75.39615178356665,0.09047538214027999,0.0,30.0,baja,True,0,secundaria,Calle 76,2.0,True,False,[],"[[-74.0690344, 4.6696521], [-74.0695187, 4.6699883], [-74.0695926, 4.6700397]]"
89901734,312661875,1892690051,47.25756975543781,0.056709083706525366,0.0,30.0,baja,True,0,residencial,Carrera 29B,2.0,False,False,[],"[[-74.0695926, 4.6700397], [-74.0696312, 4.6699943], [-74.0698682, 4.6697154]]"
89901734#1,312661875,312662293,64.2360780784538,0.07708329369414456,0.0,30.0,baja,True,0,residencial,Carrera 29B,2.0,False,False,[],"[[-74.0695926, 4.6700397], [-74.0695744, 4.6700616], [-74.069223, 4.6704847]]"
89901752#6,312661875,312661858,73.77274425393635,0.08852729310472361,0.0,30.0,baja,True,0,secundaria,Calle 76,2.0,True,False,[],"[[-74.0695926, 4.6700397], [-74.0696326, 4.6700684], [-74.0700727, 4.6703853], [-74.0701322, 4.6704282]]"
89901707#7,312661925,312661928,95.64274340193668,0.11477129208232402,0.0,30.0,baja,True,0,terciaria,Carrera 28A,2.0,True,False,[],"[[-74.0656329, 4.6715623], [-74.0656378, 4.6715286], [-74.0656464, 4.6714988], [-74.065662, 4.6714666], [-74.0656891, 4.6714267], [-74.0661543, 4.6708875]]"
89901919,312661925,12440876776,78.15215380387161,0.09378258456464593,0.0,70.0,baja,True,0,troncal,Avenida Calle 80,3.0,True,False,[],"[[-74.0656329, 4.6715623], [-74.0652572, 4.671093], [-74.0651931, 4.6710129]]"
89901707#8,312661928,312649903,127.83093278153021,0.15339711933783626,0.0,30.0,baja,True,0,terciaria,Carrera 28A,2.0,True,False,[],"[[-74.0661543, 4.6708875], [-74.0661949, 4.6708415], [-74.066306, 4.6707155], [-74.0664808, 4.6705162], [-74.0667196, 4.6702443], [-74.0668976, 4.6700393], [-74.066913, 4.6700216]]"
89901821#1,312661928,312662078,80.79255558913141,0.09695106670695769,0.0,30.0,baja,True,0,residencial,Calle 79,2.0,True,False,[],"[[-74.0661543, 4.6708875], [-74.0661807, 4.6709038], [-74.0667064, 4.6712288], [-74.0667738, 4.6712705]]"
89901821#2,312662078,312662154,73.6908573160157,0.08842902877921885,0.0,30.0,baja,True,0,residencial,Calle 79,2.0,True,False,[],
1113466325,312662078,2861241572,103.72593025243445,0.12447111630292135,0.0,30.0,baja,True,0,residencial,Carrera 28B,2.0,True,False,[],"[[-74.0667738, 4.6712705], [-74.0662253, 4.6719159], [-74.0661925, 4.6719456], [-74.0661561, 4.6719684]]"
89901906#2,312662079,312649903,78.36343059030268,0.09403611670836322,0.0,30.0,baja,True,0,terciaria,Calle 78,2.0,True,False,[],"[[-74.0675059, 4.6704056], [-74.0674512, 4.6703702], [-74.0669337, 4.670035], [-74.066913, 4.6700216]]"
1113466325#1,312662079,312662078,125.82589646368297,0.15099107575641957,0.0,30.0,baja,True,0,residencial,Carrera 28B,2.0,True,False,[],"[[-74.0675059, 4.6704056], [-74.0674862, 4.6704288], [-74.0668099, 4.6712279], [-74.0667738, 4.6712705]]"
89901736#7,312662080,312662156,76.44639708109135,0.0917356764973096,0.0,30.0,baja,True,0,residencial,Calle 77,2.0,False,False,[],
89901736#8,312662080,312649901,77.03282795605885,0.09243939354727063,0.0,30.0,baja,True,0,residencial,Calle 77,2.0,False,False,[],
89901783#2,312662080,312662079,97.67987909151732,0.1172158549098208,0.0,30.0,baja,True,0,residencial,Carrera 28B,2.0,True,False,[],
89901783#3,312662082,1892690055,124.24597384453651,0.1490951686134438,0.0,30.0,baja,True,0,residencial,Carrera 28B,2.0,True,False,[],"[[-74.0699766, 4.6672853], [-74.0698015, 4.6675211], [-74.0693045, 4.6681796]]"
1169377971#1,312662082,312649896,60.68268378241467,0.07281922053889761,0.0,30.0,baja,True,0,terciaria,Calle 74,2.0,True,False,[],"[[-74.0699766, 4.6672853], [-74.0699211, 4.6672426], [-74.0695915, 4.6669883], [-74.0695435, 4.6669514]]"
28459580#1,312662154,312662155,123.11358050542107,0.14773629660650528,0.0,30.0,baja,True,0,residencial,Carrera 29,2.0,True,False,[],
89901821#3,312662154,314145162,77.54866976019231,0.09305840371223077,0.0,30.0,baja,True,0,residencial,Calle 79,2.0,True,False,[],
28459580#2,312662155,312662156,96.57108113046206,0.11588529735655448,0.0,30.0,baja,True,0,residencial,Carrera 29,2.0,True,False,[],
89901906#3,312662155,312662079,76.51064296975106,0.09181277156370128,0.0,30.0,baja,True,0,terciaria,Calle 78,2.0,True,False,[],
89901736#9,312662156,312662293,75.93962587832415,0.09112755105398897,0.0,30.0,baja,True,0,residencial,Calle 77,2.0,False,False,[],
89901736#10,312662156,312662080,76.44639708109135,0.0917356764973096,0.0,30.0,baja,True,0,residencial,Calle 77,2.0,False,False,[],
28459580#3,312662156,312661874,67.23388551944011,0.08068066262332813,0.0,30.0,baja,True,0,residencial,Carrera 29,2.0,True,False,[],"[[-74.0686459, 4.6701165], [-74.0690183, 4.6696714], [-74.0690344, 4.6696521]]"
28459580#4,312662157,312662158,120.07353936269688,0.14408824723523625,0.0,30.0,baja,True,0,residencial,Carrera 29,2.0,True,False,[],"[[-74.069769, 4.6684966], [-74.0704043, 4.6676735], [-74.0704296, 4.6676407]]"
89901771,312662157,1892690055,62.42266227527594,0.07490719473033113,0.0,30.0,baja,True,0,residencial,Calle 75,2.0,False,False,[],"[[-74.069769, 4.6684966], [-74.0695806, 4.6683778], [-74.0694668, 4.6682926], [-74.0693045, 4.6681796]]"
89901771#1,312662157,312662632,64.86427094661079,0.07783712513593294,0.0,30.0,baja,True,0,residencial,Calle 75,2.0,False,False,[],"[[-74.069769, 4.6684966], [-74.0699426, 4.668612], [-74.0702559, 4.6688203]]"
1169377971#2,312662158,312662082,63.89214089755786,0.07667056907706944,0.0,30.0,baja,True,0,terciaria,Calle 74,2.0,True,False,[],"[[-74.0704296, 4.6676407], [-74.0703619, 4.6675876], [-74.0700249, 4.6673231], [-74.0699766, 4.6672853]]"
89901734#2,312662292,312662293,96.37804443377748,0.11565365332053298,0.0,30.0,baja,True,0,residencial,Carrera 29B,2.0,False,False,[],
89901734#3,312662292,314145162,122.61463065952793,0.14713755679143353,0.0,30.0,baja,True,0,residencial,Carrera 29B,2.0,False,False,[],
89901906#4,312662292,312662155,75.06853094120456,0.09008223712944546,0.0,30.0,baja,True,0,terciaria,Calle 78,2.0,True,False,[],
89901734#4,312662293,312662292,96.37804443377748,0.11565365332053298,0.0,30.0,baja,True,0,residencial,Carrera 29B,2.0,False,False,[],
89901736#11,312662293,312649661,74.6138843233623,0.08953666118803477,0.0,30.0,baja,True,0,residencial,Calle 77,2.0,False,False,[],
89901736#12,312662293,312662156,75.93962587832415,0.09112755105398897,0.0,30.0,baja,True,0,residencial,Calle 77,2.0,False,False,[],
89901734#5,312662293,312661875,64.2360780784538,0.07708329369414456,0.0,30.0,baja,True,0,residencial,Carrera 29B,2.0,False,False,[],"[[-74.069223, 4.6704847], [-74.0695744, 4.6700616], [-74.0695926, 4.6700397]]"
28459580#5,312662473,312662157,69.32400684490499,0.08318880821388598,0.0,30.0,baja,True,0,residencial,Carrera 29,2.0,True,False,[],
41088734,312662473,312662633,58.99571391259127,0.07079485669510953,0.0,30.0,baja,True,0,residencial,Calle 75A,2.0,False,False,[],
89901691,312662632,312662633,68.4075049750943,0.08208900597011318,0.0,30.0,baja,True,0,residencial,Carrera 29A,2.0,False,False,[],
89901771#2,312662632,312662157,64.86427094661079,0.07783712513593294,0.0,30.0,baja,True,0,residencial,Calle 75,2.0,False,False,[],"[[-74.0702559, 4.6688203], [-74.0699426, 4.668612], [-74.069769, 4.6684966]]"
41088734#1,312662633,312662473,58.99571391259127,0.07079485669510953,0.0,30.0,baja,True,0,residencial,Calle 75A,2.0,False,False,[],
89901691#1,312662633,312662632,68.4075049750943,0.08208900597011318,0.0,30.0,baja,True,0,residencial,Carrera 29A,2.0,False,False,[],
"[89901734, 41088734]",312662633,1892690051,60.523820904545516,0.07262858508545461,0.0,30.0,baja,True,0,residencial,Calle 75A,2.0,False,False,[],"[[-74.0698759, 4.6693051], [-74.070019, 4.6693993], [-74.0700354, 4.6694177], [-74.0700411, 4.6694357], [-74.0700323, 4.6694668], [-74.0698682, 4.6697154]]"
178910581,312662782,1892690050,48.960740137864875,0.05875288816543785,0.0,30.0,baja,True,0,residencial,Calle 75B,2.0,False,False,[],
178910581#1,312662782,1892690051,24.877774588576592,0.02985332950629191,0.0,30.0,baja,True,0,residencial,Calle 75B,2.0,False,False,[],
28459664#2,312662920,314145160,130.71620656360085,0.15685944787632103,0.0,45.0,baja,True,0,terciaria,Carrera 28,2.0,True,False,[],"[[-74.0663377, 4.6696476], [-74.0663002, 4.6696889], [-74.0661563, 4.6698523], [-74.0659561, 4.6700719], [-74.0657891, 4.6702671], [-74.0656389, 4.6704497], [-74.0655693, 4.670539]]"
992519225#1,312662920,312661822,91.57525477282142,0.10989030572738571,0.0,30.0,baja,True,0,residencial,Calle 78,2.0,True,False,[],"[[-74.0663377, 4.6696476], [-74.0662986, 4.6696234], [-74.0659284, 4.6693861], [-74.0656963, 4.6692336], [-74.0656427, 4.6692023]]"
89901736#13,312662921,312649901,75.18118914102327,0.09021742696922794,0.0,30.0,baja,True,0,residencial,Calle 77,2.0,False,False,[],
89901736#14,312662921,1855061091,39.58131183998064,0.04749757420797677,0.0,30.0,baja,True,0,residencial,Calle 77,2.0,False,False,[],
28459664#3,312662921,312662920,97.36088619631711,0.11683306343558053,0.0,45.0,baja,True,0,terciaria,Carrera 28,2.0,True,False,[],"[[-74.0669191, 4.6689912], [-74.0663962, 4.6695806], [-74.0663377, 4.6696476]]"
89901690#1,312662922,312649507,76.4773664266922,0.09177283971203064,0.0,30.0,baja,True,0,residencial,Calle 75A,2.0,False,False,[],
856492865#3,312662922,1855061090,58.84014210791112,0.07060817052949335,0.0,30.0,baja,True,0,residencial,Calle 75A,2.0,False,False,[],
28459664#4,312662922,312661871,75.1368751258401,0.09016425015100812,0.0,45.0,baja,True,0,terciaria,Carrera 28,2.0,True,False,[],"[[-74.0678174, 4.667932], [-74.0674173, 4.6684204], [-74.0673886, 4.6684554]]"
28459664#5,312662923,312662922,65.56056263436446,0.07867267516123735,0.0,45.0,baja,True,0,terciaria,Carrera 28,2.0,True,False,[],
89901823#4,312662923,1892690049,65.26477639980996,0.07831773167977195,0.0,30.0,baja,True,0,residencial,Calle 75,2.0,False,False,[],
89901823#5,312662923,312649437,78.14293505941893,0.09377152207130271,0.0,30.0,baja,True,0,residencial,Calle 75,2.0,False,False,[],
28458232#1,312662925,312649530,78.5563175019184,0.09426758100230208,0.0,30.0,baja,True,0,residencial,Calle 74A,2.0,False,False,[],
89901749#3,312662925,1892690057,73.82271184877834,0.08858725421853401,0.0,30.0,baja,True,0,residencial,Calle 74A,2.0,False,False,[],
28459664#6,312662925,312662923,59.26161629826322,0.07111393955791587,0.0,45.0,baja,True,0,terciaria,Carrera 28,2.0,True,False,[],"[[-74.0685372, 4.6670687], [-74.0683684, 4.6672679], [-74.0681908, 4.6674747]]"
381880216,312663001,312663002,96.36495980158212,0.11563795176189855,0.0,30.0,baja,True,0,residencial,Carrera 27,2.0,False,False,[],
"[89901821, 28459685]",312663001,312661821,196.89171920671575,0.2362700630480589,0.0,30.0,baja,True,0,residencial,Carrera 27,2.0,True,False,[],"[[-74.0651373, 4.6688753], [-74.0645128, 4.6698324], [-74.0645093, 4.6698468], [-74.0645128, 4.6698618], [-74.0645218, 4.6698754], [-74.0645309, 4.6698859], [-74.0646182, 4.669941], [-74.064642, 4.669956], [-74.0647174, 4.6700036], [-74.0650129, 4.6701901]]"
992519225#2,312663001,312663045,65.71147918277858,0.07885377501933429,0.0,30.0,baja,True,0,residencial,Calle 78,2.0,True,False,[],"[[-74.0651373, 4.6688753], [-74.0646932, 4.668584], [-74.0646407, 4.6685525]]"
89901736#15,312663002,312661823,67.25955295688479,0.08071146354826175,0.0,30.0,baja,True,0,residencial,Calle 77,2.0,False,False,[],
89901736#16,312663002,312663046,65.59041812611814,0.07870850175134177,0.0,30.0,baja,True,0,residencial,Calle 77,2.0,False,False,[],
381880216#1,312663002,312663001,96.36495980158212,0.11563795176189855,0.0,30.0,baja,True,0,residencial,Carrera 27,2.0,False,False,[],
381880216#2,312663002,312663003,84.8864670187686,0.10186376042252232,0.0,30.0,baja,True,0,residencial,Carrera 27,2.0,False,False,[],"[[-74.0656067, 4.6681458], [-74.0660128, 4.6675291], [-74.066027, 4.6675076]]"
89901752#7,312663003,312661824,66.78781960959712,0.08014538353151654,0.0,30.0,baja,True,0,secundaria,Calle 76,2.0,True,False,[],
381880216#3,312663003,312663002,84.8864670187686,0.10186376042252232,0.0,30.0,baja,True,0,residencial,Carrera 27,2.0,False,False,[],"[[-74.066027, 4.6675076], [-74.0660128, 4.6675291], [-74.0656067, 4.6681458]]"
381880216#4,312663003,312663004,65.74899284117313,0.07889879140940777,0.0,30.0,baja,True,0,residencial,Carrera 27,2.0,False,False,[],"[[-74.066027, 4.6675076], [-74.0660513, 4.667471], [-74.0663544, 4.6670145]]"
381880216#5,312663004,312663005,67.17694640153124,0.08061233568183748,0.0,30.0,baja,True,0,residencial,Carrera 27,2.0,False,False,[],
856492865#4,312663004,312663047,67.25233900086207,0.08070280680103449,0.0,30.0,baja,True,0,residencial,Calle 75A,2.0,False,False,[],
856492865#5,312663004,312661825,66.18126189737345,0.07941751427684814,0.0,30.0,baja,True,0,residencial,Calle 75A,2.0,False,False,[],
381880216#6,312663004,312663003,65.74899284117313,0.07889879140940777,0.0,30.0,baja,True,0,residencial,Carrera 27,2.0,False,False,[],"[[-74.0663544, 4.6670145], [-74.0660513, 4.667471], [-74.066027, 4.6675076]]"
89901823#6,312663005,312663048,67.20978021595279,0.08065173625914335,0.0,30.0,baja,True,0,residencial,Calle 75,2.0,False,False,[],
89901823#7,312663005,312661826,66.46191388530636,0.07975429666236764,0.0,30.0,baja,True,0,residencial,Calle 75,2.0,False,False,[],
381880216#7,312663005,312663004,67.17694640153124,0.08061233568183748,0.0,30.0,baja,True,0,residencial,Carrera 27,2.0,False,False,[],
381880216#8,312663005,312663006,62.14224428820083,0.074570693145841,0.0,30.0,baja,True,0,residencial,Carrera 27,2.0,False,False,[],
89901749#4,312663006,312663049,67.86891143218206,0.08144269371861847,0.0,30.0,baja,True,0,residencial,Calle 74A,2.0,False,False,[],
89901749#5,312663006,312661827,66.03700320415298,0.07924440384498359,0.0,30.0,baja,True,0,residencial,Calle 74A,2.0,False,False,[],
381880216#9,312663006,312663005,62.14224428820083,0.074570693145841,0.0,30.0,baja,True,0,residencial,Carrera 27,2.0,False,False,[],
381880216#10,312663006,9406985991,59.73151662907091,0.07167781995488509,0.0,30.0,baja,True,0,residencial,Carrera 27,2.0,False,False,[],"[[-74.0669903, 4.6660394], [-74.067197, 4.6656847], [-74.0672704, 4.6655809]]"
23430419#3,312663007,9406985991,8.003816115961495,0.009604579339153794,0.0,30.0,baja,True,0,terciaria,Calle 74,2.0,True,False,[],
"[1019948513, 65571532, 28459471]",312663007,312663050,251.34509648139246,0.301614115777671,0.0,30.0,baja,True,0,residencial,Carrera 27,2.0,False,False,[],"[[-74.0673311, 4.6656199], [-74.0674102, 4.6655083], [-74.0678171, 4.6649175], [-74.0673879, 4.6646096], [-74.0669301, 4.6652637], [-74.0668849, 4.6653329]]"
89901752#8,312663044,312663003,66.38758041506536,0.07966509649807843,0.0,30.0,baja,True,0,secundaria,Calle 76,2.0,True,False,[],"[[-74.065529, 4.6671758], [-74.0659867, 4.6674807], [-74.066027, 4.6675076]]"
856965789,312663044,312663046,84.99263480765167,0.101991161769182,0.0,30.0,baja,True,0,residencial,Carrera 26,2.0,False,False,[],"[[-74.065529, 4.6671758], [-74.0655129, 4.6672007], [-74.0651142, 4.6678187]]"
856965789#1,312663044,312663047,65.79592621264064,0.07895511145516876,0.0,30.0,baja,True,0,residencial,Carrera 26,2.0,False,False,[],"[[-74.065529, 4.6671758], [-74.0655519, 4.6671402], [-74.0658501, 4.6666781]]"
856965789#2,312663045,312663046,97.01283114585937,0.11641539737503123,0.0,30.0,baja,True,0,residencial,Carrera 26,2.0,False,False,[],
89901698,312663045,903701526,130.7446233768614,0.1568935480522337,0.0,30.0,baja,True,0,residencial,Carrera 26,2.0,True,False,[],"[[-74.0646407, 4.6685525], [-74.0640174, 4.6694833], [-74.0639858, 4.6695305]]"
992519225#3,312663045,5539186912,94.81980018554637,0.11378376022265563,0.0,30.0,baja,True,0,residencial,Calle 78,2.0,True,False,[],"[[-74.0646407, 4.6685525], [-74.0645792, 4.6685104], [-74.0639902, 4.6681245], [-74.0639571, 4.6681027], [-74.0639267, 4.6680827]]"
89901736#17,312663046,312663002,65.59041812611814,0.07870850175134177,0.0,30.0,baja,True,0,residencial,Calle 77,2.0,False,False,[],
856965789#3,312663046,312663045,97.01283114585937,0.11641539737503123,0.0,30.0,baja,True,0,residencial,Carrera 26,2.0,False,False,[],
89901736#18,312663046,312649660,95.50219146699608,0.11460262976039529,0.0,30.0,baja,True,0,residencial,Calle 77,2.0,False,False,[],"[[-74.0651142, 4.6678187], [-74.0644451, 4.6673874], [-74.0644139, 4.6673673], [-74.0643906, 4.6673523]]"
856965789#4,312663046,312663044,84.99263480765167,0.101991161769182,0.0,30.0,baja,True,0,residencial,Carrera 26,2.0,False,False,[],"[[-74.0651142, 4.6678187], [-74.0655129, 4.6672007], [-74.065529, 4.6671758]]"
856492865#6,312663047,312663004,67.25233900086207,0.08070280680103449,0.0,30.0,baja,True,0,residencial,Calle 75A,2.0,False,False,[],
856965789#5,312663047,312663048,65.98082136187563,0.07917698563425075,0.0,30.0,baja,True,0,residencial,Carrera 26,2.0,False,False,[],
856492865#7,312663047,312649509,91.5533914244395,0.1098640697093274,0.0,30.0,baja,True,0,residencial,Calle 75A,2.0,False,False,[],"[[-74.0658501, 4.6666781], [-74.0652093, 4.6662643], [-74.0651568, 4.6662304]]"
856965789#6,312663047,312663044,65.79592621264064,0.07895511145516876,0.0,30.0,baja,True,0,residencial,Carrera 26,2.0,False,False,[],"[[-74.0658501, 4.6666781], [-74.0655519, 4.6671402], [-74.065529, 4.6671758]]"
89901823#8,312663048,312663005,67.20978021595279,0.08065173625914335,0.0,30.0,baja,True,0,residencial,Calle 75,2.0,False,False,[],
856965789#7,312663048,312663047,65.98082136187563,0.07917698563425075,0.0,30.0,baja,True,0,residencial,Carrera 26,2.0,False,False,[],
856965789#8,312663048,312663049,62.66823207253488,0.07520187848704184,0.0,30.0,baja,True,0,residencial,Carrera 26,2.0,False,False,[],
89901823#9,312663048,312649438,91.63050153883944,0.10995660184660731,0.0,30.0,baja,True,0,residencial,Calle 75,2.0,False,False,[],"[[-74.0661721, 4.666179], [-74.0655294, 4.6657664], [-74.065477, 4.6657328]]"
89901749#6,312663049,312663006,67.86891143218206,0.08144269371861847,0.0,30.0,baja,True,0,residencial,Calle 74A,2.0,False,False,[],
856965789#9,312663049,312663048,62.66823207253488,0.07520187848704184,0.0,30.0,baja,True,0,residencial,Carrera 26,2.0,False,False,[],
856965789#10,312663049,3850795880,59.22015412588924,0.07106418495106709,0.0,30.0,baja,True,0,residencial,Carrera 26,2.0,False,False,[],
89901749#7,312663049,312649531,91.72202275071902,0.11006642730086282,0.0,30.0,baja,True,0,residencial,Calle 74A,2.0,False,False,[],"[[-74.066478, 4.665705], [-74.0658258, 4.6652857], [-74.0657825, 4.6652579]]"
23430419#4,312663050,3850795880,15.539758540250286,0.018647710248300343,0.0,30.0,baja,True,0,terciaria,Calle 74,2.0,True,False,[],
"[1019948513, 65571532, 28459471]#1",312663050,312663007,251.34509648139243,0.3016141157776709,0.0,30.0,baja,True,0,residencial,Carrera 27,2.0,False,False,[],"[[-74.0668849, 4.6653329], [-74.0669301, 4.6652637], [-74.0673879, 4.6646096], [-74.0678171, 4.6649175], [-74.0674102, 4.6655083], [-74.0673311, 4.6656199]]"
23430419#5,312663066,13778686650,52.70283921349645,0.06324340705619574,0.0,30.0,baja,True,0,terciaria,Calle 74,2.0,True,False,[],"[[-74.0664706, 4.6650664], [-74.0661624, 4.664868], [-74.0661264, 4.6648449], [-74.0660711, 4.6648093]]"
76698976,312663078,5146342123,36.8535789819164,0.04422429477829968,0.0,50.0,baja,True,0,secundaria,Avenida Carrera 24,3.0,True,False,[],
"[28459690, 30659098]",312663078,312663066,154.63848139673274,0.1855661776760793,0.0,30.0,baja,True,0,residencial,Calle 73 Bis,2.0,True,False,[],"[[-74.0665555, 4.6640513], [-74.0666169, 4.6640919], [-74.0669719, 4.6643268], [-74.0665264, 4.6649857], [-74.0664706, 4.6650664]]"
89901821#4,314145160,312661928,75.53151138632339,0.09063781366358806,0.0,30.0,baja,True,0,residencial,Calle 79,2.0,True,False,[],
28459664#7,314145160,12440876776,67.23149734486972,0.08067779681384367,0.0,45.0,baja,True,0,terciaria,Carrera 28,2.0,True,False,[],"[[-74.0655693, 4.670539], [-74.0654871, 4.6706444], [-74.0652766, 4.6708974], [-74.0652683, 4.6709082], [-74.0652439, 4.6709396], [-74.0652222, 4.6709683], [-74.0651931, 4.6710129]]"
89901734#6,314145162,312662292,122.61463065952793,0.14713755679143353,0.0,30.0,baja,True,0,residencial,Carrera 29B,2.0,False,False,[],
89901821#5,314145162,314145164,75.4565615527486,0.09054787386329832,0.0,30.0,baja,True,0,residencial,Calle 79,2.0,True,False,[],
24020503,314145295,312661925,47.06421157895579,0.056477053894746956,0.0,70.0,baja,True,0,troncal,Avenida Calle 80,3.0,True,False,[],
89901733,314145536,7989981699,81.44449254164005,0.09773339104996805,0.0,70.0,baja,True,0,troncal,Avenida Calle 80,2.0,True,False,[],"[[-74.0622788, 4.6678782], [-74.0625042, 4.6681575], [-74.0627373, 4.6684506]]"
672573103,314145669,775386685,113.8619745946776,0.13663436951361313,0.0,45.0,baja,True,0,terciaria,Carrera 22,2.0,True,False,[],"[[-74.0620149, 4.6678841], [-74.0618987, 4.6686202], [-74.0618902, 4.6688989]]"
1017885175,314145669,5719108257,10.267703600429995,0.012321244320515994,0.0,45.0,baja,True,0,terciaria,Calle 80 Bis,1.0,True,False,[],"[[-74.0620149, 4.6678841], [-74.0620466, 4.6678846], [-74.06207, 4.6678838], [-74.0621074, 4.6678807]]"
1305453242,314146038,2533080950,110.82805937028706,0.13299367124434447,0.0,45.0,baja,True,0,terciaria,Carrera 20,2.0,True,False,[],"[[-74.0602826, 4.6706294], [-74.0604409, 4.6697452], [-74.0604577, 4.6696481]]"
1344573787,314146038,314146079,57.13082278952035,0.06855698734742442,0.0,30.0,baja,True,0,residencial,Calle 83,2.0,False,False,[],"[[-74.0602826, 4.6706294], [-74.0603792, 4.6706439], [-74.0607924, 4.6707056]]"
672573098,314146079,361323635,108.18975193419983,0.1298277023210398,0.0,30.0,baja,True,0,residencial,Carrera 21,2.0,False,False,[],
672573110#1,314146079,928172485,45.32004155251174,0.05438404986301408,0.0,30.0,baja,True,0,residencial,Calle 83,2.0,False,False,[],
1344573786,314146079,2862666193,53.46590472387068,0.06415908566864481,0.0,30.0,baja,True,0,residencial,Carrera 21,2.0,False,False,[],
1344573787#1,314146079,314146038,57.13082278952035,0.06855698734742442,0.0,30.0,baja,True,0,residencial,Calle 83,2.0,False,False,[],"[[-74.0607924, 4.6707056], [-74.0603792, 4.6706439], [-74.0602826, 4.6706294]]"
1059633474#1,314146150,928172476,49.66593277442519,0.059599119329310224,0.0,30.0,baja,True,0,terciaria,Carrera 22,4.0,False,False,[],
"[797122385, 672573098]",314146150,361323635,146.93424604821266,0.17632109525785516,0.0,30.0,baja,True,0,residencial,Calle 84A,2.0,False,False,[],"[[-74.0614566, 4.672269], [-74.0605931, 4.672111], [-74.0606558, 4.671669]]"
672573151,314146484,5539187636,64.69911239313701,0.07763893487176442,0.0,30.0,baja,True,0,secundaria,Avenida Carrera 24,2.0,True,False,[],
28596222,314146484,3883728819,107.81739895933164,0.12938087875119797,0.0,30.0,baja,True,0,residencial,Calle 83 Bis,2.0,False,False,[],"[[-74.0631999, 4.6713429], [-74.0632796, 4.6713517], [-74.0636155, 4.6713897], [-74.0641666, 4.6714518]]"
68748982#3,327871421,268083089,88.84620870053658,0.1066154504406439,0.0,30.0,baja,True,0,residencial,Carrera 16A,2.0,False,False,[],"[[-74.0567673, 4.6698481], [-74.056757, 4.669872], [-74.0567026, 4.6699898], [-74.0564835, 4.6704696], [-74.0564588, 4.6705236], [-74.0564518, 4.6705398], [-74.0564303, 4.6705726]]"
"[89601217, 525660666]",327871421,312644985,113.41206784714018,0.1360944814165682,0.0,30.0,baja,True,0,residencial,Calle 84,2.0,True,False,[],"[[-74.0567673, 4.6698481], [-74.0569468, 4.66946], [-74.0569198, 4.6694471], [-74.0567695, 4.6693754], [-74.0566752, 4.6693305], [-74.0566311, 4.6693095], [-74.0564824, 4.6692387], [-74.0564102, 4.6692048]]"
856995352#1,327915650,327915816,66.82099601460017,0.08018519521752021,0.0,50.0,baja,True,0,secundaria,Avenida Calle 85,3.0,True,False,[],
1457203688#1,327915650,310000063,14.22808946578328,0.017073707358939934,0.0,30.0,baja,True,0,residencial,Carrera 19,,False,False,[],
66315671#1,327915650,327916030,133.53403783434786,0.16024084540121744,0.0,30.0,baja,True,0,residencial,Carrera 19,2.0,True,False,[],"[[-74.0574827, 4.6710785], [-74.0575002, 4.6710445], [-74.0575096, 4.6710263], [-74.0580016, 4.6699947]]"
"[29770178, 29770141]",327915816,327916030,201.2938318422905,0.2415525982107486,0.0,30.0,baja,True,0,residencial,Calle 84,2.0,False,False,[],"[[-74.0569396, 4.6708175], [-74.0569556, 4.6707823], [-74.0569629, 4.6707663], [-74.0572773, 4.6700763], [-74.0574329, 4.6697366], [-74.0580016, 4.6699947]]"
"[856995352, 1387058910]",327915816,268083089,62.669448505187276,0.07520333820622473,0.0,50.0,baja,True,0,secundaria,Avenida Calle 85,3.0,True,False,[],"[[-74.0569396, 4.6708175], [-74.0567087, 4.6707069], [-74.0565349, 4.6706234], [-74.0564303, 4.6705726]]"
"[29770178, 29770141]#1",327916030,327915816,201.2938318422905,0.2415525982107486,0.0,30.0,baja,True,0,residencial,Calle 84,2.0,False,False,[],"[[-74.0580016, 4.6699947], [-74.0574329, 4.6697366], [-74.0572773, 4.6700763], [-74.0569629, 4.6707663], [-74.0569556, 4.6707823], [-74.0569396, 4.6708175]]"
66315671#2,327916030,312644664,40.853809381764385,0.04902457125811727,0.0,30.0,baja,True,0,residencial,Carrera 19,2.0,True,False,[],"[[-74.0580016, 4.6699947], [-74.058012, 4.669973], [-74.0581206, 4.6697449], [-74.058126, 4.6697335], [-74.0581597, 4.6696628]]"
23430419#6,339058332,312661329,51.93636953255139,0.06232364343906166,0.0,30.0,baja,True,0,terciaria,Calle 74,2.0,True,False,[],"[[-74.068703, 4.6664213], [-74.068596, 4.66639], [-74.068493, 4.6663566], [-74.0684287, 4.6663261], [-74.0682795, 4.6662301]]"
30658930,339058332,339058335,187.66062669267725,0.2251927520312127,0.0,30.0,baja,True,0,residencial,Carrera 27C,2.0,False,False,[],"[[-74.068703, 4.6664213], [-74.068746, 4.6663384], [-74.0696331, 4.6650686], [-74.0696598, 4.6650298]]"
30658930#1,339058335,339058332,187.66062669267725,0.2251927520312127,0.0,30.0,baja,True,0,residencial,Carrera 27C,2.0,False,False,[],"[[-74.0696598, 4.6650298], [-74.0696331, 4.6650686], [-74.068746, 4.6663384], [-74.068703, 4.6664213]]"
375277124#4,339058335,13821378703,54.39872058979172,0.06527846470775006,0.0,50.0,baja,True,0,secundaria,Avenida Calle 72,2.0,True,False,[],"[[-74.0696598, 4.6650298], [-74.0699867, 4.6652737], [-74.070024, 4.6653015], [-74.0700528, 4.6653229]]"
"[708098548, 30658932]",339058337,1041859324,173.79132751600378,0.2085495930192045,0.0,30.0,baja,True,0,residencial,Carrera 27B,2.0,False,False,[],"[[-74.0693029, 4.6646223], [-74.0693172, 4.6646001], [-74.0693797, 4.6645029], [-74.0698866, 4.6637443], [-74.0694706, 4.6634479]]"
1064447337,339058337,312660429,59.93159710104793,0.07191791652125751,0.0,50.0,baja,True,0,secundaria,Avenida Calle 72,2.0,True,False,[],"[[-74.0693029, 4.6646223], [-74.0690493, 4.6644314], [-74.0688706, 4.6642985]]"
856965795#1,354855989,253762181,101.44102451629603,0.12172922941955525,0.0,30.0,baja,True,0,secundaria,Calle 76,2.0,True,False,[],"[[-74.0634714, 4.6656342], [-74.0641708, 4.666081], [-74.0642067, 4.6661039], [-74.064242, 4.6661265]]"
1062826272,354855989,500963205,104.97483300444583,0.125969799605335,0.0,30.0,baja,True,0,residencial,Carrera 22,2.0,True,False,[],"[[-74.0634714, 4.6656342], [-74.0634501, 4.6656671], [-74.0629542, 4.6664251]]"
1009698838,354855992,354856190,94.12145051775964,0.11294574062131156,0.0,30.0,baja,True,0,terciaria,Calle 74,2.0,True,False,[],
89890046,354855992,354855993,94.09982224114086,0.11291978668936903,0.0,30.0,baja,True,0,residencial,Carrera 22,2.0,True,False,[],"[[-74.0644877, 4.6637727], [-74.0645254, 4.6637124], [-74.0649363, 4.6630542]]"
89890946#1,354855993,1041859337,114.4496667999099,0.13733960015989188,0.0,30.0,baja,True,0,residencial,Calle 73,2.0,False,False,[],"[[-74.0649363, 4.6630542], [-74.0650558, 4.6631348], [-74.0652877, 4.663291], [-74.0654606, 4.6634075], [-74.0657918, 4.6636307]]"
89890946#2,354855993,266023850,119.10105773731541,0.1429212692847785,0.0,30.0,baja,True,0,residencial,Calle 73,2.0,False,False,[],"[[-74.0649363, 4.6630542], [-74.0645997, 4.6628251], [-74.0644066, 4.662694], [-74.0640993, 4.6624903], [-74.0640461, 4.6624542]]"
1059633461,354856189,375478832,9.690379022360407,0.011628454826832488,0.0,45.0,baja,True,0,terciaria,Carrera 20B,2.0,True,False,[],
529569426,354856189,5719114304,66.65126941809426,0.0799815233017131,0.0,30.0,baja,True,0,residencial,Diagonal 74 Bis,2.0,True,False,[],"[[-74.0623723, 4.6634724], [-74.0624337, 4.6634681], [-74.0629722, 4.6634301]]"
1009710032,354856190,7989874536,23.468588035045997,0.028162305642055192,0.0,30.0,baja,True,0,residencial,Diagonal 74 Bis,1.0,True,False,[],"[[-74.0637776, 4.6633084], [-74.0636587, 4.6633162], [-74.0636344, 4.6633178], [-74.0635664, 4.6633236]]"
1122111853,354856190,13778686646,18.818785827954834,0.022582542993545802,0.0,30.0,baja,True,0,terciaria,Calle 74,2.0,True,False,[],"[[-74.0637776, 4.6633084], [-74.063708, 4.6632629], [-74.0636784, 4.6632436], [-74.0636356, 4.6632156]]"
31715816,354856250,500963759,102.06744850402254,0.12248093820482703,0.0,30.0,baja,True,0,residencial,Calle 78,2.0,True,False,[],
89901834,354856250,500963208,36.74534953429014,0.04409441944114817,0.0,30.0,baja,True,0,residencial,Carrera 22,2.0,True,False,[],"[[-74.0624685, 4.6671704], [-74.0623104, 4.6674044], [-74.0622833, 4.6674445]]"
910966576,354856252,5108100509,50.04718854105618,0.060056626249267414,0.0,50.0,baja,True,0,secundaria,Avenida Carrera 24,3.0,True,False,[],
89901834#1,354856271,354856250,43.84721253670066,0.05261665504404079,0.0,30.0,baja,True,0,residencial,Carrera 22,2.0,True,False,[],
31715819,354856271,354856272,128.20726304809358,0.15384871565771227,0.0,30.0,baja,True,0,residencial,Calle 77 Bis,2.0,False,False,[],"[[-74.0626866, 4.6668414], [-74.0617522, 4.6662494], [-74.0617103, 4.6662229]]"
1286141405,354856272,354856338,56.44567170804957,0.06773480604965948,0.0,30.0,baja,True,0,residencial,Carrera 20C,2.0,True,False,[],
31715819#1,354856272,354856271,128.20726304809358,0.15384871565771227,0.0,30.0,baja,True,0,residencial,Calle 77 Bis,2.0,False,False,[],"[[-74.0617103, 4.6662229], [-74.0617522, 4.6662494], [-74.0626866, 4.6668414]]"
89901815,354856338,968370515,102.6476380476229,0.12317716565714748,0.0,30.0,baja,True,0,residencial,Calle 77,2.0,True,False,[],"[[-74.061984, 4.6657948], [-74.0626593, 4.6662352], [-74.0627599, 4.6662989]]"
734633050#1,354856340,1048734067,56.60757311861053,0.06792908774233264,0.0,30.0,baja,True,0,terciaria,Carrera 20C,1.0,True,False,[],"[[-74.0630397, 4.6641455], [-74.0630053, 4.6641991], [-74.0627647, 4.6645745]]"
734633050#2,354856341,312649281,35.992338896397534,0.04319080667567703,0.0,30.0,baja,True,0,terciaria,Carrera 20C,1.0,True,False,[],
83229974,354856368,968370554,101.6113325380059,0.12193359904560708,0.0,30.0,baja,True,0,residencial,Calle 76 Bis,,False,False,[],"[[-74.0622409, 4.6653929], [-74.062277, 4.6654151], [-74.062652, 4.665646], [-74.0629492, 4.6658374], [-74.0630162, 4.6658806]]"
856965796,354856368,354856338,52.98822880129924,0.06358587456155909,0.0,30.0,baja,True,0,residencial,Carrera 20C,2.0,True,False,[],"[[-74.0622409, 4.6653929], [-74.0620227, 4.6657342], [-74.061984, 4.6657948]]"
672573097,361323635,928172488,43.126190694978426,0.05175142883397411,0.0,30.0,baja,True,0,residencial,Calle 83A,,False,False,[],
672573098#1,361323635,314146079,108.18975193419983,0.1298277023210398,0.0,30.0,baja,True,0,residencial,Carrera 21,2.0,False,False,[],
"[797122385, 672573098]#1",361323635,314146150,146.93424604821266,0.17632109525785516,0.0,30.0,baja,True,0,residencial,Calle 84A,2.0,False,False,[],"[[-74.0606558, 4.671669], [-74.0605931, 4.672111], [-74.0614566, 4.672269]]"
375276916#1,373293506,3582216695,12.73878201697358,0.015286538420368296,0.0,30.0,baja,True,0,residencial,Calle 75,2.0,True,False,[],
"[352419384, 813212220]",373293506,3582216695,137.38768922855002,0.16486522707426005,0.0,30.0,baja,True,0,residencial,Calle 75,2.0,True,False,[],
"[1182593945, 89619146]",373376108,12093836766,123.15186652282665,0.147782239827392,0.0,30.0,baja,True,0,terciaria,Calle 69,2.0,True,False,[],"[[-74.0634086, 4.6562179], [-74.0627699, 4.6558215], [-74.0627505, 4.6558095], [-74.0627039, 4.6557794], [-74.0625149, 4.6555965], [-74.062503, 4.6555844]]"
1360693497,373376108,678455692,123.77624111118813,0.14853148933342575,0.0,30.0,baja,True,0,residencial,Carrera 14A,2.0,True,False,[],"[[-74.0634086, 4.6562179], [-74.063416, 4.6561507], [-74.063421, 4.6560951], [-74.0634269, 4.6560347], [-74.0634362, 4.6559838], [-74.0635007, 4.6556502], [-74.0635906, 4.6551868], [-74.063604, 4.6551226]]"
28290596,373376115,12288332444,61.53281333144472,0.07383937599773366,0.0,30.0,baja,True,0,residencial,Calle 70,2.0,False,False,[],
1360693497#1,373376115,7596046161,18.026315799018004,0.021631578958821607,0.0,30.0,baja,True,0,residencial,Carrera 14A,2.0,True,False,[],
89878259#1,373376121,4147203407,127.69374822465502,0.153232497869586,0.0,30.0,baja,True,0,residencial,Carrera 14A,2.0,True,False,[],
1328179642,373376121,12288332441,63.679527186836964,0.07641543262420436,0.0,30.0,baja,True,0,residencial,Calle 71,2.0,False,False,[],
1485396020,373376129,13617994819,70.41683408086402,0.08450020089703683,0.0,20.0,baja,True,0,otro,,1.0,False,False,[],
89890095,373376129,312656270,82.0217159948551,0.09842605919382612,0.0,30.0,baja,True,0,residencial,Carrera 14A,2.0,True,False,[],"[[-74.0625827, 4.6598223], [-74.0625887, 4.6597879], [-74.0627091, 4.6590955]]"
1115988564#3,373376217,312656380,54.15709366315784,0.06498851239578941,0.0,30.0,baja,True,0,secundaria,Avenida Carrera 17,2.0,True,False,[],
33085811,373376217,373376219,103.59156740487285,0.12430988088584743,0.0,30.0,baja,True,0,residencial,Calle 70B,2.0,False,False,[],"[[-74.0642854, 4.6586102], [-74.0643176, 4.6586298], [-74.0650319, 4.6590634], [-74.0650837, 4.6590948]]"
33085811#1,373376219,373376223,98.98754561771011,0.11878505474125214,0.0,30.0,baja,True,0,residencial,Calle 70B,2.0,False,False,[],"[[-74.0650837, 4.6590948], [-74.0651202, 4.6591182], [-74.0657951, 4.6595502], [-74.0658352, 4.6595759]]"
33085811#2,373376219,373376217,103.59156740487285,0.12430988088584743,0.0,30.0,baja,True,0,residencial,Calle 70B,2.0,False,False,[],"[[-74.0650837, 4.6590948], [-74.0650319, 4.6590634], [-74.0643176, 4.6586298], [-74.0642854, 4.6586102]]"
352406353#2,373376219,312655858,57.30341540109825,0.0687640984813179,0.0,30.0,baja,True,0,terciaria,Carrera 19,2.0,True,False,[],"[[-74.0650837, 4.6590948], [-74.0653458, 4.658696], [-74.065367, 4.6586637]]"
33085811#3,373376223,373376219,98.98754561771011,0.11878505474125214,0.0,30.0,baja,True,0,residencial,Calle 70B,2.0,False,False,[],"[[-74.0658352, 4.6595759], [-74.0657951, 4.6595502], [-74.0651202, 4.6591182], [-74.0650837, 4.6590948]]"
89890128#5,373376223,312656382,54.66917100296051,0.06560300520355261,0.0,30.0,baja,True,0,terciaria,Carrera 20,2.0,True,False,[],"[[-74.0658352, 4.6595759], [-74.0655923, 4.6599412], [-74.0655644, 4.6599868]]"
1373063333,373376286,13281947800,49.94802410781141,0.059937628929373696,0.0,30.0,baja,True,0,residencial,Calle 71A,3.0,True,False,[],"[[-74.0632565, 4.6594208], [-74.0635475, 4.6596228], [-74.0635772, 4.6596434], [-74.0636262, 4.6596777]]"
1115988564#4,373376440,283255680,61.4394945976592,0.07372739351719104,0.0,30.0,baja,True,0,secundaria,Avenida Carrera 17,2.0,True,False,[],
524784514,373376440,373376644,106.4500508247547,0.12774006098970564,0.0,30.0,baja,True,0,residencial,Calle 70,2.0,False,False,[],"[[-74.0648518, 4.6576929], [-74.0648834, 4.6577137], [-74.0656058, 4.6581951], [-74.0656504, 4.6582248]]"
33085895,373376512,373376541,110.70665661799318,0.1328479879415918,0.0,30.0,baja,True,0,residencial,Carrera 16,2.0,False,False,[],
89878192#7,373376512,283255680,46.21154909347366,0.05545385891216839,0.0,30.0,baja,True,0,residencial,Calle 70A,2.0,True,False,[],"[[-74.0642068, 4.6579447], [-74.0645225, 4.6581395], [-74.0645613, 4.6581635]]"
33085895#1,373376541,373376512,110.70665661799318,0.1328479879415918,0.0,30.0,baja,True,0,residencial,Carrera 16,2.0,False,False,[],
89890511#7,373376541,310000257,37.346529393618134,0.04481583527234176,0.0,30.0,baja,True,0,residencial,Calle 71,2.0,True,False,[],
89890128#6,373376601,312655857,57.03624939557673,0.0684434992746921,0.0,30.0,baja,True,0,terciaria,Carrera 20,2.0,True,False,[],
524784514#1,373376601,373376644,100.11545287366957,0.12013854344840348,0.0,30.0,baja,True,0,residencial,Calle 70,2.0,False,False,[],"[[-74.0664146, 4.6587049], [-74.066384, 4.6586857], [-74.0656791, 4.6582429], [-74.0656504, 4.6582248]]"
352406353#3,373376644,13282116204,58.96338209719251,0.07075605851663101,0.0,30.0,baja,True,0,terciaria,Carrera 19,2.0,True,False,[],"[[-74.0656504, 4.6582248], [-74.0658758, 4.6578627], [-74.0658998, 4.6578241], [-74.0659256, 4.6577713]]"
524784514#2,373376644,373376601,100.11545287366957,0.12013854344840348,0.0,30.0,baja,True,0,residencial,Calle 70,2.0,False,False,[],"[[-74.0656504, 4.6582248], [-74.0656791, 4.6582429], [-74.066384, 4.6586857], [-74.0664146, 4.6587049]]"
524784514#3,373376644,373376440,106.4500508247547,0.12774006098970564,0.0,30.0,baja,True,0,residencial,Calle 70,2.0,False,False,[],"[[-74.0656504, 4.6582248], [-74.0656058, 4.6581951], [-74.0648834, 4.6577137], [-74.0648518, 4.6576929]]"
33086044,373377101,373377103,71.06316006082285,0.08527579207298742,0.0,30.0,baja,True,0,residencial,Calle 70,2.0,False,False,[],
33086044#1,373377103,373377101,71.06316006082285,0.08527579207298742,0.0,30.0,baja,True,0,residencial,Calle 70,2.0,False,False,[],
89875176#2,373377103,310000249,52.51975784197774,0.0630237094103733,0.0,30.0,baja,True,0,residencial,Carrera 15,2.0,True,False,[],"[[-74.0637977, 4.6571037], [-74.0636288, 4.6573741], [-74.0635949, 4.6574556], [-74.0635797, 4.6575194]]"
33086074,373377289,373377291,118.9791274061955,0.14277495288743458,0.0,30.0,baja,True,0,residencial,Carrera 16,2.0,False,False,[],"[[-74.0651735, 4.6560531], [-74.0651327, 4.6561258], [-74.0646611, 4.65692], [-74.0646286, 4.656975]]"
89878155,373377289,13790717177,66.49904877762899,0.07979885853315477,0.0,50.0,baja,True,0,secundaria,Avenida Calle 68,3.0,True,False,[],"[[-74.0651735, 4.6560531], [-74.0655902, 4.656299], [-74.0656217, 4.6563176], [-74.0656898, 4.6563578]]"
33086074#1,373377291,373377289,118.9791274061955,0.14277495288743458,0.0,30.0,baja,True,0,residencial,Carrera 16,2.0,False,False,[],"[[-74.0646286, 4.656975], [-74.0646611, 4.65692], [-74.0651327, 4.6561258], [-74.0651735, 4.6560531]]"
1182593945#2,373377291,312655765,70.5941548330025,0.084712985799603,0.0,30.0,baja,True,0,terciaria,Calle 69,2.0,True,False,[],"[[-74.0646286, 4.656975], [-74.06414, 4.6566718], [-74.0640879, 4.6566394]]"
33086115,373377512,373377513,102.50522765634352,0.12300627318761222,0.0,30.0,baja,True,0,residencial,Calle 68A,2.0,False,False,[],"[[-74.0662087, 4.657346], [-74.0662376, 4.6573647], [-74.0669548, 4.6578283], [-74.0669847, 4.6578476]]"
352406353#4,373377512,13282116206,60.63457304639417,0.072761487655673,0.0,30.0,baja,True,0,terciaria,Carrera 19,2.0,True,False,[],"[[-74.0662087, 4.657346], [-74.0664584, 4.6569766], [-74.0664822, 4.6569413], [-74.0665143, 4.6568937]]"
33086115#1,373377513,373377512,102.50522765634352,0.12300627318761222,0.0,30.0,baja,True,0,residencial,Calle 68A,2.0,False,False,[],"[[-74.0669847, 4.6578476], [-74.0669548, 4.6578283], [-74.0662376, 4.6573647], [-74.0662087, 4.657346]]"
89890128#7,373377513,13282116202,55.97342387958418,0.06716810865550102,0.0,30.0,baja,True,0,terciaria,Carrera 20,2.0,True,False,[],"[[-74.0669847, 4.6578476], [-74.0667592, 4.6581867], [-74.0667374, 4.6582195], [-74.0667057, 4.6582672]]"
89878118#1,373377848,312656480,80.63339170504082,0.09676007004604897,0.0,30.0,baja,True,0,residencial,Calle 67,2.0,False,False,[],"[[-74.0700182, 4.6583429], [-74.069988, 4.6583218], [-74.0694222, 4.657927]]"
1157073978,373377848,13790717162,88.63759538223844,0.10636511445868614,0.0,50.0,baja,True,0,secundaria,Avenida Carrera 24,2.0,True,False,[],"[[-74.0700182, 4.6583429], [-74.0698176, 4.6586497], [-74.0696594, 4.6588937], [-74.0696301, 4.6589388], [-74.0695815, 4.6590107]]"
28290563#2,373377963,310666712,96.95146205268239,0.11634175446321887,0.0,30.0,baja,True,0,residencial,Calle 66A,2.0,False,False,[],"[[-74.0664473, 4.6551424], [-74.0664063, 4.655119], [-74.0657745, 4.6547575], [-74.0656873, 4.6547107]]"
28290563#3,373377963,310666802,110.62649086121327,0.13275178903345594,0.0,30.0,baja,True,0,residencial,Calle 66A,2.0,False,False,[],"[[-74.0664473, 4.6551424], [-74.0664844, 4.6551665], [-74.0672835, 4.6556857]]"
1430023711,373377963,283255690,79.37323948460667,0.095247887381528,0.0,30.0,baja,True,0,secundaria,Avenida Carrera 17,2.0,True,False,[],"[[-74.0664473, 4.6551424], [-74.0660945, 4.6557174], [-74.0660737, 4.6557514]]"
856981373,375476085,7990039788,5.76730985920892,0.006920771831050704,0.0,30.0,baja,True,0,residencial,,,True,False,[],"[[-74.0508956, 4.6700693], [-74.0508883, 4.6700586], [-74.0508784, 4.6700502], [-74.0508666, 4.6700448], [-74.0508537, 4.6700427]]"
1062805886,375478380,312660207,68.48288364886994,0.08217946037864392,0.0,45.0,baja,True,0,terciaria,Carrera 20B,2.0,True,False,[],"[[-74.0633045, 4.6619373], [-74.0633309, 4.6618933], [-74.0635917, 4.6614574], [-74.0636211, 4.6614084]]"
1555122447,375478380,266023850,100.29328998660118,0.12035194798392142,0.0,30.0,baja,True,0,residencial,Calle 73,2.0,True,False,[],"[[-74.0633045, 4.6619373], [-74.0633464, 4.6619665], [-74.0639882, 4.6624146], [-74.0640461, 4.6624542]]"
915965767,375478832,373293506,52.66546807539473,0.06319856169047366,0.0,30.0,baja,True,0,residencial,Diagonal 74 Bis,2.0,True,False,[],"[[-74.0624175, 4.6633978], [-74.062011, 4.6634267], [-74.0619435, 4.6634315]]"
1059633461#1,375478832,12594549132,91.06021303728426,0.1092722556447411,0.0,45.0,baja,True,0,terciaria,Carrera 20B,2.0,True,False,[],"[[-74.0624175, 4.6633978], [-74.0624466, 4.6633497], [-74.0627954, 4.6627739], [-74.0628248, 4.6627253], [-74.0628421, 4.6626967]]"
89890368#1,375480121,312660208,67.53970399830453,0.08104764479796543,0.0,30.0,baja,True,0,residencial,Carrera 22,2.0,False,False,[],"[[-74.0657331, 4.6621473], [-74.0657104, 4.6621847], [-74.0653897, 4.662649]]"
"[200337859, 1386360179]",375480121,268153045,93.32866764560337,0.11199440117472406,0.0,30.0,baja,True,0,secundaria,Avenida Calle 72,2.0,True,False,[],"[[-74.0657331, 4.6621473], [-74.0660961, 4.6623992], [-74.0663511, 4.662575], [-74.0663807, 4.6625954], [-74.0664241, 4.662627]]"
856959939#2,377918731,265784089,47.26969560186486,0.056723634722237834,0.0,30.0,baja,True,0,terciaria,Carrera 9,2.0,True,False,[],
28159740,377918731,265687601,140.22796311764978,0.16827355574117975,0.0,30.0,baja,True,0,residencial,Calle 81A,2.0,True,False,[],"[[-74.0514117, 4.6642835], [-74.0513624, 4.6642546], [-74.0503862, 4.6636819], [-74.0503207, 4.6636448]]"
856995352#2,389158752,327915650,63.38336797137695,0.07606004156565234,0.0,50.0,baja,True,0,secundaria,Avenida Calle 85,3.0,True,False,[],
28348772#1,433136408,311342355,133.60616839369416,0.16032740207243298,0.0,30.0,baja,True,0,residencial,Calle 70A,,False,False,[],"[[-74.0537117, 4.6517522], [-74.0537973, 4.6518032], [-74.0547136, 4.652349], [-74.0547465, 4.6523686]]"
89628269#2,433136408,9424519356,103.02025316391236,0.12362430379669483,0.0,45.0,baja,True,0,terciaria,Carrera 4,2.0,True,False,[],"[[-74.0537117, 4.6517522], [-74.0535597, 4.6520021], [-74.0534909, 4.6521792], [-74.0534728, 4.6522671], [-74.0534585, 4.6523796], [-74.0534494, 4.6524727], [-74.0534377, 4.6526199]]"
37203484,433136426,3526449116,183.7241830066918,0.22046901960803017,0.0,30.0,baja,True,0,residencial,Calle 71,2.0,True,False,[],"[[-74.0541748, 4.653272], [-74.0542176, 4.6532955], [-74.0555716, 4.6540381], [-74.0556272, 4.6540685]]"
37203485,433136426,7989874580,47.763727150585176,0.05731647258070221,0.0,30.0,baja,True,0,residencial,Calle 71,1.0,False,False,[],"[[-74.0541748, 4.653272], [-74.0541393, 4.6532513], [-74.0541096, 4.6532341], [-74.0540473, 4.653202], [-74.053954, 4.6531649], [-74.0538824, 4.6531424], [-74.0537768, 4.6531123]]"
856959934#4,433136426,311361335,67.00157185948497,0.08040188623138196,0.0,30.0,baja,True,0,terciaria,Carrera 5,2.0,True,False,[],"[[-74.0541748, 4.653272], [-74.054205, 4.6532249], [-74.0544712, 4.6528097], [-74.0545004, 4.6527643]]"
856995353,434946794,265580300,42.971474288937536,0.051565769146725046,0.0,50.0,baja,True,0,secundaria,Avenida Calle 85,3.0,True,False,[],"[[-74.0590209, 4.6719642], [-74.0590946, 4.6720037], [-74.0591648, 4.672047], [-74.0592142, 4.6720794], [-74.0592613, 4.6721164], [-74.0593381, 4.6721839]]"
672573084#1,434947579,775387073,24.410849421986555,0.029293019306383866,0.0,30.0,baja,True,0,terciaria,Carrera 22,4.0,False,False,[],
672573084#2,434947579,775387251,53.1021743609931,0.06372260923319173,0.0,30.0,baja,True,0,terciaria,Carrera 22,4.0,False,False,[],
1016655550,434947579,9377155921,12.109005945668743,0.014530807134802492,0.0,30.0,baja,True,0,residencial,Calle 82,,False,False,[],
856959934#5,435197550,433136426,43.24420211698459,0.05189304254038151,0.0,30.0,baja,True,0,terciaria,Carrera 5,2.0,True,False,[],"[[-74.0539687, 4.6536022], [-74.054011, 4.6535366], [-74.0541402, 4.6533259], [-74.0541748, 4.653272]]"
856959934#6,435197551,435197550,16.177257823834797,0.019412709388601755,0.0,30.0,baja,True,0,terciaria,Carrera 5,2.0,True,False,[],
89901924,435197551,5686336993,172.53657076193173,0.2070438849143181,0.0,45.0,baja,True,0,terciaria,Avenida Calle 72,2.0,True,False,[],"[[-74.0538898, 4.6537246], [-74.0539214, 4.6537612], [-74.0539638, 4.6538103], [-74.0540569, 4.6539092], [-74.0541176, 4.6539725], [-74.054198, 4.6540463], [-74.0542651, 4.6541082], [-74.0543182, 4.6541561], [-74.0543773, 4.6542027], [-74.0544385, 4.6542496], [-74.0545336, 4.6543188], [-74.0546731, 4.654406], [-74.0548995, 4.6545501], [-74.0550071, 4.6546194], [-74.0550991, 4.6546888]]"
89623506#1,435197561,3938583880,102.39358327714996,0.12287229993257993,0.0,30.0,baja,True,0,residencial,Calle 70,2.0,True,False,[],"[[-74.0556717, 4.6522434], [-74.0564079, 4.6527113], [-74.0564492, 4.6527407]]"
37335745,435197562,435197561,56.176933842912874,0.06741232061149545,0.0,30.0,baja,True,0,residencial,Carrera 6,,True,False,[],
"[1010718781, 993445014]",435197562,264977631,80.71465404920976,0.09685758485905172,0.0,30.0,baja,True,0,residencial,Calle 69A,2.0,True,False,[],"[[-74.0559456, 4.6518183], [-74.0553667, 4.6514704], [-74.0553616, 4.651467], [-74.0553218, 4.6514437]]"
89626692,435197564,3938583883,183.27136642099126,0.21992563970518952,0.0,30.0,baja,True,0,residencial,Calle 69,2.0,True,False,[],"[[-74.0556296, 4.6509589], [-74.0556508, 4.6509752], [-74.056983, 4.6517818], [-74.0570412, 4.6518171]]"
"[28350709, 89623486]",439749230,5106063296,323.5947021918902,0.38831364263026824,0.0,30.0,baja,True,0,residencial,Calle 70A,2.0,False,False,[],"[[-74.0512744, 4.6509648], [-74.0515229, 4.6514977], [-74.051591, 4.6516057], [-74.0516443, 4.6516616], [-74.0516882, 4.6516838], [-74.0517436, 4.6516945], [-74.0517663, 4.6516996], [-74.0518026, 4.6516989], [-74.051853, 4.6516983], [-74.0521667, 4.6515032], [-74.0522043, 4.651471], [-74.052238, 4.651454], [-74.052265, 4.6514473], [-74.0522859, 4.6514482], [-74.052306, 4.6514498], [-74.0523345, 4.6514482], [-74.0523761, 4.6514575], [-74.0523939, 4.6514679], [-74.0524222, 4.651485], [-74.0524417, 4.6515087], [-74.0524594, 4.6515462], [-74.0524797, 4.6516064], [-74.0524896, 4.6517044], [-74.052352, 4.651971], [-74.0522878, 4.6520838], [-74.0522283, 4.6521417], [-74.052171, 4.6521783], [-74.0521097, 4.6521988], [-74.0520034, 4.652215], [-74.0519103, 4.6522559], [-74.0518855, 4.6522837], [-74.0518544, 4.6523388], [-74.0518268, 4.6523992]]"
"[344504962, 89623395]",439749230,3511346216,139.09131608695952,0.1669095793043514,0.0,30.0,baja,True,0,residencial,Carrera 1,2.0,False,False,[],"[[-74.0512744, 4.6509648], [-74.0510286, 4.6510635], [-74.0509167, 4.6511023], [-74.050804, 4.651137], [-74.0506203, 4.6511872], [-74.0505438, 4.6512019], [-74.0504875, 4.6511995], [-74.0504288, 4.6511875], [-74.0503936, 4.6511725], [-74.0503701, 4.651155], [-74.0503448, 4.6511277], [-74.0502074, 4.650903]]"
37637377,439749236,441217425,49.45695965473207,0.059348351585678485,0.0,30.0,baja,True,0,residencial,Calle 72,2.0,False,False,[],"[[-74.0501037, 4.651478], [-74.0497759, 4.6512167], [-74.0497587, 4.6511966]]"
89623467,439749236,3510790597,220.18792834957125,0.2642255140194855,0.0,30.0,baja,True,0,terciaria,Calle 72,2.0,True,False,[],"[[-74.0501037, 4.651478], [-74.0501399, 4.6514662], [-74.0501896, 4.6514598], [-74.0502782, 4.6514739], [-74.0503645, 4.6515025], [-74.05056, 4.6516435], [-74.0506034, 4.6516776], [-74.0506757, 4.6517176], [-74.0507627, 4.6517537], [-74.05088, 4.6517975], [-74.0509916, 4.6518123], [-74.0510692, 4.6518551], [-74.05112, 4.6518924], [-74.0511695, 4.6519338], [-74.0512203, 4.6519858], [-74.0512711, 4.6520338], [-74.0513369, 4.6521095], [-74.0514555, 4.6523354], [-74.0514933, 4.652388], [-74.0515629, 4.652442], [-74.0516139, 4.652471], [-74.0516842, 4.6525073]]"
37544885,439752067,439752068,169.77308321732193,0.20372769986078632,0.0,30.0,baja,True,0,residencial,Carrera 8,2.0,False,False,[],"[[-74.0536331, 4.6592697], [-74.0536639, 4.6592224], [-74.0545062, 4.6580152]]"
1199632375#1,439752067,267899323,101.72711274447717,0.1220725352933726,0.0,30.0,baja,True,0,secundaria,Calle 76,2.0,True,False,[],"[[-74.0536331, 4.6592697], [-74.0540833, 4.6595694], [-74.0543638, 4.6597573], [-74.054396, 4.6597784]]"
37544885#1,439752068,439752067,169.77308321732193,0.20372769986078632,0.0,30.0,baja,True,0,residencial,Carrera 8,2.0,False,False,[],"[[-74.0545062, 4.6580152], [-74.0536639, 4.6592224], [-74.0536331, 4.6592697]]"
74654037,439752068,264718418,90.44301751110595,0.10853162101332714,0.0,30.0,baja,True,0,residencial,Calle 75,2.0,True,False,[],"[[-74.0545062, 4.6580152], [-74.053891, 4.6576204], [-74.0538203, 4.6575745]]"
37637374,441217422,3196497180,151.19784011885784,0.1814374081426294,0.0,30.0,baja,True,0,residencial,Diagonal 74,2.0,False,False,[],"[[-74.0527626, 4.6570504], [-74.0527758, 4.6570468], [-74.0530213, 4.6569404], [-74.0531589, 4.6568891], [-74.0532872, 4.6568665], [-74.0534194, 4.6568534], [-74.0536308, 4.6568632], [-74.0537761, 4.6568949], [-74.0539011, 4.6569536], [-74.0539684, 4.6569946], [-74.0540414, 4.6570558]]"
344333621,441217422,441217423,24.161101892008634,0.02899332227041036,0.0,30.0,baja,True,0,residencial,Diagonal 74,1.0,True,False,[],"[[-74.0527626, 4.6570504], [-74.0526865, 4.6570361], [-74.0526579, 4.6570224], [-74.0526243, 4.656995], [-74.0525898, 4.6569396]]"
856959934#7,441217423,450845645,59.118897126606825,0.0709426765519282,0.0,30.0,baja,True,0,terciaria,Carrera 5,2.0,True,False,[],"[[-74.0525898, 4.6569396], [-74.0526516, 4.6567962], [-74.052823, 4.6564617]]"
37637381,441217424,441217463,58.82389474331108,0.0705886736919733,0.0,30.0,baja,True,0,residencial,Calle 74A,,False,False,[],
89619162#1,441217424,264553638,63.97681184530002,0.07677217421436003,0.0,30.0,baja,True,0,residencial,Carrera 3,2.0,True,False,[],
37637377#1,441217425,439749236,49.45695965473207,0.059348351585678485,0.0,30.0,baja,True,0,residencial,Calle 72,2.0,False,False,[],"[[-74.0497587, 4.6511966], [-74.0497759, 4.6512167], [-74.0501037, 4.651478]]"
"[1030194573, 37637375]",441217432,439749236,109.65433638757658,0.13158520366509188,0.0,30.0,baja,True,0,terciaria,Carrera 1A Este,2.0,True,False,[],"[[-74.0501757, 4.6523966], [-74.0501892, 4.6523588], [-74.0501982, 4.6523215], [-74.0502113, 4.6522605], [-74.0502204, 4.6521648], [-74.0502288, 4.6520673], [-74.0502326, 4.6520238], [-74.0502285, 4.6519605], [-74.0502082, 4.6519081], [-74.0501648, 4.6518234], [-74.0500679, 4.6516638], [-74.0500463, 4.6516086], [-74.050049, 4.6515695], [-74.0500625, 4.6515304], [-74.0501037, 4.651478]]"
37637380#1,441217462,264553464,57.66139797533969,0.06919367757040763,0.0,30.0,baja,True,0,residencial,Carrera 3,,False,False,[],"[[-74.0519071, 4.6547904], [-74.0518521, 4.6549034], [-74.0516801, 4.655257]]"
37637381#1,441217463,441217424,58.82389474331108,0.0705886736919733,0.0,30.0,baja,True,0,residencial,Calle 74A,,False,False,[],
37637386,441217466,441217423,44.360020251106825,0.05323202430132819,0.0,30.0,baja,True,0,residencial,Calle 75,,True,False,[],
1042453916,441217466,264553634,19.81741215658061,0.02378089458789673,0.0,30.0,baja,True,0,residencial,Calle 75,2.0,True,False,[],"[[-74.0522814, 4.6571939], [-74.0523906, 4.6572752], [-74.0524247, 4.6573005]]"
24381678#1,441217487,264553640,70.341236263545,0.08440948351625399,0.0,30.0,baja,True,0,residencial,Carrera 3,2.0,False,False,[],
344856043,441217487,3510543813,146.12907807270088,0.17535489368724105,0.0,45.0,baja,True,0,terciaria,Diagonal 76,2.0,True,False,[],
78285534#1,449727343,266892197,37.49968742064701,0.04499962490477641,0.0,30.0,baja,True,0,residencial,Carrera 8,2.0,False,False,[],"[[-74.0588582, 4.6519627], [-74.0587125, 4.6521786], [-74.058668, 4.6522416]]"
28351010,450845438,3197029612,64.96936385781927,0.07796323662938312,0.0,30.0,baja,True,0,residencial,Calle 80A,2.0,False,False,[],"[[-74.0491059, 4.6616374], [-74.0495165, 4.6620032], [-74.0495358, 4.6620329]]"
89617889,450845438,2822810532,91.58988250462778,0.10990785900555333,0.0,30.0,baja,True,0,residencial,Carrera 6,2.0,False,False,[],"[[-74.0491059, 4.6616374], [-74.0495022, 4.6611712], [-74.0496424, 4.6610109]]"
525683228,450845513,311370575,34.148917837037956,0.040978701404445546,0.0,40.0,baja,True,0,otro,,1.0,True,False,[],"[[-74.0513853, 4.6577541], [-74.0512754, 4.6576966], [-74.0512381, 4.6576744], [-74.0511896, 4.6576605], [-74.0511522, 4.6576562], [-74.0510998, 4.6576584]]"
1123709326,450845513,311370574,21.69137152727434,0.026029645832729213,0.0,30.0,baja,True,0,residencial,Diagonal 75,2.0,True,False,[],"[[-74.0513853, 4.6577541], [-74.0513228, 4.6576862], [-74.0512757, 4.6575946]]"
"[856959933, 856959934]",450845528,5592759375,99.38575187114115,0.1192629022453694,0.0,30.0,baja,True,0,terciaria,Carrera 6,2.0,True,False,[],"[[-74.051779, 4.6592751], [-74.0516054, 4.6593717], [-74.0514758, 4.6594348], [-74.0513236, 4.6594921], [-74.0512826, 4.6595068], [-74.051234, 4.6595071], [-74.0511913, 4.6594986], [-74.0511501, 4.6594786], [-74.0511114, 4.6594515], [-74.0510815, 4.6594162], [-74.0510676, 4.6593708], [-74.0510574, 4.6593036]]"
24827183,450845535,3510543814,11.58828618080716,0.01390594341696859,0.0,30.0,baja,True,0,terciaria,Calle 78,2.0,True,False,[],"[[-74.0495802, 4.6578383], [-74.0496157, 4.6578311], [-74.0496411, 4.6578285], [-74.0496839, 4.6578285]]"
1291833696,450845537,450845539,33.795187600172355,0.04055422512020682,0.0,30.0,baja,True,0,residencial,Carrera 2,2.0,False,False,[],
1010359870,450845537,450845535,14.70391594508748,0.017644699134104977,0.0,30.0,baja,True,0,residencial,Carrera 2,1.0,True,False,[],"[[-74.0496177, 4.6577199], [-74.0495961, 4.6577419], [-74.0495813, 4.6577688], [-74.0495742, 4.6577987], [-74.0495802, 4.6578383]]"
1291833696#1,450845539,450845537,33.795187600172355,0.04055422512020682,0.0,30.0,baja,True,0,residencial,Carrera 2,2.0,False,False,[],
856959934#8,450845645,264552907,61.9794493753287,0.07437533925039444,0.0,30.0,baja,True,0,terciaria,Carrera 5,2.0,True,False,[],"[[-74.052823, 4.6564617], [-74.0530445, 4.656009], [-74.05306, 4.6559763], [-74.0530677, 4.6559605]]"
89617698#3,450845652,264553636,85.06260326965008,0.1020751239235801,0.0,45.0,baja,True,0,terciaria,Carrera 4,2.0,True,False,[],"[[-74.051981, 4.6561806], [-74.051718, 4.6567785], [-74.0517073, 4.6568032], [-74.0516728, 4.6568812]]"
249087764,450845652,450845645,98.4136593589948,0.11809639123079377,0.0,30.0,baja,True,0,residencial,Calle 74A,,True,False,[],"[[-74.051981, 4.6561806], [-74.0520207, 4.6561931], [-74.0527696, 4.6564439], [-74.052823, 4.6564617]]"
914672125,452556899,13805375135,145.89223643173656,0.17507068371808387,0.0,50.0,baja,True,0,secundaria,Avenida Carrera 11,1.0,True,False,[],"[[-74.0499872, 4.6698462], [-74.0506885, 4.6688291], [-74.0507137, 4.6687926], [-74.0507328, 4.6687649]]"
914672125#1,452556902,452556899,10.210419741026747,0.012252503689232096,0.0,50.0,baja,True,0,secundaria,Avenida Carrera 11,1.0,True,False,[],
37637390#1,452556935,264553638,38.25767499583034,0.045909209994996404,0.0,30.0,baja,True,0,residencial,Calle 75,2.0,False,False,[],
1123709327#2,452556935,3511348996,121.66312793295083,0.145995753519541,0.0,30.0,baja,True,0,residencial,Diagonal 75,2.0,True,False,[],"[[-74.0508264, 4.6563848], [-74.0505032, 4.6554568], [-74.0504726, 4.6554092], [-74.0504264, 4.6553786]]"
"[38827529, 38827530, 89623403, 1019629302]",460921936,3510543811,265.8521203413563,0.3190225444096276,0.0,30.0,baja,True,0,residencial,Calle 72A,2.0,False,False,[],"[[-74.0505316, 4.6529037], [-74.0504854, 4.6529331], [-74.0504308, 4.6529679], [-74.0503579, 4.6530066], [-74.0502742, 4.6530245], [-74.050175, 4.6529817], [-74.0499645, 4.6528533], [-74.0498532, 4.6527965], [-74.0497573, 4.6527832], [-74.0496419, 4.6527979], [-74.0495635, 4.6528547], [-74.0495051, 4.6529476], [-74.0494676, 4.6530178], [-74.0494582, 4.653078], [-74.0494483, 4.6531624], [-74.0494789, 4.6532873], [-74.0495772, 4.653433], [-74.0496938, 4.653506], [-74.0498697, 4.6535817], [-74.0501566, 4.6536645], [-74.0502081, 4.6536608]]"
"[89623560, 681906795]",460921936,3510542720,283.46682928048136,0.3401601951365776,0.0,60.0,baja,True,0,primaria,Diagonal 72,2.0,True,False,[],"[[-74.0505316, 4.6529037], [-74.0508295, 4.653221], [-74.0508564, 4.6532563], [-74.0508935, 4.6533142], [-74.0509218, 4.6533818], [-74.0509377, 4.6534464], [-74.050943, 4.6535246], [-74.0509313, 4.6535945], [-74.0509048, 4.6536601], [-74.0508687, 4.6537119], [-74.0508305, 4.6537574], [-74.0507689, 4.6538018], [-74.0507031, 4.6538325], [-74.0506464, 4.6538546], [-74.050277, 4.6539512], [-74.0501875, 4.6539826], [-74.0501013, 4.6540312], [-74.0500424, 4.6540713], [-74.0499721, 4.6541329], [-74.0499103, 4.6542001], [-74.0498543, 4.6542745], [-74.0497997, 4.6543576], [-74.0497165, 4.6545059], [-74.0496587, 4.65461]]"
916471067,465823484,308238350,68.58031145946393,0.08229637375135672,0.0,50.0,baja,True,0,primaria,Avenida Carrera 7,2.0,True,False,[],"[[-74.0504048, 4.6612657], [-74.0504739, 4.6611996], [-74.0505176, 4.6611579], [-74.0506345, 4.661046], [-74.0508517, 4.6608391]]"
39045683,465823587,465823593,49.97838275454921,0.05997405930545904,0.0,30.0,baja,True,0,residencial,Carrera 7A,,True,False,[],
89617844,465823587,308238253,100.87057123433615,0.12104468548120338,0.0,30.0,baja,True,0,residencial,Calle 79A,1.0,True,False,[],"[[-74.051899, 4.6619269], [-74.0525465, 4.6624723], [-74.0525942, 4.6625124]]"
28071873#1,465823593,465823598,18.1212118805289,0.021745454256634683,0.0,30.0,baja,True,0,residencial,Calle 79,1.0,True,False,[],
39045684,465823598,465823604,49.92564911880085,0.05991077894256101,0.0,30.0,baja,True,0,residencial,Carrera 7A,,True,False,[],
28071873#2,465823598,465823640,101.27770797166195,0.12153324956599433,0.0,30.0,baja,True,0,residencial,Calle 79,1.0,True,False,[],"[[-74.0520676, 4.6614813], [-74.0518119, 4.6612678], [-74.0516929, 4.6611661], [-74.0515648, 4.6610502], [-74.0514862, 4.6610222], [-74.051452, 4.6610139], [-74.0514178, 4.661019], [-74.0513705, 4.6610407], [-74.0513348, 4.6610683]]"
89617844#1,465823604,465823587,19.00549094377064,0.022806589132524764,0.0,30.0,baja,True,0,residencial,Calle 79A,1.0,True,False,[],
39045685,465823640,465823668,15.640997726139307,0.01876919727136717,0.0,30.0,baja,True,0,residencial,Calle 79A,2.0,True,False,[],
89617737,465823640,308238542,56.35081722204005,0.06762098066644806,0.0,30.0,baja,True,0,residencial,Calle 79,2.0,True,False,[],"[[-74.0513348, 4.6610683], [-74.0512949, 4.6610541], [-74.0512717, 4.6610398], [-74.051205, 4.6609889], [-74.051027, 4.6608289], [-74.0510012, 4.6607957], [-74.0509613, 4.6607348]]"
89617844#2,465823668,465823604,96.80510398221992,0.1161661247786639,0.0,30.0,baja,True,0,residencial,Calle 79A,1.0,True,False,[],"[[-74.0512476, 4.6611789], [-74.0512378, 4.6612223], [-74.0512368, 4.6612657], [-74.0512514, 4.6613433], [-74.0512719, 4.6613825], [-74.0512989, 4.6614216], [-74.051768, 4.6618166]]"
"[637634192, 956957609, 937020210]",465823710,13805375142,117.86468016071663,0.14143761619285994,0.0,30.0,baja,True,0,secundaria,Avenida Carrera 11,1.0,True,False,[],"[[-74.0507863, 4.6686933], [-74.0508507, 4.6686078], [-74.0509326, 4.6684932], [-74.0513755, 4.6678732], [-74.0513908, 4.6678518], [-74.0514053, 4.6678314]]"
1042698244,465823710,311374484,136.4399815058308,0.16372797780699694,0.0,30.0,baja,True,0,terciaria,Calle 86,2.0,True,False,[],"[[-74.0507863, 4.6686933], [-74.0507619, 4.66868], [-74.0503675, 4.6684657], [-74.0497058, 4.6681052]]"
89890164#2,489190711,312656926,61.180264689297566,0.07341631762715708,0.0,30.0,baja,True,0,residencial,Calle 71,2.0,False,False,[],
89890164#3,489190711,1041859300,62.61358657030163,0.07513630388436195,0.0,30.0,baja,True,0,residencial,Calle 71,2.0,False,False,[],
343732312,489190793,5106387334,12.952517540565143,0.01554302104867817,0.0,50.0,baja,True,0,secundaria,Avenida Calle 68,3.0,True,False,[],
89874799,489190793,489190852,110.96543353699445,0.13315852024439334,0.0,30.0,baja,True,0,residencial,Carrera 25,1.0,True,False,[],"[[-74.0700545, 4.6593528], [-74.0700863, 4.6593043], [-74.0706057, 4.6585197]]"
89874989#2,498602113,498602117,101.44502403436161,0.12173402884123391,0.0,30.0,baja,True,0,residencial,Calle 65,2.0,False,False,[],"[[-74.066988, 4.6535761], [-74.066953, 4.6535596], [-74.0661738, 4.6531593]]"
89874989#3,498602113,310666531,155.5329068658209,0.1866394882389851,0.0,30.0,baja,True,0,residencial,Calle 65,2.0,False,False,[],"[[-74.066988, 4.6535761], [-74.0670233, 4.6535957], [-74.0679309, 4.6540624], [-74.0682168, 4.6542489]]"
1408392708#1,498602113,1942092499,44.75465715478647,0.053705588585743765,0.0,30.0,baja,True,0,secundaria,Avenida Carrera 17,3.0,True,False,[],"[[-74.066988, 4.6535761], [-74.0669575, 4.6537462], [-74.0669169, 4.6539723]]"
1373065427,498602117,1942092503,62.98374902379257,0.07558049882855108,0.0,30.0,baja,True,0,residencial,Carrera 16,2.0,True,False,[],
89874989#4,498602117,498602113,101.44502403436161,0.12173402884123391,0.0,30.0,baja,True,0,residencial,Calle 65,2.0,False,False,[],"[[-74.0661738, 4.6531593], [-74.066953, 4.6535596], [-74.066988, 4.6535761]]"
89875139#1,498602117,498602475,58.43070659865035,0.07011684791838042,0.0,30.0,baja,True,0,residencial,Calle 65,2.0,False,False,[],"[[-74.0661738, 4.6531593], [-74.0658134, 4.6530976], [-74.0656542, 4.6530703]]"
40936953,498602475,498602498,88.2169820856495,0.1058603785027794,0.0,30.0,baja,True,0,residencial,Carrera 15A,2.0,False,False,[],"[[-74.0656542, 4.6530703], [-74.065778, 4.6523351], [-74.0657881, 4.6522883]]"
89875139#2,498602475,312655769,59.19393411548066,0.07103272093857678,0.0,30.0,baja,True,0,residencial,Calle 65,2.0,False,False,[],"[[-74.0656542, 4.6530703], [-74.065434, 4.6530222], [-74.0651308, 4.6529645]]"
89875139#3,498602475,498602117,58.43070659865035,0.07011684791838042,0.0,30.0,baja,True,0,residencial,Calle 65,2.0,False,False,[],"[[-74.0656542, 4.6530703], [-74.0658134, 4.6530976], [-74.0661738, 4.6531593]]"
40936953#1,498602498,498602475,88.2169820856495,0.1058603785027794,0.0,30.0,baja,True,0,residencial,Carrera 15A,2.0,False,False,[],"[[-74.0657881, 4.6522883], [-74.065778, 4.6523351], [-74.0656542, 4.6530703]]"
909618852,498602498,283342319,62.986364597023986,0.07558363751642878,0.0,30.0,baja,True,0,terciaria,Calle 64,1.0,True,False,[],"[[-74.0657881, 4.6522883], [-74.0658697, 4.6523383], [-74.0661503, 4.6525103], [-74.066216, 4.6525508], [-74.0662721, 4.6525852]]"
89759410,498604658,498604661,114.93034308808356,0.13791641170570026,0.0,30.0,baja,True,0,residencial,Calle 63A,2.0,False,False,[],"[[-74.0655168, 4.6508544], [-74.065549, 4.65086], [-74.0665378, 4.6510353]]"
909618851#1,498604661,310666444,92.27522382315239,0.11073026858778286,0.0,30.0,baja,True,0,residencial,Carrera 16,2.0,True,False,[],
89759410#1,498604661,498604658,114.93034308808356,0.13791641170570026,0.0,30.0,baja,True,0,residencial,Calle 63A,2.0,False,False,[],"[[-74.0665378, 4.6510353], [-74.065549, 4.65086], [-74.0655168, 4.6508544]]"
1040959237,498604661,278365681,100.55750321933505,0.12066900386320206,0.0,30.0,baja,True,0,residencial,Calle 63A,2.0,True,False,[],"[[-74.0665378, 4.6510353], [-74.0673764, 4.6511839], [-74.0674312, 4.6511931]]"
1053475383,498604664,1041714548,86.8031326386854,0.10416375916642248,0.0,30.0,baja,True,0,terciaria,Carrera 20,2.0,True,False,[],
89875323,498604664,498604669,53.87203702258699,0.06464644442710438,0.0,30.0,baja,True,0,residencial,Calle 63A,2.0,False,False,[],"[[-74.0698423, 4.6516598], [-74.0698937, 4.6516697], [-74.0703195, 4.651752]]"
89875323#1,498604664,1041714652,60.50324714946078,0.07260389657935294,0.0,30.0,baja,True,0,residencial,Calle 63A,2.0,False,False,[],"[[-74.0698423, 4.6516598], [-74.0698123, 4.651654], [-74.0696793, 4.6516283], [-74.0693951, 4.6515748], [-74.0693584, 4.6515663], [-74.0693064, 4.6515562]]"
25973463#2,498604669,1041714677,86.13566012733865,0.10336279215280639,0.0,30.0,baja,True,0,residencial,Carrera 21,2.0,False,False,[],
89875323#2,498604669,498604664,53.87203702258699,0.06464644442710438,0.0,30.0,baja,True,0,residencial,Calle 63A,2.0,False,False,[],"[[-74.0703195, 4.651752], [-74.0698937, 4.6516697], [-74.0698423, 4.6516598]]"
89901834#2,500963205,354856271,54.97598461183808,0.0659711815342057,0.0,30.0,baja,True,0,residencial,Carrera 22,2.0,True,False,[],
1062826273,500963205,500963760,100.70455744149837,0.12084546892979804,0.0,30.0,baja,True,0,residencial,Calle 77,2.0,True,False,[],
89606513,500963208,5108556106,88.2958730961314,0.10595504771535769,0.0,70.0,baja,True,0,troncal,Avenida Calle 80,3.0,True,False,[],
23502415#5,500963758,500963759,70.82817610614025,0.08499381132736829,0.0,30.0,baja,True,0,residencial,Carrera 23,2.0,True,False,[],"[[-74.062904, 4.668204], [-74.0629306, 4.6681619], [-74.0632444, 4.6676649]]"
"[1551562093, 89901839]",500963758,500963208,108.93101902419474,0.1307172228290337,0.0,70.0,baja,True,0,troncal,Avenida Calle 80,3.0,True,False,[],"[[-74.062904, 4.668204], [-74.0626241, 4.6678569], [-74.0623632, 4.6675363], [-74.0622833, 4.6674445]]"
23502415#6,500963759,500963760,96.21179175489661,0.11545415010587594,0.0,30.0,baja,True,0,residencial,Carrera 23,2.0,True,False,[],
31715816#1,500963759,354856252,75.26545457861684,0.09031854549434022,0.0,30.0,baja,True,0,residencial,Calle 78,2.0,True,False,[],"[[-74.0632444, 4.6676649], [-74.0637861, 4.6679871], [-74.0638275, 4.6680119]]"
23502415#7,500963760,253762181,107.48336658619553,0.12898003990343462,0.0,30.0,baja,True,0,residencial,Carrera 23,2.0,True,False,[],"[[-74.0637068, 4.6669326], [-74.0642076, 4.6661767], [-74.0642198, 4.6661589], [-74.064242, 4.6661265]]"
1062826273#1,500963760,903701516,75.6016517624281,0.09072198211491372,0.0,30.0,baja,True,0,residencial,Calle 77,2.0,True,False,[],"[[-74.0637068, 4.6669326], [-74.0642632, 4.6672802], [-74.0642848, 4.6672937]]"
276269691,501588557,2811229875,56.039901790414035,0.06724788214849685,0.0,30.0,baja,True,0,residencial,Carrera 12,2.0,False,False,[],
"[525672944, 276269690]",501588557,501594850,114.07047370579426,0.13688456844695313,0.0,30.0,baja,True,0,residencial,Carrera 12,2.0,True,False,[],"[[-74.05218, 4.6697432], [-74.0522039, 4.6697391], [-74.0522248, 4.6697333], [-74.0522434, 4.669724], [-74.0522585, 4.6697107], [-74.052274, 4.6696878], [-74.0523579, 4.669518], [-74.0523645, 4.6694902], [-74.0523667, 4.6694632], [-74.052363, 4.6694369], [-74.0523535, 4.6694085], [-74.0523433, 4.6693851], [-74.0523257, 4.6693632], [-74.0520524, 4.6692007], [-74.0520335, 4.6691915], [-74.0520131, 4.6691845], [-74.0519899, 4.6691828], [-74.0519597, 4.669184], [-74.0519358, 4.6691909], [-74.0519102, 4.6692031], [-74.0518928, 4.6692176], [-74.0518759, 4.6692378], [-74.051854, 4.6692733]]"
525672943,501594850,2808920237,10.799693611131477,0.012959632333357774,0.0,30.0,baja,True,0,residencial,Carrera 12,2.0,True,False,[],
375278866,501594850,13805375137,119.84469396284788,0.14381363275541748,0.0,30.0,baja,True,0,residencial,Calle 86,2.0,True,False,[],"[[-74.051854, 4.6692733], [-74.0509871, 4.6688024], [-74.0509242, 4.6687682], [-74.0509045, 4.6687575]]"
89875311,678455692,13778340372,42.24739118122289,0.05069686941746746,0.0,30.0,baja,True,0,residencial,Calle 68,2.0,False,False,[],"[[-74.063604, 4.6551226], [-74.0635252, 4.6550758], [-74.0632766, 4.654928]]"
1172472809,678455692,13790717179,134.36104442810108,0.16123325331372132,0.0,50.0,baja,True,0,secundaria,Avenida Calle 68,3.0,True,False,[],"[[-74.063604, 4.6551226], [-74.0638919, 4.6552937], [-74.0640769, 4.6554036], [-74.0645348, 4.6556757], [-74.0645677, 4.6556953], [-74.0646453, 4.6557414]]"
1014910028,693951507,264718187,98.39051434936259,0.11806861721923512,0.0,45.0,baja,True,0,terciaria,Calle 74,2.0,True,False,[],"[[-74.0565553, 4.6581551], [-74.0562181, 4.6578717], [-74.0561422, 4.6578079], [-74.0559557, 4.6576512], [-74.055913, 4.6576153], [-74.0558766, 4.6575847]]"
1064124039,693951507,693951509,75.80367285181231,0.09096440742217476,0.0,30.0,baja,True,0,residencial,Carrera 10,2.0,True,False,[],"[[-74.0565553, 4.6581551], [-74.0565805, 4.6581168], [-74.0569085, 4.6576201], [-74.0569311, 4.6575855]]"
914963957,693951509,7989874568,139.90520442734694,0.16788624531281635,0.0,30.0,baja,True,0,residencial,Carrera 10,2.0,True,False,[],"[[-74.0569311, 4.6575855], [-74.056957, 4.6575462], [-74.0571386, 4.6572712], [-74.0575695, 4.6566187], [-74.0576009, 4.6565716], [-74.0576254, 4.6565347]]"
1072014501#1,693951509,13805375172,142.68799579242773,0.17122559495091327,0.0,45.0,baja,True,0,terciaria,Calle 73,3.0,True,False,[],"[[-74.0569311, 4.6575855], [-74.0569973, 4.6576308], [-74.0570695, 4.6576801], [-74.0574502, 4.6579438], [-74.0579153, 4.6582673], [-74.0579556, 4.6582954], [-74.0579882, 4.658318]]"
89580879,730533699,730533732,96.21796878608725,0.1154615625433047,0.0,50.0,baja,True,0,secundaria,Avenida Carrera 11,2.0,True,False,[],"[[-74.049789, 4.6703453], [-74.0499563, 4.6701072], [-74.0500445, 4.6699816], [-74.050287, 4.6696365]]"
89582588,730533699,7990039809,88.61046995470855,0.10633256394565026,0.0,30.0,baja,True,0,residencial,Calle 87,1.0,True,False,[],"[[-74.049789, 4.6703453], [-74.0498167, 4.6703599], [-74.0504624, 4.6707014], [-74.0504956, 4.6707182]]"
"[1391823836, 89580879]",730533732,13805375136,109.30216223405598,0.1311625946808672,0.0,50.0,baja,True,0,secundaria,Avenida Carrera 11,2.0,True,False,[],"[[-74.050287, 4.6696365], [-74.0508055, 4.6688985], [-74.0508343, 4.6688575], [-74.0508527, 4.6688313]]"
1281336949,761701288,263471068,57.44066891401583,0.068928802696819,0.0,30.0,baja,True,0,terciaria,Carrera 9,3.0,True,False,[],"[[-74.0594555, 4.6522075], [-74.0592406, 4.6526231], [-74.0592187, 4.652667]]"
89626679#1,761701366,268230382,73.53317246684252,0.08823980696021103,0.0,30.0,baja,True,0,residencial,Carrera 10,2.0,True,False,[],
60845903,761701366,761701288,106.30748023321127,0.12756897627985353,0.0,30.0,baja,True,0,residencial,Calle 67A,2.0,True,False,[],"[[-74.0602608, 4.6527268], [-74.0595068, 4.6522376], [-74.0594555, 4.6522075]]"
1051331378#1,761884448,761884449,21.77859605504793,0.026134315266057518,0.0,30.0,baja,True,0,terciaria,Carrera 9,3.0,True,False,[],
"[89623411, 24411979]",761884449,830760481,123.57033958317464,0.14828440749980956,0.0,30.0,baja,True,0,residencial,Calle 69A,2.0,True,False,[],"[[-74.0587677, 4.6533376], [-74.0588184, 4.6533739], [-74.0595908, 4.6539261], [-74.0596455, 4.6538403]]"
1051331378#2,761884449,265025229,67.99148715656871,0.08158978458788244,0.0,30.0,baja,True,0,terciaria,Carrera 9,3.0,True,False,[],"[[-74.0587677, 4.6533376], [-74.0584513, 4.653808], [-74.0584261, 4.6538455]]"
1125778446,775386685,9377158425,11.062741956726352,0.013275290348071622,0.0,30.0,baja,True,0,residencial,Calle 81,,False,False,[],
89901843,775386685,5719108257,115.88104594560875,0.1390572551347305,0.0,45.0,baja,True,0,terciaria,Carrera 22,2.0,True,False,[],"[[-74.0618902, 4.6688989], [-74.0619649, 4.6686264], [-74.0619936, 4.6684668], [-74.0620402, 4.6682078], [-74.0620811, 4.6679804], [-74.0620954, 4.6679125], [-74.0621074, 4.6678807]]"
672573084#3,775386685,775387073,82.13448484329011,0.09856138181194812,0.0,30.0,baja,True,0,terciaria,Carrera 22,4.0,False,False,[],"[[-74.0618902, 4.6688989], [-74.0618527, 4.669179], [-74.0617997, 4.669632]]"
672573084#4,775387073,434947579,24.410849421986555,0.029293019306383866,0.0,30.0,baja,True,0,terciaria,Carrera 22,4.0,False,False,[],
"[62149856, 86670500]",775387073,7989981699,225.72131900156893,0.2708655828018827,0.0,30.0,baja,True,0,residencial,Carrera 23,2.0,False,False,[],"[[-74.0617997, 4.669632], [-74.0625038, 4.6697335], [-74.0625226, 4.6697295], [-74.0625346, 4.6697211], [-74.06254, 4.6697031], [-74.0625498, 4.6695718], [-74.0626638, 4.66889], [-74.0627232, 4.6685349], [-74.0627373, 4.6684506]]"
672573084#5,775387073,775386685,82.13448484329011,0.09856138181194812,0.0,30.0,baja,True,0,terciaria,Carrera 22,4.0,False,False,[],"[[-74.0617997, 4.669632], [-74.0618527, 4.669179], [-74.0618902, 4.6688989]]"
1059633473#2,775387213,309298536,48.359465766180676,0.05803135891941682,0.0,30.0,baja,True,0,residencial,Calle 83,2.0,False,False,[],
"[62149864, 89901933]",775387213,775387251,109.22737431822483,0.1310728491818698,0.0,30.0,baja,True,0,residencial,Calle 82A,,False,False,[],"[[-74.0621263, 4.6709051], [-74.0621996, 4.6703946], [-74.0617365, 4.6703262]]"
1059633473#3,775387213,309298537,109.78028655755024,0.1317363438690603,0.0,30.0,baja,True,0,residencial,Calle 83,2.0,False,False,[],"[[-74.0621263, 4.6709051], [-74.0630458, 4.6710426], [-74.0631059, 4.6710516]]"
672573084#6,775387251,434947579,53.1021743609931,0.06372260923319173,0.0,30.0,baja,True,0,terciaria,Carrera 22,4.0,False,False,[],
672573084#7,775387251,309298536,57.3629777425081,0.06883557329100971,0.0,30.0,baja,True,0,terciaria,Carrera 22,4.0,False,False,[],
"[62149864, 89901933]#1",775387251,775387213,109.22737431822483,0.1310728491818698,0.0,30.0,baja,True,0,residencial,Carrera 22,,False,False,[],"[[-74.0617365, 4.6703262], [-74.0621996, 4.6703946], [-74.0621263, 4.6709051]]"
"[66315672, 28457660]",803824122,312645765,127.26240305279617,0.15271488366335542,0.0,30.0,baja,True,0,residencial,Calle 79A,2.0,True,False,[],"[[-74.0589565, 4.6668804], [-74.0590746, 4.6669457], [-74.0594698, 4.6671526], [-74.0591973, 4.667648]]"
679999222#2,803824122,312645326,192.51651581000124,0.2310198189720015,0.0,30.0,baja,True,0,residencial,Carrera 18,2.0,True,False,[],"[[-74.0589565, 4.6668804], [-74.0588908, 4.6669922], [-74.0586782, 4.6673538], [-74.058307, 4.668013], [-74.0581249, 4.6683374], [-74.0580981, 4.6683855]]"
89607790#1,826233860,267899293,168.40408106008556,0.2020848972721027,0.0,30.0,baja,True,0,residencial,Carrera 12,2.0,True,False,[],"[[-74.0540392, 4.6665539], [-74.0540059, 4.666596], [-74.053763, 4.6669032], [-74.0536864, 4.6670027], [-74.0535696, 4.667138], [-74.0534356, 4.6672731], [-74.0533188, 4.6673909], [-74.0530668, 4.6676266], [-74.0530186, 4.6676716]]"
68761096,826353035,12222604092,98.84299810256313,0.11861159772307575,0.0,30.0,baja,True,0,residencial,Calle 64A,2.0,False,False,[],
734633052#2,826353035,12840537205,35.13047582310411,0.042156570987724934,0.0,30.0,baja,True,0,residencial,Carrera 15,2.0,True,False,[],"[[-74.0652443, 4.6523117], [-74.0652906, 4.6520452], [-74.0652984, 4.6520004]]"
734633052#3,826353151,312655769,27.18642859911482,0.032623714318937784,0.0,30.0,baja,True,0,residencial,Carrera 15,2.0,True,False,[],
"[68761091, 68761102]",826353151,12285697975,53.71562497551343,0.06445874997061612,0.0,30.0,baja,True,0,residencial,Calle 65A,2.0,True,False,[],"[[-74.0650889, 4.6532054], [-74.0648667, 4.653164], [-74.0648559, 4.6531562], [-74.0648526, 4.6531434], [-74.0648926, 4.6529156]]"
734633052#4,826353234,826353035,49.12493561552036,0.05894992273862443,0.0,30.0,baja,True,0,residencial,Carrera 15,2.0,True,False,[],
"[68761080, 1518641013]",826353234,12285697975,50.221696180286045,0.060266035416343254,0.0,30.0,baja,True,0,residencial,Calle 64B,2.0,False,False,[],"[[-74.0651686, 4.652747], [-74.0649486, 4.6527043], [-74.0649318, 4.6527105], [-74.0649218, 4.652725], [-74.0648926, 4.6529156]]"
69339001#1,830760481,265024978,47.51159149588223,0.05701390979505868,0.0,30.0,baja,True,0,residencial,Calle 69A,2.0,False,False,[],
"[89623411, 69338997]",830760481,761884448,123.91106741758384,0.14869328090110062,0.0,30.0,baja,True,0,residencial,Calle 69A,2.0,True,False,[],"[[-74.0596455, 4.6538403], [-74.0597056, 4.6537512], [-74.0589328, 4.6532123], [-74.0588771, 4.6531749]]"
24031622,851224184,260627307,91.26585069301467,0.1095190208316176,0.0,30.0,baja,True,0,residencial,Calle 77,2.0,True,False,[],"[[-74.0597013, 4.6643526], [-74.0597345, 4.6643713], [-74.0597669, 4.6643897], [-74.0602373, 4.6646554], [-74.0603641, 4.664727], [-74.0604184, 4.6647561]]"
89616086,851224184,3582215693,105.60022822309503,0.12672027386771403,0.0,30.0,baja,True,0,residencial,Carrera 16A,2.0,True,False,[],"[[-74.0597013, 4.6643526], [-74.0597255, 4.6643078], [-74.0598968, 4.6639916], [-74.0601287, 4.6635635], [-74.0601541, 4.663517]]"
1386658126,851224184,12596010810,137.5747125929889,0.1650896551115867,0.0,30.0,baja,True,0,residencial,Calle 77,2.0,True,False,[],"[[-74.0597013, 4.6643526], [-74.0596597, 4.6643303], [-74.0594413, 4.6642057], [-74.0590145, 4.6639621], [-74.0586925, 4.6637826], [-74.0586565, 4.6637623], [-74.0586214, 4.6637425]]"
249087733,851224198,13778686674,35.80488629962203,0.04296586355954644,0.0,30.0,baja,True,0,residencial,Carrera 18,2.0,False,False,[],"[[-74.0606851, 4.6638553], [-74.0606633, 4.6638942], [-74.0605277, 4.6641365]]"
"[1551562088, 89901713, 89616044, 856965797]",851224198,260487068,134.4258848252934,0.16131106179035207,0.0,30.0,baja,True,0,secundaria,Calle 76,,True,False,[],"[[-74.0606851, 4.6638553], [-74.0607658, 4.6639067], [-74.0607994, 4.6639281], [-74.0608799, 4.6639794], [-74.0609663, 4.6640345], [-74.0610173, 4.664067], [-74.061122, 4.6641338], [-74.0611724, 4.664166], [-74.0612215, 4.6641974], [-74.0616377, 4.6644624], [-74.0616655, 4.6644801], [-74.0616839, 4.6644921], [-74.0617067, 4.664507]]"
89615987#1,851224205,312645998,61.02535107952538,0.07323042129543046,0.0,30.0,baja,True,0,residencial,Carrera 19A,2.0,True,False,[],
1305483433,851251645,314145536,43.311265742198955,0.05197351889063875,0.0,70.0,baja,True,0,troncal,Avenida Calle 80,2.0,True,False,[],
672573103#1,851251645,314145669,34.10745661213303,0.04092894793455963,0.0,45.0,baja,True,0,terciaria,Carrera 22,2.0,True,False,[],"[[-74.0620281, 4.6675794], [-74.0620366, 4.6676676], [-74.0620374, 4.6677242], [-74.062033, 4.6677696], [-74.0620256, 4.6678163], [-74.0620149, 4.6678841]]"
"[71562890, 86670491]#1",851251660,268153063,101.40973754656834,0.121691685055882,0.0,30.0,baja,True,0,residencial,Calle 81,,False,False,[],"[[-74.0611781, 4.6683578], [-74.0611081, 4.6687612], [-74.0606872, 4.6686871], [-74.0606115, 4.6686738]]"
71675694,852230584,852230641,36.807886713353355,0.044169464056024024,0.0,30.0,baja,True,0,residencial,Carrera 10A,2.0,False,False,[],"[[-74.0606813, 4.6526744], [-74.0608051, 4.6524452], [-74.0608403, 4.6523838]]"
524762364,852230584,5106175952,35.70653073818281,0.042847836885819376,0.0,30.0,baja,True,0,residencial,Carrera 10A,2.0,True,False,[],"[[-74.0606813, 4.6526744], [-74.060622, 4.6527781], [-74.0606213, 4.6528092], [-74.0606364, 4.6528372], [-74.0607577, 4.6529055]]"
71675694#1,852230641,852230584,36.807886713353355,0.044169464056024024,0.0,30.0,baja,True,0,residencial,Carrera 10A,2.0,False,False,[],"[[-74.0608403, 4.6523838], [-74.0608051, 4.6524452], [-74.0606813, 4.6526744]]"
89623589,852230641,13617956756,77.13158138850616,0.0925578976662074,0.0,30.0,baja,True,0,secundaria,Calle 67,3.0,True,False,[],"[[-74.0608403, 4.6523838], [-74.06135, 4.6527048], [-74.0613928, 4.6527318], [-74.0614286, 4.6527544]]"
89616092#3,852230647,2807693383,106.93067617882136,0.12831681141458562,0.0,30.0,baja,True,0,residencial,Calle 77A,2.0,True,False,[],"[[-74.0554919, 4.6619747], [-74.0555403, 4.6620085], [-74.0559223, 4.6622756], [-74.0562899, 4.662515]]"
856959920#1,852230647,12577137934,22.0568749964593,0.02646824999575116,0.0,30.0,baja,True,0,secundaria,Avenida Carrera 11,3.0,True,False,[],"[[-74.0554919, 4.6619747], [-74.0555382, 4.6619071], [-74.0555704, 4.6618601], [-74.0556031, 4.6618102]]"
"[1079835924, 907224111]",852230670,312644988,81.36985033341742,0.09764382040010089,0.0,30.0,baja,True,0,secundaria,Avenida Carrera 15,3.0,True,False,[],"[[-74.0559533, 4.6686176], [-74.0558766, 4.6687809], [-74.0557358, 4.6690865], [-74.055688, 4.6691822], [-74.055642, 4.6692803]]"
89616100,852230694,13821341071,225.96721462031286,0.2711606575443754,0.0,30.0,baja,True,0,residencial,Calle 75,2.0,False,False,[],"[[-74.0568374, 4.6599834], [-74.0568795, 4.6600123], [-74.0584018, 4.6610574], [-74.0584359, 4.6610808], [-74.0585165, 4.6611362]]"
1077977409,852230694,13805375169,127.99022615254381,0.1535882713830526,0.0,30.0,baja,True,0,secundaria,Avenida Carrera 11,3.0,True,False,[],"[[-74.0568374, 4.6599834], [-74.056989, 4.6597588], [-74.0571427, 4.6595337], [-74.0574228, 4.6591267], [-74.0574527, 4.6590832], [-74.0574877, 4.6590322]]"
"[71675697, 1079835925]",852230734,852230670,60.156249076419776,0.07218749889170373,0.0,30.0,baja,True,0,residencial,Calle 83,,True,False,[],"[[-74.055464, 4.6683834], [-74.0558876, 4.6685861], [-74.0559533, 4.6686176]]"
89601233#1,852230734,267899276,107.85119276885939,0.1294214313226313,0.0,30.0,baja,True,0,residencial,Carrera 14A,2.0,True,False,[],"[[-74.055464, 4.6683834], [-74.0558809, 4.6675381], [-74.0558934, 4.667513]]"
72376032,859648252,859648253,97.34764835572376,0.11681717802686853,0.0,30.0,baja,True,0,residencial,Carrera 16A,,False,False,[],"[[-74.060238, 4.6633793], [-74.0606613, 4.6626786], [-74.0606911, 4.6626293]]"
72376032#1,859648253,859648252,97.34764835572376,0.11681717802686853,0.0,30.0,baja,True,0,residencial,Carrera 16A,,False,False,[],"[[-74.0606911, 4.6626293], [-74.0606613, 4.6626786], [-74.060238, 4.6633793]]"
1079835944#1,859648253,13617994823,54.43522752584135,0.06532227303100961,0.0,30.0,baja,True,0,residencial,Calle 75,2.0,False,False,[],"[[-74.0606911, 4.6626293], [-74.0607455, 4.6626667], [-74.0610256, 4.6628589], [-74.0610956, 4.662907]]"
1079835944#2,859648253,312649085,46.75109846005794,0.056101318152069535,0.0,30.0,baja,True,0,residencial,Calle 75,2.0,False,False,[],"[[-74.0606911, 4.6626293], [-74.060385, 4.6624192], [-74.0603437, 4.6623908]]"
24032103,865639668,9831770472,140.6563699401801,0.16878764392821613,0.0,40.0,baja,True,0,otro,,1.0,True,False,[],"[[-74.061574, 4.6664361], [-74.0613794, 4.6661422], [-74.0612325, 4.6659211], [-74.0612094, 4.6658728], [-74.0611901, 4.6658062], [-74.0611733, 4.6657253], [-74.0611601, 4.6655281], [-74.0611658, 4.6654631], [-74.061174, 4.6654041], [-74.0612042, 4.6652882]]"
1286141405#1,865639668,354856272,28.11036757158937,0.03373244108590725,0.0,30.0,baja,True,0,residencial,Carrera 20C,2.0,True,False,[],"[[-74.061574, 4.6664361], [-74.061593, 4.6664064], [-74.0617103, 4.6662229]]"
28159911,881725668,1873784300,162.62144732856532,0.19514573679427838,0.0,30.0,baja,True,0,residencial,Calle 83A,2.0,False,False,[],"[[-74.0629941, 4.671991], [-74.0629397, 4.6719803], [-74.0621452, 4.6718328], [-74.0620553, 4.6718161], [-74.0615517, 4.6717224]]"
249087737#1,884884200,309297394,210.95177552640138,0.2531421306316816,0.0,30.0,baja,True,0,residencial,Carrera 13A,,False,False,[],
"[1447023748, 1446437117]",884884200,267902561,51.30297574610291,0.061563570895323494,0.0,30.0,baja,True,0,residencial,Carrera 14,2.0,True,False,[],"[[-74.0535433, 4.670527], [-74.0539011, 4.6705953], [-74.0539442, 4.6705069]]"
28458210#1,884894310,312649269,82.75665926115902,0.09930799111339082,0.0,30.0,baja,True,0,residencial,Calle 74A,2.0,False,False,[],"[[-74.0656775, 4.6652087], [-74.0656414, 4.6651848], [-74.0651, 4.6648259], [-74.0650557, 4.6647966]]"
904335256,884894310,312649222,59.41703669136591,0.07130044402963909,0.0,50.0,baja,True,0,secundaria,Avenida Carrera 24,3.0,True,False,[],"[[-74.0656775, 4.6652087], [-74.0655428, 4.6654173], [-74.0653873, 4.665658]]"
856959944#3,884896421,9368025351,3.2360436135363044,0.003883252336243565,0.0,30.0,baja,True,0,terciaria,Calle 81,3.0,True,False,[],
352406351#1,884899053,312660210,53.42727355115587,0.06411272826138704,0.0,50.0,baja,True,0,secundaria,Avenida Calle 72,2.0,True,False,[],
89890594#3,884899053,254530324,88.21911179816112,0.10586293415779334,0.0,30.0,baja,True,0,residencial,Carrera 22,2.0,True,False,[],"[[-74.0658049, 4.6620689], [-74.0658342, 4.6620229], [-74.066232, 4.6613994]]"
1064447340,884900212,9661162217,57.76276661061829,0.06931531993274195,0.0,50.0,baja,True,0,secundaria,Avenida Calle 72,2.0,True,False,[],"[[-74.0680419, 4.6636705], [-74.0676958, 4.6634083], [-74.067627, 4.6633561]]"
1176611620#1,889749397,2807673245,57.15515072327661,0.06858618086793193,0.0,30.0,baja,True,0,secundaria,Avenida Carrera 13,3.0,True,False,[],
75366829,889749397,12222604090,98.22119196045936,0.11786543035255123,0.0,30.0,baja,True,0,residencial,Calle 65A,1.0,False,False,[],"[[-74.0630236, 4.6523985], [-74.0630997, 4.6524161], [-74.063888, 4.6525934]]"
1057643947,889749413,268231899,136.6609794650266,0.1639931753580319,0.0,30.0,baja,True,0,residencial,Calle 71,2.0,True,False,[],"[[-74.0594274, 4.6562129], [-74.0594831, 4.6562506], [-74.060447, 4.6569041]]"
1057643951,889749413,13805375175,71.99913973855202,0.08639896768626242,0.0,50.0,baja,True,0,secundaria,Avenida Carrera 11,3.0,True,False,[],"[[-74.0594274, 4.6562129], [-74.0595607, 4.6560178], [-74.0597517, 4.6557385], [-74.0597778, 4.6557003], [-74.0597932, 4.6556778]]"
414897562#1,903701516,354856252,94.58445660739707,0.11350134792887649,0.0,50.0,baja,True,0,secundaria,Avenida Carrera 24,3.0,True,False,[],
89901810#1,903701526,8169413607,65.81777447221563,0.07898132936665876,0.0,70.0,baja,True,0,troncal,Avenida Calle 80,3.0,True,False,[],"[[-74.0639858, 4.6695305], [-74.0636503, 4.6691301], [-74.0636051, 4.6690762]]"
89890167#2,907676719,260487059,57.071170715332656,0.06848540485839918,0.0,45.0,baja,True,0,terciaria,Carrera 20B,2.0,True,False,[],"[[-74.0619863, 4.6640725], [-74.0620226, 4.6640161], [-74.0621777, 4.6637749], [-74.0622312, 4.6636918], [-74.0622642, 4.6636404]]"
1059633475,907676719,1048734067,102.75195542895804,0.12330234651474964,0.0,30.0,baja,True,0,residencial,Calle 75A,2.0,False,False,[],"[[-74.0619863, 4.6640725], [-74.0620378, 4.6641057], [-74.0627188, 4.6645449], [-74.0627647, 4.6645745]]"
1180757293,926762733,373377848,82.71444798765083,0.099257337585181,0.0,50.0,baja,True,0,secundaria,Avenida Carrera 24,2.0,True,False,[],
89878121#1,926763115,312656481,80.30753645964052,0.09636904375156861,0.0,30.0,baja,True,0,residencial,Calle 66A,2.0,True,False,[],
89875274#2,926763115,254530325,64.55852005165397,0.07747022406198475,0.0,30.0,baja,True,0,residencial,Carrera 22,2.0,True,False,[],"[[-74.0692533, 4.656906], [-74.0694603, 4.656618], [-74.0695767, 4.656456], [-74.0695925, 4.656434]]"
89891028#2,926763206,1890569403,54.582524882338014,0.06549902985880562,0.0,50.0,baja,True,0,secundaria,Avenida Carrera 24,3.0,True,False,[],
1548477100,926763206,312656406,84.60363292617613,0.10152435951141135,0.0,30.0,baja,True,0,terciaria,Calle 69,2.0,True,False,[],"[[-74.0691045, 4.659758], [-74.0690846, 4.6597451], [-74.0684624, 4.6593465]]"
672573097#1,928172476,928172488,55.71352448798167,0.066856229385578,0.0,30.0,baja,True,0,residencial,Calle 83A,,False,False,[],
1059633474#2,928172476,1873784300,12.020345417962059,0.014424414501554472,0.0,30.0,baja,True,0,terciaria,Carrera 22,4.0,False,False,[],
1059633474#3,928172476,314146150,49.66593277442519,0.059599119329310224,0.0,30.0,baja,True,0,terciaria,Carrera 22,4.0,False,False,[],
79514514,928172485,928172488,109.56028598689245,0.13147234318427095,0.0,30.0,baja,True,0,residencial,Carrera 21A,2.0,False,False,[],
672573110#2,928172485,309298536,55.80619579818855,0.06696743495782626,0.0,30.0,baja,True,0,residencial,Calle 83,2.0,False,False,[],
672573110#3,928172485,314146079,45.32004155251174,0.05438404986301408,0.0,30.0,baja,True,0,residencial,Calle 83,2.0,False,False,[],
79514514#1,928172488,928172485,109.56028598689245,0.13147234318427095,0.0,30.0,baja,True,0,residencial,Carrera 21A,2.0,False,False,[],
672573097#2,928172488,361323635,43.126190694978426,0.05175142883397411,0.0,30.0,baja,True,0,residencial,Calle 83A,,False,False,[],
672573097#3,928172488,928172476,55.71352448798167,0.066856229385578,0.0,30.0,baja,True,0,residencial,Calle 83A,,False,False,[],
541058904,930040906,268152921,126.83797861447393,0.15220557433736873,0.0,60.0,baja,True,0,troncal,Avenida Carrera 30,4.0,True,False,[],
82159784,956648525,956648536,79.51459786072832,0.09541751743287398,0.0,30.0,baja,True,0,residencial,Calle 75A,2.0,False,False,[],"[[-74.0651029, 4.6660984], [-74.0650711, 4.666075], [-74.0645393, 4.6657175], [-74.0645091, 4.6656971]]"
904335257,956648525,268152908,54.178854858433446,0.06501462583012015,0.0,50.0,baja,True,0,secundaria,Avenida Carrera 24,3.0,True,False,[],"[[-74.0651029, 4.6660984], [-74.0649376, 4.6663577], [-74.06483, 4.6665023]]"
23502415#8,956648536,312649221,56.241914397677306,0.06749029727721277,0.0,30.0,baja,True,0,residencial,Carrera 23,2.0,True,False,[],"[[-74.0645091, 4.6656971], [-74.0645316, 4.6656614], [-74.064743, 4.6653254], [-74.0647792, 4.6652689]]"
82159784#1,956648536,956648525,79.51459786072832,0.09541751743287398,0.0,30.0,baja,True,0,residencial,Calle 75A,2.0,False,False,[],"[[-74.0645091, 4.6656971], [-74.0645393, 4.6657175], [-74.0650711, 4.666075], [-74.0651029, 4.6660984]]"
"[1361447636, 1059633476]",956648536,968370600,171.4889494696899,0.20578673936362787,0.0,30.0,baja,True,0,residencial,Carrera 22,2.0,True,False,[],"[[-74.0645091, 4.6656971], [-74.0644734, 4.6656733], [-74.0636846, 4.6651474], [-74.0636459, 4.6651428], [-74.0636129, 4.6651548], [-74.0633934, 4.6655019], [-74.0633572, 4.6655612]]"
89889925,968370515,968370554,54.50032485983563,0.06540038983180275,0.0,30.0,baja,True,0,residencial,Carrera 20C Bis,2.0,False,False,[],
89901815#1,968370515,500963205,25.70244234035777,0.03084293080842932,0.0,30.0,baja,True,0,residencial,Calle 77,2.0,True,False,[],
856965795#2,968370526,968370600,11.09385568435847,0.013312626821230165,0.0,30.0,baja,True,0,secundaria,Calle 76,2.0,True,False,[],
89889925#1,968370526,968370554,50.314135715633455,0.06037696285876015,0.0,30.0,baja,True,0,residencial,Carrera 20C Bis,2.0,False,False,[],"[[-74.0632729, 4.6655074], [-74.0632515, 4.6655397], [-74.0630162, 4.6658806]]"
89889925#2,968370554,968370515,54.50032485983563,0.06540038983180275,0.0,30.0,baja,True,0,residencial,Carrera 20C Bis,2.0,False,False,[],
83229974#1,968370554,354856368,101.6113325380059,0.12193359904560708,0.0,30.0,baja,True,0,residencial,Calle 76 Bis,,False,False,[],"[[-74.0630162, 4.6658806], [-74.0629492, 4.6658374], [-74.062652, 4.665646], [-74.062277, 4.6654151], [-74.0622409, 4.6653929]]"
89889925#3,968370554,968370526,50.314135715633455,0.06037696285876015,0.0,30.0,baja,True,0,residencial,Carrera 20C Bis,2.0,False,False,[],"[[-74.0630162, 4.6658806], [-74.0632515, 4.6655397], [-74.0632729, 4.6655074]]"
856965795#3,968370600,354855989,15.035760321103153,0.01804291238532378,0.0,30.0,baja,True,0,secundaria,Calle 76,2.0,True,False,[],
89875033,1010415613,2862531835,55.887772285723216,0.06706532674286786,0.0,30.0,baja,True,0,residencial,Carrera 22,2.0,True,False,[],
89580872#1,1025325610,1025325613,37.89522322406163,0.04547426786887395,0.0,30.0,baja,True,0,residencial,Carrera 18,2.0,False,False,[],
"[88264738, 29766428]#1",1025325610,310000063,198.5248657994448,0.23822983895933372,0.0,30.0,baja,True,0,residencial,Calle 86,2.0,False,False,[],"[[-74.05637, 4.6720305], [-74.0568895, 4.6722796], [-74.057405, 4.6712298], [-74.0574242, 4.6711924]]"
89580872#2,1025325610,310000051,134.98613322009518,0.16198335986411422,0.0,30.0,baja,True,0,residencial,Carrera 18,2.0,False,False,[],"[[-74.05637, 4.6720305], [-74.0568662, 4.6709689], [-74.0568856, 4.6709307]]"
89580872#3,1025325613,1025325610,37.89522322406163,0.04547426786887395,0.0,30.0,baja,True,0,residencial,Carrera 18,2.0,False,False,[],
1331505629,1038604575,1038604576,12.022708743602728,0.014427250492323273,0.0,30.0,baja,True,0,residencial,Carrera 10,2.0,False,False,[],
89600819#5,1038604575,309297320,27.504018658078255,0.033004822389693905,0.0,30.0,baja,True,0,residencial,Carrera 10,2.0,False,False,[],"[[-74.0513794, 4.6660674], [-74.0513577, 4.6660847], [-74.0513425, 4.6660964], [-74.0511856, 4.6662219]]"
"[1331505632, 1331505631]",1038604575,13805375146,116.25542188616615,0.1395065062633994,0.0,30.0,baja,True,0,terciaria,Calle 84A,2.0,True,False,[],"[[-74.0513794, 4.6660674], [-74.0513955, 4.6660848], [-74.0516064, 4.6663123], [-74.0516082, 4.6663143], [-74.0518848, 4.6666129], [-74.052053, 4.6667927], [-74.052076, 4.6668172], [-74.0520917, 4.6668349]]"
1331505629#1,1038604576,1038604575,12.022708743602728,0.014427250492323273,0.0,30.0,baja,True,0,residencial,Carrera 10,2.0,False,False,[],
1331505630#1,1038604576,312648919,113.35589620315383,0.13602707544378462,0.0,30.0,baja,True,0,residencial,Carrera 10,2.0,False,False,[],"[[-74.0514584, 4.6659933], [-74.0514831, 4.6659666], [-74.0515329, 4.6659153], [-74.0515933, 4.6658476], [-74.0517392, 4.6657107], [-74.0518663, 4.6655614], [-74.0520645, 4.6651844]]"
"[1331505633, 1117881525]",1038604576,267899280,131.30003133001043,0.1575600375960125,0.0,45.0,baja,True,0,terciaria,Calle 84A,2.0,True,False,[],"[[-74.0514584, 4.6659933], [-74.0514336, 4.6659666], [-74.0511464, 4.665658], [-74.0509629, 4.6654608], [-74.0506839, 4.6651609], [-74.0506528, 4.6651275]]"
24677714#1,1038727554,268231703,160.8666624384966,0.19303999492619592,0.0,30.0,baja,True,0,residencial,Calle 70A,2.0,True,False,[],"[[-74.0591737, 4.6553242], [-74.0579549, 4.6546285], [-74.0579141, 4.6546053]]"
527037853,1038727554,5133179558,75.82433769506338,0.09098920523407604,0.0,30.0,baja,True,0,residencial,Carrera 10,2.0,False,False,[],"[[-74.0591737, 4.6553242], [-74.0593401, 4.655068], [-74.0595379, 4.654747]]"
89874739#1,1041714527,310666529,88.22219572087133,0.10586663486504558,0.0,30.0,baja,True,0,residencial,Calle 65,2.0,False,False,[],"[[-74.0689573, 4.6547763], [-74.0689891, 4.6547951], [-74.0695332, 4.6551172], [-74.0696558, 4.6551471]]"
89874989#5,1041714527,310666531,100.86811563264425,0.1210417387591731,0.0,30.0,baja,True,0,residencial,Calle 65,2.0,False,False,[],"[[-74.0689573, 4.6547763], [-74.0689163, 4.6547471], [-74.0682168, 4.6542489]]"
89890128#8,1041714527,13903297062,109.74923823329517,0.13169908587995421,0.0,30.0,baja,True,0,terciaria,Carrera 20,2.0,True,False,[],"[[-74.0689573, 4.6547763], [-74.0689067, 4.6548539], [-74.0684826, 4.6555188], [-74.0684522, 4.6555664], [-74.0684252, 4.6556087]]"
89890128#9,1041714548,1041714620,78.93897666135751,0.09472677199362903,0.0,30.0,baja,True,0,terciaria,Carrera 20,2.0,True,False,[],
89874912,1041714548,1041714677,54.25362126805453,0.06510434552166544,0.0,30.0,baja,True,0,residencial,Calle 63B,2.0,False,False,[],"[[-74.0697036, 4.6524281], [-74.0697633, 4.6524389], [-74.0701853, 4.652515]]"
1053475384,1041714548,1041714598,60.55245351591225,0.0726629442190947,0.0,30.0,baja,True,0,residencial,Calle 63B,2.0,False,False,[],"[[-74.0697036, 4.6524281], [-74.0696713, 4.6524223], [-74.0692918, 4.6523554], [-74.0692261, 4.6523419], [-74.069166, 4.6523311]]"
1053475387#1,1041714555,310666444,99.10503015614995,0.11892603618737994,0.0,30.0,baja,True,0,residencial,Calle 63B,2.0,False,False,[],"[[-74.0672787, 4.6520054], [-74.067232, 4.6519973], [-74.0663976, 4.6518533]]"
1053475387#2,1041714555,1041714566,95.63916927977407,0.11476700313572888,0.0,30.0,baja,True,0,residencial,Calle 63B,2.0,False,False,[],"[[-74.0672787, 4.6520054], [-74.0673219, 4.6520126], [-74.068129, 4.6521521]]"
1408392713,1041714555,3874228622,77.51248157194982,0.09301497788633978,0.0,30.0,baja,True,0,secundaria,Avenida Carrera 17,3.0,True,False,[],"[[-74.0672787, 4.6520054], [-74.0671589, 4.6526436], [-74.0671501, 4.6526906]]"
89875364#2,1041714566,1041714704,78.40303771769197,0.09408364526123036,0.0,30.0,baja,True,0,residencial,Carrera 18,2.0,False,False,[],
89875364#3,1041714566,283342330,89.90100229179828,0.10788120275015793,0.0,30.0,baja,True,0,residencial,Carrera 18,2.0,False,False,[],
1053475387#3,1041714566,1041714673,58.792030864258656,0.07055043703711039,0.0,30.0,baja,True,0,residencial,Calle 63B,2.0,False,False,[],
1053475387#4,1041714566,1041714555,95.63916927977407,0.11476700313572888,0.0,30.0,baja,True,0,residencial,Calle 63B,2.0,False,False,[],"[[-74.068129, 4.6521521], [-74.0673219, 4.6520126], [-74.0672787, 4.6520054]]"
1053475384#1,1041714598,1041714548,60.552453515912255,0.07266294421909471,0.0,30.0,baja,True,0,residencial,Calle 63B,2.0,False,False,[],"[[-74.069166, 4.6523311], [-74.0692261, 4.6523419], [-74.0692918, 4.6523554], [-74.0696713, 4.6524223], [-74.0697036, 4.6524281]]"
1053475387#5,1041714598,1041714673,57.8481528392218,0.06941778340706616,0.0,30.0,baja,True,0,residencial,Calle 63B,2.0,False,False,[],"[[-74.069166, 4.6523311], [-74.0691277, 4.6523245], [-74.0690836, 4.6523169], [-74.0686517, 4.6522423]]"
1053475388,1041714598,1041714652,87.55880541225656,0.10507056649470788,0.0,30.0,baja,True,0,terciaria,Carrera 19A,1.0,True,False,[],"[[-74.069166, 4.6523311], [-74.0691742, 4.6522858], [-74.0692956, 4.651616], [-74.0693064, 4.6515562]]"
25973463#3,1041714606,310666402,108.54943807531315,0.1302593256903758,0.0,30.0,baja,True,0,residencial,Carrera 21,2.0,False,False,[],
1053475392#1,1041714606,283342323,75.58624659166627,0.09070349590999953,0.0,30.0,baja,True,0,residencial,Calle 63D,2.0,False,False,[],
1053475393#1,1041714606,310666305,85.32696450376608,0.1023923574045193,0.0,30.0,baja,True,0,residencial,Carrera 21,2.0,False,False,[],
533186939#1,1041714606,255471027,55.10986058169412,0.06613183269803294,0.0,30.0,baja,True,0,residencial,Calle 63D,2.0,False,False,[],"[[-74.0698937, 4.6541749], [-74.0694627, 4.6540947], [-74.0694049, 4.6540839]]"
89874957#1,1041714613,1041714620,60.5956130104805,0.0727147356125766,0.0,30.0,baja,True,0,residencial,Calle 63C,2.0,False,False,[],"[[-74.0690393, 4.6530308], [-74.069096, 4.6530409], [-74.0695516, 4.6531222], [-74.0695775, 4.6531268]]"
1053475385,1041714613,1041714708,58.4657908111236,0.07015894897334832,0.0,30.0,baja,True,0,residencial,Calle 63C,2.0,False,False,[],"[[-74.0690393, 4.6530308], [-74.0689988, 4.6530238], [-74.0685195, 4.6529411]]"
1053475386,1041714613,1041714598,79.06020186637707,0.09487224223965249,0.0,30.0,baja,True,0,terciaria,Carrera 19A,1.0,True,False,[],"[[-74.0690393, 4.6530308], [-74.0690463, 4.6529921], [-74.0691559, 4.6523868], [-74.069166, 4.6523311]]"
89890128#10,1041714620,255471027,108.13029132272693,0.1297563495872723,0.0,30.0,baja,True,0,terciaria,Carrera 20,2.0,True,False,[],
89874957#2,1041714620,310666402,54.60564334506115,0.06552677201407338,0.0,30.0,baja,True,0,residencial,Calle 63C,2.0,False,False,[],"[[-74.0695775, 4.6531268], [-74.06963, 4.6531362], [-74.0700625, 4.6532133]]"
89874957#3,1041714620,1041714613,60.5956130104805,0.0727147356125766,0.0,30.0,baja,True,0,residencial,Calle 63C,2.0,False,False,[],"[[-74.0695775, 4.6531268], [-74.0695516, 4.6531222], [-74.069096, 4.6530409], [-74.0690393, 4.6530308]]"
89875323#3,1041714652,498604664,60.503247149460776,0.07260389657935293,0.0,30.0,baja,True,0,residencial,Calle 63A,2.0,False,False,[],"[[-74.0693064, 4.6515562], [-74.0693584, 4.6515663], [-74.0693951, 4.6515748], [-74.0696793, 4.6516283], [-74.0698123, 4.651654], [-74.0698423, 4.6516598]]"
1053475389#5,1041714652,283342329,57.08521678229076,0.06850226013874891,0.0,30.0,baja,True,0,residencial,Calle 63A,2.0,False,False,[],"[[-74.0693064, 4.6515562], [-74.0692763, 4.6515504], [-74.0692315, 4.6515454], [-74.0688009, 4.6514585]]"
89874833,1041714673,283342329,88.7094742082264,0.10645136904987167,0.0,30.0,baja,True,0,residencial,Carrera 19,2.0,True,False,[],
1053475387#6,1041714673,1041714566,58.792030864258656,0.07055043703711039,0.0,30.0,baja,True,0,residencial,Calle 63B,2.0,False,False,[],
1053475387#7,1041714673,1041714598,57.84815283922179,0.06941778340706616,0.0,30.0,baja,True,0,residencial,Calle 63B,2.0,False,False,[],"[[-74.0686517, 4.6522423], [-74.0690836, 4.6523169], [-74.0691277, 4.6523245], [-74.069166, 4.6523311]]"
25973463#4,1041714677,310666402,78.83123692252977,0.09459748430703573,0.0,30.0,baja,True,0,residencial,Carrera 21,2.0,False,False,[],
25973463#5,1041714677,498604669,86.13566012733865,0.10336279215280639,0.0,30.0,baja,True,0,residencial,Carrera 21,2.0,False,False,[],
89874912#1,1041714677,1041714548,54.25362126805453,0.06510434552166544,0.0,30.0,baja,True,0,residencial,Calle 63B,2.0,False,False,[],"[[-74.0701853, 4.652515], [-74.0697633, 4.6524389], [-74.0697036, 4.6524281]]"
89875364#4,1041714704,1041714566,78.40303771769197,0.09408364526123036,0.0,30.0,baja,True,0,residencial,Carrera 18,2.0,False,False,[],
1053475385#1,1041714704,1041714708,58.10053232110728,0.06972063878532873,0.0,30.0,baja,True,0,residencial,Calle 63C,2.0,False,False,[],
89875053,1041714704,3874228622,96.20320462669214,0.11544384555203058,0.0,30.0,baja,True,0,residencial,Calle 63C,2.0,True,False,[],"[[-74.068004, 4.6528461], [-74.0671959, 4.6526989], [-74.0671501, 4.6526906]]"
89875364#5,1041714704,283342327,82.70509335815065,0.09924611202978079,0.0,30.0,baja,True,0,residencial,Carrera 18,2.0,False,False,[],"[[-74.068004, 4.6528461], [-74.0678772, 4.6535515], [-74.0678735, 4.6535784]]"
89874833#1,1041714708,1041714673,79.0723941325441,0.09488687295905292,0.0,30.0,baja,True,0,residencial,Carrera 19,2.0,True,False,[],
1053475385#2,1041714708,1041714704,58.10053232110728,0.06972063878532873,0.0,30.0,baja,True,0,residencial,Calle 63C,2.0,False,False,[],
1053475385#3,1041714708,1041714613,58.4657908111236,0.07015894897334832,0.0,30.0,baja,True,0,residencial,Calle 63C,2.0,False,False,[],"[[-74.0685195, 4.6529411], [-74.0689988, 4.6530238], [-74.0690393, 4.6530308]]"
89890164#4,1041859300,489190711,62.61358657030163,0.07513630388436195,0.0,30.0,baja,True,0,residencial,Calle 71,2.0,False,False,[],
89890164#5,1041859300,1847559932,60.34369723735352,0.07241243668482422,0.0,30.0,baja,True,0,residencial,Calle 71,2.0,False,False,[],
381869180#1,1041859313,1847559956,60.32996730190567,0.0723959607622868,0.0,30.0,baja,True,0,residencial,Calle 70,2.0,False,False,[],
381869181,1041859313,1847559948,156.65264790789544,0.18798317748947452,0.0,30.0,baja,True,0,residencial,Carrera 25,2.0,False,False,[],
381869180#2,1041859313,312660814,66.91848330394345,0.08030217996473213,0.0,30.0,baja,True,0,residencial,Calle 70,2.0,False,False,[],"[[-74.0693531, 4.6606888], [-74.0689181, 4.6603506], [-74.0688787, 4.6603166]]"
381869181#1,1041859313,5106387334,166.28203162925647,0.19953843795510778,0.0,30.0,baja,True,0,residencial,Carrera 25,2.0,False,False,[],"[[-74.0693531, 4.6606888], [-74.0701124, 4.6594791], [-74.0701491, 4.6594212]]"
708098548#2,1041859324,312660426,57.45012508454303,0.06894015010145163,0.0,30.0,baja,True,0,residencial,Calle 71B,2.0,False,False,[],
28459367#1,1041859324,312660429,115.61861030730148,0.13874233236876177,0.0,30.0,baja,True,0,residencial,Carrera 27A,2.0,False,False,[],"[[-74.0694706, 4.6634479], [-74.0689489, 4.6641861], [-74.0688901, 4.6642705], [-74.0688706, 4.6642985]]"
"[30658932, 708098548]",1041859324,339058337,173.79132751600378,0.2085495930192045,0.0,30.0,baja,True,0,residencial,Carrera 27B,2.0,False,False,[],"[[-74.0694706, 4.6634479], [-74.0698866, 4.6637443], [-74.0693797, 4.6645029], [-74.0693172, 4.6646001], [-74.0693029, 4.6646223]]"
89874787#2,1041859333,312656218,68.43670313054442,0.08212404375665329,0.0,30.0,baja,True,0,terciaria,Calle 69,2.0,True,False,[],
89890594#4,1041859333,13790717160,113.20541268102006,0.13584649521722408,0.0,30.0,baja,True,0,residencial,Carrera 22,2.0,True,False,[],"[[-74.0678688, 4.6589894], [-74.0683654, 4.6582176], [-74.068388, 4.6581824], [-74.0684202, 4.6581324]]"
23502415#9,1041859337,312660198,65.0864878946699,0.07810378547360389,0.0,30.0,baja,True,0,residencial,Carrera 23,2.0,True,False,[],
89890946#3,1041859337,354855993,114.4496667999099,0.13733960015989188,0.0,30.0,baja,True,0,residencial,Calle 73,2.0,False,False,[],"[[-74.0657918, 4.6636307], [-74.0654606, 4.6634075], [-74.0652877, 4.663291], [-74.0650558, 4.6631348], [-74.0649363, 4.6630542]]"
856965795#4,1041859381,968370526,103.19349854602625,0.1238321982552315,0.0,30.0,baja,True,0,secundaria,Calle 76,2.0,True,False,[],
856965796#1,1041859381,354856368,51.902418102438794,0.062282901722926554,0.0,30.0,baja,True,0,residencial,Carrera 20C,2.0,True,False,[],"[[-74.0624934, 4.6649998], [-74.0624682, 4.6650372], [-74.0622409, 4.6653929]]"
734633050#3,1048734067,1041859381,56.04125141475676,0.0672495016977081,0.0,30.0,baja,True,0,terciaria,Carrera 20C,1.0,True,False,[],"[[-74.0627647, 4.6645745], [-74.062522, 4.6649532], [-74.0625084, 4.6649753], [-74.0624934, 4.6649998]]"
1059633475#1,1048734067,907676719,102.75195542895804,0.12330234651474964,0.0,30.0,baja,True,0,residencial,Calle 75A,2.0,False,False,[],"[[-74.0627647, 4.6645745], [-74.0627188, 4.6645449], [-74.0620378, 4.6641057], [-74.0619863, 4.6640725]]"
"[1062826275, 1361447637, 1117117151]",1048734067,354856340,271.843687590576,0.32621242510869114,0.0,30.0,baja,True,0,residencial,Calle 75,2.0,True,False,[],"[[-74.0627647, 4.6645745], [-74.0628106, 4.6646029], [-74.0635917, 4.6650864], [-74.0636028, 4.6650933], [-74.0636165, 4.665095], [-74.0636329, 4.6650916], [-74.0636436, 4.6650877], [-74.0636525, 4.6650806], [-74.0638404, 4.6647552], [-74.0638474, 4.6647362], [-74.0638477, 4.6647159], [-74.0638414, 4.6646972], [-74.0638308, 4.664681], [-74.0634609, 4.6644238], [-74.0630859, 4.6641761], [-74.0630397, 4.6641455]]"
169689222,1806334375,6150242491,53.45578912244891,0.06414694694693869,0.0,30.0,baja,True,0,residencial,Carrera 14A Bis,2.0,False,False,[],
439831819#1,1806334375,312655767,97.17440102129338,0.11660928122555206,0.0,30.0,baja,True,0,residencial,Calle 67,2.0,False,False,[],
439831819#2,1806334375,7814108392,41.541842553632215,0.049850211064358656,0.0,30.0,baja,True,0,residencial,Calle 67,2.0,False,False,[],"[[-74.0640513, 4.6544592], [-74.0637864, 4.6542836], [-74.0637392, 4.6542523]]"
1064447335,1847559927,339058337,58.49380068365768,0.07019256082038923,0.0,50.0,baja,True,0,secundaria,Avenida Calle 72,2.0,True,False,[],
89890164#6,1847559932,1041859300,60.34369723735352,0.07241243668482422,0.0,30.0,baja,True,0,residencial,Calle 71,2.0,False,False,[],
89890164#7,1847559932,1847559948,60.05460412143466,0.07206552494572159,0.0,30.0,baja,True,0,residencial,Calle 71,2.0,False,False,[],
174011299,1847559932,1847559956,152.70859272207028,0.1832503112664843,0.0,30.0,baja,True,0,residencial,Carrera 26,2.0,False,False,[],
89890164#8,1847559948,1847559932,60.05460412143466,0.07206552494572159,0.0,30.0,baja,True,0,residencial,Calle 71,2.0,False,False,[],
381869181#2,1847559948,1041859313,156.65264790789544,0.18798317748947452,0.0,30.0,baja,True,0,residencial,Carrera 25,2.0,False,False,[],
89890164#9,1847559948,312660056,62.04811811688406,0.07445774174026087,0.0,30.0,baja,True,0,residencial,Calle 71,2.0,False,False,[],"[[-74.068571, 4.6618623], [-74.0681458, 4.6615963], [-74.0680969, 4.6615655]]"
174011299#1,1847559956,1847559932,152.70859272207028,0.1832503112664843,0.0,30.0,baja,True,0,residencial,Carrera 26,2.0,False,False,[],
381869180#3,1847559956,1041859313,60.32996730190567,0.0723959607622868,0.0,30.0,baja,True,0,residencial,Calle 70,2.0,False,False,[],
174011299#2,1847559956,3896037447,166.57037344551523,0.19988444813461825,0.0,30.0,baja,True,0,residencial,Carrera 26,2.0,False,False,[],"[[-74.0697913, 4.6610107], [-74.0705677, 4.6598143], [-74.0706076, 4.6597529]]"
856492865#8,1855061090,312661825,66.57161579257162,0.07988593895108595,0.0,30.0,baja,True,0,residencial,Calle 75A,2.0,False,False,[],
856492865#9,1855061090,312662922,58.84014210791112,0.07060817052949335,0.0,30.0,baja,True,0,residencial,Calle 75A,2.0,False,False,[],
174856250#2,1855061090,312661870,67.06751852744219,0.08048102223293063,0.0,30.0,baja,True,0,residencial,Carrera 27B,2.0,False,False,[],"[[-74.0673646, 4.6676557], [-74.0670593, 4.6681251], [-74.0670354, 4.6681618]]"
89901736#19,1855061091,312662921,39.58131183998064,0.04749757420797677,0.0,30.0,baja,True,0,residencial,Calle 77,2.0,False,False,[],
89901736#20,1855061091,312661823,66.34430010903439,0.07961316013084126,0.0,30.0,baja,True,0,residencial,Calle 77,2.0,False,False,[],
174856250#3,1855061091,312661870,84.01708820102625,0.1008205058412315,0.0,30.0,baja,True,0,residencial,Carrera 27B,2.0,False,False,[],"[[-74.0666213, 4.6687947], [-74.0670175, 4.6681891], [-74.0670354, 4.6681618]]"
1059633474#4,1873784300,928172476,12.020345417962059,0.014424414501554472,0.0,30.0,baja,True,0,terciaria,Carrera 22,4.0,False,False,[],
28159911#1,1873784300,881725668,162.62144732856532,0.19514573679427838,0.0,30.0,baja,True,0,residencial,Calle 83A,2.0,False,False,[],"[[-74.0615517, 4.6717224], [-74.0620553, 4.6718161], [-74.0621452, 4.6718328], [-74.0629397, 4.6719803], [-74.0629941, 4.671991]]"
1059633474#5,1873784300,309298536,99.36732457508074,0.11924078949009688,0.0,30.0,baja,True,0,terciaria,Carrera 22,4.0,False,False,[],"[[-74.0615517, 4.6717224], [-74.0616481, 4.6711679], [-74.0616734, 4.6710158], [-74.0616948, 4.6708404]]"
89891028#3,1890569403,312656396,60.79316641003195,0.07295179969203834,0.0,50.0,baja,True,0,secundaria,Avenida Carrera 24,3.0,True,False,[],
856959915#3,1890569405,312656406,53.36607566181201,0.06403929079417442,0.0,30.0,baja,True,0,residencial,Carrera 23,2.0,True,False,[],
178705690,1890569405,1890569403,83.1082061271606,0.09972984735259273,0.0,30.0,baja,True,0,residencial,Calle 70,2.0,True,False,[],"[[-74.0682156, 4.6597586], [-74.0688229, 4.6601603], [-74.0688402, 4.6601722]]"
89891028#4,1890569407,312656384,60.538719288831636,0.07264646314659796,0.0,50.0,baja,True,0,secundaria,Avenida Carrera 24,3.0,True,False,[],
856959915#4,1890569410,312656397,54.44707574860682,0.06533649089832819,0.0,30.0,baja,True,0,residencial,Carrera 23,2.0,True,False,[],
178705691,1890569410,1890569407,81.68273206302786,0.09801927847563342,0.0,30.0,baja,True,0,residencial,Calle 70A Bis,2.0,True,False,[],"[[-74.067665, 4.6606636], [-74.068266, 4.6610436], [-74.0682873, 4.6610572]]"
89901823#10,1892690049,312661826,67.16644494799648,0.08059973393759577,0.0,30.0,baja,True,0,residencial,Calle 75,2.0,False,False,[],
89901823#11,1892690049,312662923,65.26477639980996,0.07831773167977195,0.0,30.0,baja,True,0,residencial,Calle 75,2.0,False,False,[],
178910581#2,1892690050,312662782,48.960740137864875,0.05875288816543785,0.0,30.0,baja,True,0,residencial,Calle 75B,2.0,False,False,[],
89901819#3,1892690050,312661858,46.291186726356,0.0555494240716272,0.0,30.0,baja,True,0,residencial,Carrera 29C,2.0,True,False,[],"[[-74.0704026, 4.6701109], [-74.0701667, 4.6703877], [-74.0701322, 4.6704282]]"
178910581#3,1892690051,312662782,24.877774588576592,0.02985332950629191,0.0,30.0,baja,True,0,residencial,Calle 75B,2.0,False,False,[],
"[41088734, 89901734]",1892690051,312662633,60.523820904545516,0.07262858508545461,0.0,30.0,baja,True,0,residencial,Calle 75A,2.0,False,False,[],"[[-74.0698682, 4.6697154], [-74.0700323, 4.6694668], [-74.0700411, 4.6694357], [-74.0700354, 4.6694177], [-74.070019, 4.6693993], [-74.0698759, 4.6693051]]"
89901734#7,1892690051,312661875,47.25756975543781,0.056709083706525366,0.0,30.0,baja,True,0,residencial,Carrera 29B,2.0,False,False,[],"[[-74.0698682, 4.6697154], [-74.0696312, 4.6699943], [-74.0695926, 4.6700397]]"
89901783#4,1892690055,9406951351,10.051917581656838,0.012062301097988205,0.0,30.0,baja,True,0,residencial,Carrera 28B,2.0,True,False,[],
89901771#3,1892690055,312662157,62.42266227527594,0.07490719473033113,0.0,30.0,baja,True,0,residencial,Calle 75,2.0,False,False,[],"[[-74.0693045, 4.6681796], [-74.0694668, 4.6682926], [-74.0695806, 4.6683778], [-74.069769, 4.6684966]]"
178910580,1892690055,1892690056,71.84809657317851,0.08621771588781421,0.0,20.0,baja,True,0,residencial,Diagonal 74A Bis,2.0,True,False,[],"[[-74.0693045, 4.6681796], [-74.0692368, 4.6681078], [-74.0691781, 4.6680089], [-74.0689845, 4.6676216]]"
89901707#9,1892690056,312649530,26.369973152543345,0.031643967783052014,0.0,30.0,baja,True,0,terciaria,Carrera 28A,2.0,True,False,[],
89901749#8,1892690057,312661827,66.27381148067356,0.07952857377680828,0.0,30.0,baja,True,0,residencial,Calle 74A,2.0,False,False,[],
89901749#9,1892690057,312662925,73.82271184877834,0.08858725421853401,0.0,30.0,baja,True,0,residencial,Calle 74A,2.0,False,False,[],
178910582#1,1892690057,1892690049,60.28067535808055,0.07233681042969665,0.0,30.0,baja,True,0,residencial,Carrera 27B,2.0,True,False,[],
813224239,1942092486,1010415613,24.19002572162837,0.029028030865954044,0.0,30.0,baja,True,0,terciaria,Calle 63F,2.0,True,False,[],
1009674515,1942092486,255471033,26.220516585071813,0.031464619902086176,0.0,30.0,baja,True,0,residencial,Calle 64,1.0,True,False,[],
529522390,1942092499,1942092507,60.85230256135407,0.07302276307362489,0.0,30.0,baja,True,0,residencial,Calle 65A,,False,False,[],"[[-74.0669169, 4.6539723], [-74.066949, 4.653992], [-74.067392, 4.6542466]]"
529522390#1,1942092499,1942092503,98.46353678080042,0.11815624413696052,0.0,30.0,baja,True,0,residencial,Calle 65A,,False,False,[],"[[-74.0669169, 4.6539723], [-74.0668837, 4.6539557], [-74.0667599, 4.6538893], [-74.0666458, 4.6538396], [-74.0665338, 4.6537961], [-74.0662994, 4.6537462], [-74.066075, 4.6537171]]"
1408392708#2,1942092499,13903297057,68.1484242936585,0.0817781091523902,0.0,30.0,baja,True,0,secundaria,Avenida Carrera 17,3.0,True,False,[],"[[-74.0669169, 4.6539723], [-74.0668333, 4.6544378], [-74.0668188, 4.6545103], [-74.0668158, 4.6545272], [-74.0667992, 4.6545732]]"
529522390#2,1942092503,1942092499,98.46353678080041,0.11815624413696049,0.0,30.0,baja,True,0,residencial,Calle 65A,,False,False,[],"[[-74.066075, 4.6537171], [-74.0662994, 4.6537462], [-74.0665338, 4.6537961], [-74.0666458, 4.6538396], [-74.0667599, 4.6538893], [-74.0668837, 4.6539557], [-74.0669169, 4.6539723]]"
"[1373065427, 1373065428]",1942092503,13903297059,49.05868696927514,0.05887042436313017,0.0,30.0,baja,True,0,residencial,Carrera 16,2.0,True,False,[],"[[-74.066075, 4.6537171], [-74.0660188, 4.6540025], [-74.0660071, 4.6540617], [-74.0659998, 4.6540775], [-74.0659867, 4.6541061], [-74.0659643, 4.6541407]]"
529522390#3,1942092507,1942092499,60.85230256135407,0.07302276307362489,0.0,30.0,baja,True,0,residencial,Calle 65A,,False,False,[],"[[-74.067392, 4.6542466], [-74.066949, 4.653992], [-74.0669169, 4.6539723]]"
249087731,2007238281,2007238282,54.3579297031852,0.06522951564382223,0.0,30.0,baja,True,0,residencial,Carrera 16,2.0,False,False,[],"[[-74.0593549, 4.6635855], [-74.0594299, 4.6634416], [-74.0595576, 4.6632145], [-74.0596025, 4.6631655]]"
249087731#1,2007238282,2007238281,54.35792970318519,0.06522951564382223,0.0,30.0,baja,True,0,residencial,Carrera 16,2.0,False,False,[],"[[-74.0596025, 4.6631655], [-74.0595576, 4.6632145], [-74.0594299, 4.6634416], [-74.0593549, 4.6635855]]"
856965797#1,2007238282,312649086,21.40325479911557,0.025683905758938683,0.0,30.0,baja,True,0,secundaria,Calle 76,4.0,True,False,[],"[[-74.0596025, 4.6631655], [-74.0596376, 4.6631879], [-74.0597652, 4.6632692]]"
1074517256,2045404055,254347517,12.024698400142539,0.014429638080171047,0.0,30.0,baja,True,0,secundaria,Calle 76,2.0,True,False,[],"[[-74.0528186, 4.6587274], [-74.0528885, 4.658774], [-74.0529088, 4.6587875]]"
1176617726,2045404055,7989874686,94.52631826383086,0.11343158191659702,0.0,50.0,baja,True,0,primaria,Avenida Carrera 7,3.0,True,False,[],"[[-74.0528186, 4.6587274], [-74.052654, 4.6588937], [-74.0525259, 4.6590276], [-74.0524176, 4.6591392], [-74.0523319, 4.6592245], [-74.0522662, 4.6593046], [-74.0522328, 4.6593446]]"
627031726,2180186978,12483781991,87.52440526347154,0.10502928631616584,0.0,50.0,baja,True,0,secundaria,Avenida Carrera 20,2.0,True,False,[],"[[-74.059922, 4.6686562], [-74.0599016, 4.6687514], [-74.0598583, 4.6689574], [-74.0597888, 4.6693553], [-74.0597758, 4.6694296]]"
815099625,2180186978,2180187000,41.30003876581203,0.04956004651897444,0.0,30.0,baja,True,0,residencial,Calle 81,2.0,False,False,[],"[[-74.059922, 4.6686562], [-74.0598623, 4.6686413], [-74.0595605, 4.668566]]"
"[815099624, 815099625, 525660668, 815099623]",2180187000,2180187000,96.0882566042338,0.11530590792508057,0.0,30.0,baja,True,0,residencial,Calle 81,2.0,False,False,[],"[[-74.0595605, 4.668566], [-74.0595963, 4.6684165], [-74.0593273, 4.6683478], [-74.0592895, 4.6684984], [-74.0595605, 4.668566]]"
"[815099624, 815099625, 525660668, 815099623]#1",2180187000,2180187000,96.08825660423379,0.11530590792508054,0.0,30.0,baja,True,0,residencial,Calle 81,2.0,False,False,[],"[[-74.0595605, 4.668566], [-74.0595963, 4.6684165], [-74.0593273, 4.6683478], [-74.0592895, 4.6684984], [-74.0595605, 4.668566]]"
815099625#1,2180187000,2180186978,41.30003876581203,0.04956004651897444,0.0,30.0,baja,True,0,residencial,Calle 81,2.0,False,False,[],"[[-74.0595605, 4.668566], [-74.0598623, 4.6686413], [-74.059922, 4.6686562]]"
60845451,2313540150,2313710248,78.97322989305208,0.09476787587166251,0.0,30.0,baja,True,0,residencial,Carrera 9A,,False,False,[],"[[-74.0604935, 4.6513278], [-74.0604779, 4.6513574], [-74.0601962, 4.6518928], [-74.0601626, 4.6519568]]"
675560591#2,2313540150,2313710246,48.61461776090479,0.058337541313085745,0.0,45.0,baja,True,0,terciaria,Calle 66,2.0,True,False,[],"[[-74.0604935, 4.6513278], [-74.0602009, 4.6511751], [-74.0601479, 4.6511474], [-74.0601049, 4.651125]]"
60845451#1,2313710248,2313540150,78.97322989305208,0.09476787587166251,0.0,30.0,baja,True,0,residencial,Carrera 9A,,False,False,[],"[[-74.0601626, 4.6519568], [-74.0601962, 4.6518928], [-74.0604779, 4.6513574], [-74.0604935, 4.6513278]]"
89623589#1,2313710248,13617956758,51.078486192995605,0.06129418343159472,0.0,30.0,baja,True,0,secundaria,Calle 67,3.0,True,False,[],"[[-74.0601626, 4.6519568], [-74.0604653, 4.6521475], [-74.0605086, 4.6521748], [-74.0605522, 4.6522022]]"
908956468,2533080950,268153063,109.67004808081256,0.13160405769697509,0.0,45.0,baja,True,0,terciaria,Carrera 20,2.0,True,False,[],
"[282340554, 246247643]",2533080950,2862666195,109.93545130812822,0.13192254156975386,0.0,30.0,baja,True,0,residencial,Carrera 21,2.0,False,False,[],"[[-74.0604577, 4.6696481], [-74.0605337, 4.6696605], [-74.060963, 4.6697261], [-74.0610191, 4.6693215], [-74.0609667, 4.669274]]"
24546578#1,2807665507,266892161,9.440582310873593,0.01132869877304831,0.0,30.0,baja,True,0,residencial,Carrera 8,2.0,False,False,[],
89623468#2,2807665507,9412503584,42.05425159018673,0.05046510190822408,0.0,30.0,baja,True,0,residencial,Calle 70,2.0,True,False,[],
89623468#3,2807665508,9412503582,41.76427932127668,0.05011713518553202,0.0,30.0,baja,True,0,residencial,Calle 70,2.0,True,False,[],
645049756#1,2807665508,266892205,8.887210441682639,0.010664652530019166,0.0,30.0,baja,True,0,residencial,Carrera 7A,2.0,False,False,[],
1176611620#2,2807673245,7995798066,22.31331314264795,0.026775975771177542,0.0,30.0,baja,True,0,secundaria,Avenida Carrera 13,3.0,True,False,[],
276148473,2807673245,12222604091,96.8281495251518,0.11619377943018215,0.0,30.0,baja,True,0,residencial,Calle 65,2.0,False,False,[],"[[-74.063112, 4.6518921], [-74.0631879, 4.6519097], [-74.0639663, 4.6520744]]"
24677732#1,2807673252,268231793,117.15779029982525,0.14058934835979028,0.0,30.0,baja,True,0,residencial,Carrera 11A,2.0,False,False,[],
857003626,2807673252,2807673254,45.83172325531268,0.054998067906375216,0.0,30.0,baja,True,0,residencial,Calle 70,2.0,True,False,[],
935462714,2807673253,12288332430,129.4660427388827,0.15535925128665923,0.0,30.0,baja,True,0,residencial,Calle 70,2.0,False,False,[],
1057643949,2807673253,2807673254,14.689106943825724,0.017626928332590868,0.0,30.0,baja,True,0,residencial,Calle 70,2.0,False,False,[],
276148474,2807673254,7596046159,77.4426928020762,0.09293123136249143,0.0,30.0,baja,True,0,residencial,Carrera 12,,True,False,[],
1057643949#1,2807673254,2807673253,14.689106943825724,0.017626928332590868,0.0,30.0,baja,True,0,residencial,Calle 70,2.0,False,False,[],
24677745#1,2807673255,268231899,69.41671305732083,0.08330005566878501,0.0,30.0,baja,True,0,residencial,Calle 71,2.0,False,False,[],
24677745#2,2807673255,12288332428,126.89386025417112,0.15227263230500535,0.0,30.0,baja,True,0,residencial,Calle 71,2.0,False,False,[],
276148475,2807673255,2807673256,69.20748946627143,0.0830489873595257,0.0,30.0,baja,True,0,residencial,Carrera 13,2.0,False,False,[],"[[-74.0609668, 4.6572524], [-74.0606586, 4.6577036], [-74.0606154, 4.6577669]]"
276148475#1,2807673256,2807673255,69.20748946627143,0.0830489873595257,0.0,30.0,baja,True,0,residencial,Carrera 13,2.0,False,False,[],"[[-74.0606154, 4.6577669], [-74.0606586, 4.6577036], [-74.0609668, 4.6572524]]"
89617764,2807673261,13778629057,62.96343957750043,0.07555612749300053,0.0,50.0,baja,True,0,secundaria,Avenida Carrera 15,2.0,True,False,[],"[[-74.0619303, 4.658447], [-74.0618521, 4.6586792], [-74.0617774, 4.6588851], [-74.0617479, 4.6589504], [-74.0617343, 4.658978]]"
89616092#4,2807693383,253762307,75.70258373087515,0.09084310047705017,0.0,30.0,baja,True,0,residencial,Calle 77A,2.0,True,False,[],"[[-74.0562899, 4.662515], [-74.0563148, 4.6626441], [-74.0563369, 4.6627001], [-74.0563596, 4.6627418], [-74.0563803, 4.6627695], [-74.0564139, 4.6627956], [-74.0567145, 4.6630036]]"
89616092#5,2807693386,267890883,31.53879393958614,0.03784655272750337,0.0,30.0,baja,True,0,residencial,Calle 77A,2.0,True,False,[],
354386320,2807693386,2807693387,75.8608109599289,0.09103297315191468,0.0,30.0,baja,True,0,residencial,Carrera 13,2.0,True,False,[],
89616129#3,2807693387,267890881,12.672262356280411,0.015206714827536492,0.0,30.0,baja,True,0,residencial,Calle 77,2.0,True,False,[],
929026391,2807693397,13805375158,65.92086262075385,0.07910503514490462,0.0,30.0,baja,True,0,secundaria,Avenida Carrera 11,3.0,True,False,[],"[[-74.0530646, 4.6655049], [-74.0533628, 4.665059], [-74.0533856, 4.6650249], [-74.0533945, 4.6650116]]"
24645335,2807695216,267899274,98.85100404745185,0.11862120485694222,0.0,30.0,baja,True,0,residencial,Carrera 14,2.0,True,False,[],"[[-74.0550071, 4.6681702], [-74.0546491, 4.6688957], [-74.0546134, 4.6689679]]"
71675697,2807695216,852230734,55.911240831551595,0.06709348899786191,0.0,30.0,baja,True,0,residencial,Calle 83,,True,False,[],"[[-74.0550071, 4.6681702], [-74.0554326, 4.6683688], [-74.055464, 4.6683834]]"
"[249087742, 525672943]",2808920237,501588557,67.1584174207972,0.08059010090495664,0.0,30.0,baja,True,0,residencial,Carrera 12,2.0,True,False,[],"[[-74.0518115, 4.6693607], [-74.0517963, 4.6693966], [-74.0517899, 4.6694204], [-74.0517893, 4.6694499], [-74.0517934, 4.6694743], [-74.0518033, 4.6694992], [-74.0518131, 4.6695166], [-74.0518236, 4.6695282], [-74.0518429, 4.6695447], [-74.0520765, 4.6697188], [-74.052094, 4.6697281], [-74.0521102, 4.669735], [-74.0521347, 4.6697408], [-74.0521585, 4.6697432], [-74.05218, 4.6697432]]"
89582586#2,2811229875,375476085,145.55259320926643,0.1746631118511197,0.0,30.0,baja,True,0,residencial,Calle 86A,2.0,True,False,[],
276269691#1,2811229875,3353441402,8.813673034868241,0.010576407641841888,0.0,30.0,baja,True,0,residencial,Carrera 12,2.0,False,False,[],
276269691#2,2811229875,501588557,56.039901790414035,0.06724788214849685,0.0,30.0,baja,True,0,residencial,Carrera 12,2.0,False,False,[],
277039658#1,2815920114,309299184,97.26208205536798,0.1167144984664416,0.0,30.0,baja,True,0,residencial,Calle 69A,2.0,False,False,[],"[[-74.0536512, 4.6508984], [-74.0538023, 4.6506547], [-74.053831, 4.6506343], [-74.0538648, 4.6506204], [-74.0539059, 4.6506145], [-74.0539472, 4.6506195], [-74.0539738, 4.6506289], [-74.0543002, 4.6508293], [-74.0543203, 4.6508417]]"
89623419,2815920118,2815920123,29.189596787751256,0.0350275161453015,0.0,45.0,baja,True,0,terciaria,Avenida Calle 72,1.0,True,False,[],"[[-74.0533732, 4.6530387], [-74.0533729, 4.6530864], [-74.0533788, 4.6531326], [-74.0533878, 4.6531724], [-74.0533972, 4.6531967], [-74.0534048, 4.6532162], [-74.0534317, 4.6532586], [-74.0534524, 4.6532808]]"
856959930,2815920118,2815920119,44.16366911634783,0.052996402939617396,0.0,45.0,baja,True,0,terciaria,Calle 72,1.0,True,False,[],"[[-74.0533732, 4.6530387], [-74.0532943, 4.6530543], [-74.05323, 4.6530615], [-74.0531952, 4.6530655], [-74.0531216, 4.6530677], [-74.0530563, 4.653064], [-74.0529776, 4.6530545]]"
1012227775,2815920118,5105853686,22.299397166320574,0.026759276599584686,0.0,45.0,baja,True,0,terciaria,Carrera 4,2.0,True,False,[],"[[-74.0533732, 4.6530387], [-74.0533206, 4.6530706], [-74.0532905, 4.6530917], [-74.0532623, 4.6531158], [-74.0532386, 4.6531385], [-74.0532172, 4.6531633]]"
78285518,2815920119,7989874619,5.8204299368484325,0.006984515924218119,0.0,45.0,baja,True,0,terciaria,Calle 72,2.0,True,False,[],
87982205#1,2815920119,311366871,122.21517936645631,0.1466582152397476,0.0,45.0,baja,True,0,terciaria,Calle 72,2.0,False,False,[],"[[-74.0529776, 4.6530545], [-74.0527553, 4.6529878], [-74.052568, 4.6529284], [-74.0522737, 4.6527894], [-74.0520553, 4.6526675], [-74.0519675, 4.652624]]"
1012227773,2815920123,435197551,69.79064938927397,0.08374877926712877,0.0,45.0,baja,True,0,terciaria,Avenida Calle 72,3.0,True,False,[],"[[-74.0534524, 4.6532808], [-74.053546, 4.6533421], [-74.0535865, 4.6533705], [-74.0536208, 4.6533988], [-74.0536556, 4.6534356], [-74.0536907, 4.6534806], [-74.053742, 4.6535508], [-74.0537875, 4.6536061], [-74.0538556, 4.6536865], [-74.0538898, 4.6537246]]"
24690439,2822810491,264553465,113.15030031625628,0.13578036037950753,0.0,30.0,baja,True,0,residencial,Calle 74,2.0,True,False,[],"[[-74.0497487, 4.6546068], [-74.0498334, 4.6545853], [-74.0498446, 4.6545831], [-74.0500038, 4.6545514], [-74.0500582, 4.6545407], [-74.0501202, 4.6545351], [-74.0502489, 4.654541], [-74.0503652, 4.6545707], [-74.0504648, 4.6546042], [-74.0505719, 4.6546545], [-74.050718, 4.6547405]]"
"[534631724, 89623541, 681909292]",2822810491,441217432,366.2340117207612,0.43948081406491346,0.0,30.0,baja,True,0,primaria,Diagonal 72,2.0,True,False,[],"[[-74.0497487, 4.6546068], [-74.0497877, 4.6545358], [-74.0498361, 4.654447], [-74.0499057, 4.6543398], [-74.0499605, 4.6542718], [-74.0500167, 4.6542185], [-74.0500849, 4.6541652], [-74.050137, 4.6541319], [-74.0501999, 4.6540972], [-74.0503042, 4.6540585], [-74.0506679, 4.6539786], [-74.0507415, 4.6539506], [-74.0508151, 4.6539119], [-74.050894, 4.6538626], [-74.0509461, 4.6538106], [-74.0509929, 4.6537413], [-74.0510317, 4.65366], [-74.0510571, 4.6535854], [-74.0510691, 4.6534921], [-74.0510611, 4.6534001], [-74.0510411, 4.6533254], [-74.0510009, 4.6532401], [-74.0509154, 4.6531268], [-74.0506198, 4.6528296], [-74.0501757, 4.6523966]]"
28350829,2822810518,3510542720,8.633750528548832,0.010360500634258599,0.0,30.0,baja,True,0,residencial,Carrera 1 Este,2.0,True,False,[],
534631724,2822810518,2822810491,7.0241174649790405,0.008428940957974848,0.0,30.0,baja,True,0,primaria,Avenida Carrera 1,2.0,True,False,[],
293331928,2822810522,3511347700,40.92002686554333,0.049104032238652,0.0,30.0,baja,True,0,residencial,Diagonal 75,2.0,False,False,[],"[[-74.0503295, 4.6549826], [-74.0503642, 4.6550846], [-74.0504481, 4.6553311]]"
89617889#1,2822810532,450845438,91.58988250462778,0.10990785900555333,0.0,30.0,baja,True,0,residencial,Carrera 6,2.0,False,False,[],"[[-74.0496424, 4.6610109], [-74.0495022, 4.6611712], [-74.0491059, 4.6616374]]"
737626236,2861241572,6906306853,67.88680477782724,0.0814641657333927,0.0,30.0,baja,True,0,residencial,Calle 79B,2.0,False,False,[],
528759862,2861241572,314145295,30.167058687486097,0.03620047042498332,0.0,30.0,baja,True,0,residencial,Calle 79B,2.0,True,False,[],"[[-74.0661561, 4.6719684], [-74.0661138, 4.6719716], [-74.0660885, 4.6719682], [-74.066056, 4.6719576], [-74.0659981, 4.6719329], [-74.0658992, 4.671892]]"
89875033#1,2862531835,283342323,53.40436197153794,0.06408523436584553,0.0,30.0,baja,True,0,residencial,Carrera 22,2.0,True,False,[],"[[-74.0704807, 4.6547728], [-74.0704999, 4.6546509], [-74.0705641, 4.6542998]]"
89875274#3,2862531837,255471033,57.40308003607147,0.06888369604328577,0.0,30.0,baja,True,0,residencial,Carrera 22,2.0,True,False,[],
386281322#1,2862531837,312656483,77.13960695332106,0.09256752834398527,0.0,30.0,baja,True,0,residencial,Calle 65,2.0,False,False,[],
386281322#2,2862531837,7603122596,36.25977233086195,0.04351172679703434,0.0,30.0,baja,True,0,residencial,Calle 65,2.0,False,False,[],
1064447341,2862531849,12496016372,92.09548157495539,0.11051457788994645,0.0,50.0,baja,True,0,secundaria,Avenida Carrera 24,3.0,True,False,[],"[[-74.0675363, 4.6622613], [-74.0674702, 4.6623687], [-74.06739, 4.6625006], [-74.0672227, 4.6627685], [-74.0671428, 4.6628911], [-74.0671266, 4.6629159], [-74.0670956, 4.6629634]]"
282326393,2862531856,2862531857,47.000538879358366,0.056400646655230036,0.0,30.0,baja,True,0,residencial,Carrera 20A Bis,2.0,False,False,[],"[[-74.0624439, 4.6624363], [-74.0624283, 4.6624616], [-74.0622215, 4.6627962]]"
1552943266,2862531856,12594549131,48.37060555069457,0.05804472666083348,0.0,30.0,baja,True,0,terciaria,Calle 74,2.0,True,False,[],"[[-74.0624439, 4.6624363], [-74.0621362, 4.6622352], [-74.0621122, 4.6622195], [-74.0620787, 4.6621981]]"
282326393#1,2862531857,2862531856,47.000538879358366,0.056400646655230036,0.0,30.0,baja,True,0,residencial,Carrera 20A Bis,2.0,False,False,[],"[[-74.0622215, 4.6627962], [-74.0624283, 4.6624616], [-74.0624439, 4.6624363]]"
1062826274#1,2862531863,312649221,53.92630043835898,0.06471156052603078,0.0,30.0,baja,True,0,residencial,Calle 75,2.0,True,False,[],"[[-74.0643698, 4.6650068], [-74.0647393, 4.6652433], [-74.0647792, 4.6652689]]"
282326395,2862531864,2862531863,62.2253923103363,0.07467047077240356,0.0,30.0,baja,True,0,residencial,Carrera 22,2.0,True,False,[],"[[-74.06467, 4.6645339], [-74.0646457, 4.6645722], [-74.0644016, 4.6649568], [-74.0643698, 4.6650068]]"
"[1375890330, 1062826274, 89890198, 1388531031]",2862531864,2862531863,180.4867757644713,0.21658413091736559,0.0,30.0,baja,True,0,residencial,Carrera 22,2.0,True,False,[],"[[-74.06467, 4.6645339], [-74.0646457, 4.6645722], [-74.0644016, 4.6649568], [-74.0643698, 4.6650068]]"
"[1018285307, 913910493, 827211078]",2862531870,3879238831,295.31046975593244,0.3543725637071189,0.0,60.0,baja,True,0,troncal,Avenida Calle 80,,True,False,[],"[[-74.0610399, 4.6658443], [-74.0609781, 4.6658178], [-74.0609014, 4.6657924], [-74.0608612, 4.6657851], [-74.060821, 4.6657777], [-74.0607887, 4.6657814], [-74.0607608, 4.6657906], [-74.0607221, 4.6658093], [-74.0606879, 4.6658336], [-74.0606362, 4.6658777], [-74.0606047, 4.6659225], [-74.0605802, 4.665968], [-74.0605638, 4.6660188], [-74.0605403, 4.6661161], [-74.0604955, 4.6663771], [-74.0604593, 4.6665803], [-74.0604258, 4.6667394], [-74.0603909, 4.6669078], [-74.0603487, 4.6670588], [-74.0603188, 4.6671494], [-74.0601923, 4.667481], [-74.0601659, 4.6676114], [-74.0600875, 4.6680109]]"
1008936092,2862531870,9831770472,65.11011930072553,0.07813214316087064,0.0,45.0,baja,True,0,terciaria,Carrera 20B,1.0,True,False,[],"[[-74.0610399, 4.6658443], [-74.0610705, 4.6656532], [-74.0610966, 4.6655305], [-74.0611109, 4.6654788], [-74.0611362, 4.6654078], [-74.0611645, 4.6653513], [-74.0612042, 4.6652882]]"
1344573786#1,2862666193,314146079,53.46590472387068,0.06415908566864481,0.0,30.0,baja,True,0,residencial,Carrera 21,2.0,False,False,[],
"[282340554, 246247643]#1",2862666195,2533080950,109.93545130812822,0.13192254156975386,0.0,30.0,baja,True,0,residencial,Carrera 21,2.0,False,False,[],"[[-74.0609667, 4.669274], [-74.0610191, 4.6693215], [-74.060963, 4.6697261], [-74.0605337, 4.6696605], [-74.0604577, 4.6696481]]"
37637374#1,3196497180,441217422,151.19784011885787,0.18143740814262943,0.0,30.0,baja,True,0,residencial,Diagonal 74,2.0,False,False,[],"[[-74.0540414, 4.6570558], [-74.0539684, 4.6569946], [-74.0539011, 4.6569536], [-74.0537761, 4.6568949], [-74.0536308, 4.6568632], [-74.0534194, 4.6568534], [-74.0532872, 4.6568665], [-74.0531589, 4.6568891], [-74.0530213, 4.6569404], [-74.0527758, 4.6570468], [-74.0527626, 4.6570504]]"
341209367#1,3196497180,3196497182,137.52481294501317,0.16502977553401582,0.0,50.0,baja,True,0,primaria,Avenida Carrera 7,3.0,True,False,[],"[[-74.0540414, 4.6570558], [-74.05389, 4.6572763], [-74.0538165, 4.6573833], [-74.053422, 4.6579578], [-74.0533405, 4.6580764]]"
341209367#2,3196497181,3196497180,42.29948817803117,0.050759385813637405,0.0,50.0,baja,True,0,primaria,Avenida Carrera 7,3.0,True,False,[],
24381666#2,3196497181,264552907,157.9208919520722,0.18950507034248665,0.0,30.0,baja,True,0,residencial,Calle 74,,True,False,[],"[[-74.054257, 4.6567419], [-74.0542216, 4.6567173], [-74.053562, 4.6562747], [-74.0532521, 4.6560663], [-74.0531044, 4.6559815], [-74.0530844, 4.6559701], [-74.0530677, 4.6559605]]"
341209367#3,3196497182,2045404055,92.8197407354952,0.11138368888259424,0.0,50.0,baja,True,0,primaria,Avenida Carrera 7,3.0,True,False,[],"[[-74.0533405, 4.6580764], [-74.05319, 4.6582969], [-74.0530368, 4.6584876], [-74.0529846, 4.6585467], [-74.0529358, 4.658602], [-74.0528186, 4.6587274]]"
28350974,3197009590,450845528,50.63203068107301,0.06075843681728762,0.0,45.0,baja,True,0,terciaria,Calle 77,1.0,True,False,[],"[[-74.052182, 4.6594], [-74.0521503, 4.6593715], [-74.0520374, 4.6593045], [-74.0519864, 4.6592697], [-74.0519449, 4.6592549], [-74.0519026, 4.659239], [-74.0518624, 4.6592377], [-74.051779, 4.6592751]]"
"[1041518478, 1176617726]",3197009590,3197009592,286.23604869770276,0.3434832584372433,0.0,50.0,baja,True,0,primaria,Avenida Carrera 7,3.0,True,False,[],"[[-74.052182, 4.6594], [-74.0520442, 4.6595359], [-74.0517469, 4.6598182], [-74.0514795, 4.6600575], [-74.051466, 4.6600733], [-74.0509462, 4.6605701], [-74.0508558, 4.6606631], [-74.0505555, 4.6609495], [-74.0503879, 4.6611143], [-74.0503189, 4.6611821]]"
1041518477,3197009592,465823484,13.30585692622106,0.01596702831146527,0.0,45.0,baja,True,0,terciaria,Calle 79B,2.0,True,False,[],"[[-74.0503189, 4.6611821], [-74.0503854, 4.6612469], [-74.0504048, 4.6612657]]"
1197455746,3197009592,3197029612,128.3836602834964,0.1540603923401957,0.0,60.0,baja,True,0,primaria,Avenida Carrera 7,3.0,True,False,[],"[[-74.0503189, 4.6611821], [-74.0501228, 4.6613951], [-74.0495358, 4.6620329]]"
28351010#1,3197029612,450845438,64.96936385781927,0.07796323662938312,0.0,30.0,baja,True,0,residencial,Calle 80A,2.0,False,False,[],"[[-74.0495358, 4.6620329], [-74.0495165, 4.6620032], [-74.0491059, 4.6616374]]"
1011068541,3197029612,253848095,46.82022012426867,0.05618426414912241,0.0,30.0,baja,True,0,otro,,1.0,True,False,[],"[[-74.0495358, 4.6620329], [-74.0494418, 4.6622158], [-74.0493799, 4.6622864], [-74.0493584, 4.6623177], [-74.0493524, 4.6623403], [-74.0493524, 4.6623551], [-74.0493606, 4.6623716], [-74.0493597, 4.6623778], [-74.0493685, 4.6623969]]"
24645348#1,3273685738,5113425991,139.17513976732334,0.167010167720788,0.0,30.0,baja,True,0,residencial,Carrera 13,,True,False,[],
320735960,3273685738,3273727337,214.43203879149547,0.2573184465497946,0.0,30.0,baja,True,0,residencial,Calle 87,,True,False,[],
320735960#1,3273727337,9414750705,7.756578715092989,0.009307894458111586,0.0,30.0,baja,True,0,residencial,Calle 87,,True,False,[],
749301974,3273727337,9322208681,66.64608784066206,0.07997530540879447,0.0,30.0,baja,True,0,residencial,Carrera 11A,,True,False,[],
89582587,3353441402,5113425991,71.1485809362107,0.08537829712345285,0.0,30.0,baja,True,0,residencial,Calle 86A,2.0,True,False,[],
276269691#3,3353441402,2811229875,8.813673034868241,0.010576407641841888,0.0,30.0,baja,True,0,residencial,Carrera 12,2.0,False,False,[],
"[38827529, 38827530, 89623403, 1019629302]#1",3510543811,460921936,265.8521203413563,0.3190225444096276,0.0,30.0,baja,True,0,residencial,Calle 72A,2.0,False,False,[],"[[-74.0502081, 4.6536608], [-74.0501566, 4.6536645], [-74.0498697, 4.6535817], [-74.0496938, 4.653506], [-74.0495772, 4.653433], [-74.0494789, 4.6532873], [-74.0494483, 4.6531624], [-74.0494582, 4.653078], [-74.0494676, 4.6530178], [-74.0495051, 4.6529476], [-74.0495635, 4.6528547], [-74.0496419, 4.6527979], [-74.0497573, 4.6527832], [-74.0498532, 4.6527965], [-74.0499645, 4.6528533], [-74.050175, 4.6529817], [-74.0502742, 4.6530245], [-74.0503579, 4.6530066], [-74.0504308, 4.6529679], [-74.0504854, 4.6529331], [-74.0505316, 4.6529037]]"
"[24715593, 28350804]#1",3510543813,268383722,150.42767975730638,0.18051321570876766,0.0,30.0,baja,True,0,residencial,Carrera 1A,2.0,False,False,[],"[[-74.0499706, 4.6555306], [-74.0498503, 4.6555986], [-74.0498042, 4.6556636], [-74.0495389, 4.6562054], [-74.0490871, 4.6559947], [-74.049055, 4.6559797]]"
344856043#1,3510543813,2822810518,101.23195292416342,0.12147834350899611,0.0,45.0,baja,True,0,terciaria,Diagonal 76,2.0,True,False,[],"[[-74.0499706, 4.6555306], [-74.0497745, 4.6547509], [-74.0497535, 4.6547105], [-74.0497426, 4.654694], [-74.049717, 4.6546615]]"
38243472,3510543814,450845537,14.220516737254373,0.01706462008470525,0.0,30.0,baja,True,0,residencial,Carrera 2,2.0,True,False,[],"[[-74.0496839, 4.6578285], [-74.0496522, 4.6577865], [-74.0496347, 4.6577608], [-74.0496177, 4.6577199]]"
1349932276,3510543814,269720678,39.80562411740428,0.04776674894088514,0.0,30.0,baja,True,0,terciaria,Calle 77,2.0,True,False,[],"[[-74.0496839, 4.6578285], [-74.0497237, 4.6578352], [-74.0497687, 4.6578479], [-74.0498509, 4.6578808], [-74.0500172, 4.657958]]"
28159984#1,3510543816,309298977,163.39607559284553,0.19607529071141463,0.0,45.0,baja,True,0,terciaria,Carrera 4,2.0,False,False,[],"[[-74.0490556, 4.6597117], [-74.0491807, 4.6596753], [-74.0493148, 4.6596516], [-74.0494033, 4.6596226], [-74.0494748, 4.6595679], [-74.0496376, 4.659403], [-74.0498799, 4.6591353], [-74.0501716, 4.6588195]]"
1049685121,3510790597,311366871,33.973642349599565,0.04076837081951948,0.0,30.0,baja,True,0,terciaria,Calle 72,2.0,True,False,[],
1012227777,3510790597,5106063296,20.392118378766966,0.02447054205452036,0.0,30.0,baja,True,0,otro,,1.0,True,False,[],"[[-74.0516842, 4.6525073], [-74.0517336, 4.65249], [-74.0517742, 4.6524629], [-74.0518268, 4.6523992]]"
"[344504962, 89623395]#1",3511346216,439749230,139.09131608695952,0.1669095793043514,0.0,30.0,baja,True,0,residencial,Carrera 1,2.0,False,False,[],"[[-74.0502074, 4.650903], [-74.0503448, 4.6511277], [-74.0503701, 4.651155], [-74.0503936, 4.6511725], [-74.0504288, 4.6511875], [-74.0504875, 4.6511995], [-74.0505438, 4.6512019], [-74.0506203, 4.6511872], [-74.050804, 4.651137], [-74.0509167, 4.6511023], [-74.0510286, 4.6510635], [-74.0512744, 4.6509648]]"
38243478#1,3511347700,3511348996,5.803529243688587,0.006964235092426304,0.0,30.0,baja,True,0,residencial,Carrera 2,2.0,True,False,[],
293331928#1,3511347700,2822810522,40.92002686554333,0.049104032238652,0.0,30.0,baja,True,0,residencial,Diagonal 75,2.0,False,False,[],"[[-74.0504481, 4.6553311], [-74.0503642, 4.6550846], [-74.0503295, 4.6549826]]"
24690446,3511348996,3510543813,54.01917818292721,0.06482301381951266,0.0,30.0,baja,True,0,residencial,Transversal 1A,2.0,True,False,[],"[[-74.0504264, 4.6553786], [-74.0503745, 4.6553701], [-74.0499706, 4.6555306]]"
89623544,3526449116,5686336987,57.269889948240674,0.06872386793788882,0.0,50.0,baja,True,0,primaria,Avenida Carrera 7,3.0,True,False,[],"[[-74.0556272, 4.6540685], [-74.0555494, 4.6542055], [-74.0554817, 4.6543272], [-74.0554288, 4.6544356], [-74.0553894, 4.6545253]]"
24645335#1,3539023323,2807695216,114.03970991795077,0.13684765190154094,0.0,30.0,baja,True,0,residencial,Carrera 14,2.0,True,False,[],"[[-74.0554685, 4.6672535], [-74.0554485, 4.6672932], [-74.0550071, 4.6681702]]"
366401397#3,3539023323,267899265,70.71533172801756,0.08485839807362106,0.0,30.0,baja,True,0,secundaria,Calle 82,2.0,True,False,[],"[[-74.0554685, 4.6672535], [-74.0549425, 4.6669324], [-74.0549244, 4.6669213]]"
366401397#4,3539023324,3539023323,21.417564166456454,0.025701076999747743,0.0,30.0,baja,True,0,secundaria,Calle 82,2.0,True,False,[],
23439960#1,3539023324,253848294,82.77189925107221,0.09932627910128665,0.0,30.0,baja,True,0,residencial,Carrera 14,2.0,False,False,[],"[[-74.0556333, 4.6673541], [-74.0556626, 4.6673026], [-74.0559962, 4.6667035]]"
856965797#2,3582215693,851224198,69.84466746287109,0.08381360095544531,0.0,30.0,baja,True,0,secundaria,Calle 76,4.0,True,False,[],
375276916#2,3582216695,260487059,29.72082990078058,0.0356649958809367,0.0,30.0,baja,True,0,residencial,Calle 75,2.0,True,False,[],
352419384,3582216695,354856189,36.9406676123749,0.04432880113484988,0.0,30.0,baja,True,0,residencial,Diagonal 74 Bis,2.0,True,False,[],"[[-74.0620397, 4.6634942], [-74.0621088, 4.6634897], [-74.0623723, 4.6634724]]"
1057643948,3582229694,268231899,74.38369213031042,0.08926043055637249,0.0,30.0,baja,True,0,residencial,Carrera 12,2.0,True,False,[],
1057643953,3582229694,3582229695,7.563267161213808,0.00907592059345657,0.0,30.0,baja,True,0,residencial,Calle 70A,2.0,False,False,[],
1389975998,3582229694,7596046159,6.523263491645076,0.007827916189974091,0.0,30.0,baja,True,0,residencial,Calle 70A,2.0,False,False,[],
352420575,3582229695,2807673253,76.60884008434093,0.09193060810120911,0.0,30.0,baja,True,0,residencial,Carrera 12,,True,False,[],
1057643953#1,3582229695,3582229694,7.563267161213808,0.00907592059345657,0.0,30.0,baja,True,0,residencial,Calle 70A,2.0,False,False,[],
1057643953#2,3582229695,12288332429,157.1701563612246,0.18860418763346953,0.0,30.0,baja,True,0,residencial,Calle 70A,2.0,False,False,[],
352406369,3642899689,884900212,117.50986874974184,0.1410118424996902,0.0,30.0,baja,True,0,residencial,Carrera 26,2.0,True,False,[],"[[-74.0686406, 4.6627983], [-74.0680768, 4.6636197], [-74.0680419, 4.6636705]]"
708098548#3,3642899689,312660426,60.7146483529227,0.07285757802350724,0.0,30.0,baja,True,0,residencial,Calle 71B,2.0,False,False,[],"[[-74.0686406, 4.6627983], [-74.0690077, 4.6630545], [-74.0690516, 4.6631437]]"
1014920974,3665185928,253762149,20.433366309431747,0.024520039571318094,0.0,30.0,baja,True,0,terciaria,Carrera 14,3.0,True,False,[],
1042462624,3705876603,265580307,8.228635892459678,0.009874363070951615,0.0,30.0,baja,True,0,secundaria,Calle 82,2.0,True,False,[],
1042462625,3705876603,2807693397,25.874020167074494,0.03104882420048939,0.0,30.0,baja,True,0,secundaria,Avenida Carrera 11,2.0,True,False,[],
23430419#7,3850795880,312663066,39.107992697275826,0.046929591236730996,0.0,30.0,baja,True,0,terciaria,Calle 74,2.0,True,False,[],
856965789#11,3850795880,312663049,59.22015412588924,0.07106418495106709,0.0,30.0,baja,True,0,residencial,Carrera 26,2.0,False,False,[],
914963960,3861884463,13281957919,168.46455961788004,0.20215747154145605,0.0,50.0,baja,True,0,secundaria,Avenida Calle 72,3.0,True,False,[],"[[-74.0556972, 4.6551831], [-74.0568071, 4.655968], [-74.0568701, 4.6560126], [-74.0569369, 4.6560598]]"
89875053#1,3874228622,13441319707,97.88496492919771,0.11746195791503726,0.0,30.0,baja,True,0,residencial,Calle 63C,2.0,True,False,[],"[[-74.0671501, 4.6526906], [-74.0671101, 4.6526833], [-74.066349, 4.6525482], [-74.0662806, 4.6525361]]"
1408392713#1,3874228622,283342322,43.90257563218296,0.05268309075861955,0.0,30.0,baja,True,0,secundaria,Avenida Carrera 17,3.0,True,False,[],"[[-74.0671501, 4.6526906], [-74.0671412, 4.6527384], [-74.0670854, 4.6530356], [-74.0670773, 4.6530787]]"
1018285307,3879238831,5113324383,27.617661359640348,0.033141193631568415,0.0,60.0,baja,True,0,troncal,Avenida Carrera 20,5.0,True,False,[],
28596222#1,3883728819,314146484,107.81739895933164,0.12938087875119797,0.0,30.0,baja,True,0,residencial,Calle 83 Bis,2.0,False,False,[],"[[-74.0641666, 4.6714518], [-74.0636155, 4.6713897], [-74.0632796, 4.6713517], [-74.0631999, 4.6713429]]"
"[89901673, 28596234]",3883728819,5539187633,213.3222387589181,0.2559866865107017,0.0,30.0,baja,True,0,residencial,Carrera 27,2.0,False,False,[],"[[-74.0641666, 4.6714518], [-74.0642509, 4.6705657], [-74.0642533, 4.6705141], [-74.0642433, 4.670481], [-74.0642226, 4.670448], [-74.0641942, 4.6704308], [-74.0641638, 4.6704176], [-74.0641292, 4.6704062], [-74.0635374, 4.670347], [-74.0633979, 4.6703331], [-74.0633298, 4.6703263]]"
472038862,3885544407,13859007793,114.23425384211292,0.1370811046105355,0.0,30.0,baja,True,0,residencial,Carrera 21,,False,False,[],
23430419#8,3889577672,312661326,57.367873894620864,0.06884144867354504,0.0,30.0,baja,True,0,terciaria,Calle 74,2.0,True,False,[],"[[-74.0682187, 4.666191], [-74.0678303, 4.6659411], [-74.0677838, 4.6659112]]"
41088769#3,3889577672,312661324,91.39690187420119,0.10967628224904143,0.0,30.0,baja,True,0,residencial,Carrera 27B,2.0,False,False,[],"[[-74.0682187, 4.666191], [-74.0682659, 4.6661285], [-74.068688, 4.6655152]]"
53745821,3894496011,7596046161,76.43437261480771,0.09172124713776927,0.0,30.0,baja,True,0,residencial,Calle 69 Bis,2.0,False,False,[],
343732312#1,3896037446,3896037447,5.14902843118549,0.0061788341174225875,0.0,50.0,baja,True,0,secundaria,Avenida Calle 68,3.0,True,False,[],
174011299#3,3896037447,1847559956,166.57037344551523,0.19988444813461825,0.0,30.0,baja,True,0,residencial,Carrera 26,2.0,False,False,[],"[[-74.0706076, 4.6597529], [-74.0705677, 4.6598143], [-74.0697913, 4.6610107]]"
89623544#1,3938583880,3938622448,114.72059310765944,0.1376647117291913,0.0,50.0,baja,True,0,primaria,Avenida Carrera 7,3.0,True,False,[],
958632476,3938583880,266891706,14.547220398213618,0.01745666447785634,0.0,30.0,baja,True,0,residencial,Calle 70,2.0,True,False,[],"[[-74.0564492, 4.6527407], [-74.0565191, 4.6527905], [-74.0565568, 4.6528156]]"
89623386,3938583881,435197562,101.38553248277137,0.12166263897932564,0.0,30.0,baja,True,0,residencial,Calle 69A,2.0,True,False,[],"[[-74.056729, 4.652289], [-74.0566845, 4.6522623], [-74.0565594, 4.6521915], [-74.0559456, 4.6518183]]"
375277482,3938583881,5105816008,52.03144502240163,0.06243773402688196,0.0,50.0,baja,True,0,primaria,Avenida Carrera 7,2.0,True,False,[],"[[-74.056729, 4.652289], [-74.0565271, 4.6526131], [-74.0564813, 4.6526865]]"
375277482#1,3938583883,3938583881,62.853980729927905,0.07542477687591348,0.0,50.0,baja,True,0,primaria,Avenida Carrera 7,2.0,True,False,[],"[[-74.0570412, 4.6518171], [-74.0569908, 4.6518933], [-74.0568047, 4.6521745], [-74.056729, 4.652289]]"
249087775#1,3938583884,312650439,74.68548739490278,0.08962258487388335,0.0,30.0,baja,True,0,residencial,Calle 68,2.0,True,False,[],"[[-74.0576014, 4.6511712], [-74.0575419, 4.6511373], [-74.0574813, 4.6511028], [-74.0573965, 4.6510547], [-74.0572995, 4.6510028], [-74.0572153, 4.6509676], [-74.0571105, 4.6509334], [-74.0569879, 4.6509031]]"
375277482#2,3938583884,3938583883,95.22789180860973,0.11427347017033167,0.0,50.0,baja,True,0,primaria,Avenida Carrera 7,2.0,True,False,[],"[[-74.0576014, 4.6511712], [-74.0574625, 4.6513036], [-74.0574374, 4.6513275], [-74.0573673, 4.6513983], [-74.0573028, 4.651469], [-74.0572482, 4.651535], [-74.0572044, 4.651588], [-74.0571161, 4.6517157], [-74.0570412, 4.6518171]]"
89623544#2,3938622448,3526449116,58.7766123899945,0.07053193486799339,0.0,50.0,baja,True,0,primaria,Avenida Carrera 7,3.0,True,False,[],"[[-74.0559019, 4.6536164], [-74.0558227, 4.6537426], [-74.0557708, 4.6538254], [-74.0557229, 4.6539061], [-74.0556272, 4.6540685]]"
249087765,3938622448,311361335,181.94422431113966,0.2183330691733676,0.0,30.0,baja,True,0,residencial,Calle 70A,2.0,True,False,[],"[[-74.0559019, 4.6536164], [-74.0558523, 4.6535865], [-74.0545288, 4.6527816], [-74.0545004, 4.6527643]]"
344310234#1,4076489300,269720678,110.60039557723263,0.13272047469267914,0.0,30.0,baja,True,0,residencial,Carrera 3,2.0,False,False,[],"[[-74.0493007, 4.6586501], [-74.0498245, 4.6581328], [-74.0500172, 4.657958]]"
89878259#2,4147203407,373376115,79.96713681928975,0.0959605641831477,0.0,30.0,baja,True,0,residencial,Carrera 14A,2.0,True,False,[],
1328179645,4147203407,12288332443,63.25679911432766,0.07590815893719319,0.0,30.0,baja,True,0,residencial,Calle 70A,2.0,False,False,[],
935564493,4147203407,310000249,65.77502230667932,0.0789300267680152,0.0,30.0,baja,True,0,residencial,Calle 70A,2.0,True,False,[],"[[-74.0630084, 4.6573746], [-74.0634365, 4.657455], [-74.0634836, 4.6574695], [-74.0635239, 4.6574868], [-74.0635797, 4.6575194]]"
89901669,4160411154,5539186912,79.56634473631127,0.09547961368357351,0.0,50.0,baja,True,0,secundaria,Avenida Carrera 24,3.0,True,False,[],"[[-74.0635498, 4.6686911], [-74.0635956, 4.6686019], [-74.0636682, 4.668478], [-74.063762, 4.6683304], [-74.0639267, 4.6680827]]"
25973483,5102158168,268383664,55.73152589533107,0.06687783107439728,0.0,30.0,baja,True,0,terciaria,Calle 63D,1.0,True,False,[],
89874833#2,5102158168,1041714708,107.5277043605703,0.12903324523268436,0.0,30.0,baja,True,0,residencial,Carrera 19,2.0,True,False,[],"[[-74.0683725, 4.6538915], [-74.06836, 4.6538213], [-74.0683584, 4.6537651], [-74.0685195, 4.6529411]]"
601899187#1,5102158168,283342324,108.73086996682831,0.13047704396019397,0.0,30.0,baja,True,0,terciaria,Calle 64,2.0,True,False,[],"[[-74.0683725, 4.6538915], [-74.0685201, 4.6540357], [-74.0686173, 4.6541205], [-74.0690362, 4.6544208], [-74.0691085, 4.6544755], [-74.0691391, 4.6544987]]"
958632475,5105816008,3938583880,6.998465318007104,0.008398158381608525,0.0,50.0,baja,True,0,primaria,Avenida Carrera 7,2.0,True,False,[],
935459613,5105816016,266891797,186.89343227228142,0.22427211872673772,0.0,60.0,baja,True,0,primaria,Avenida Carrera 7,2.0,True,False,[],"[[-74.056593, 4.6527571], [-74.0566402, 4.6526808], [-74.0567245, 4.6525445], [-74.0569408, 4.6522093], [-74.057122, 4.651931], [-74.057198, 4.651817], [-74.057275, 4.6517058], [-74.0573682, 4.6515872], [-74.0574563, 4.6514857], [-74.0575555, 4.6513812]]"
1041518479,5105816016,5105816008,14.658901906174883,0.017590682287409863,0.0,30.0,baja,True,0,residencial,Calle 70,2.0,True,False,[],"[[-74.056593, 4.6527571], [-74.0565544, 4.6527329], [-74.0564813, 4.6526865]]"
1010361524,5105853686,2815920123,29.163500151060227,0.034996200181272266,0.0,45.0,baja,True,0,terciaria,Avenida Calle 72,2.0,True,False,[],"[[-74.0532172, 4.6531633], [-74.0533198, 4.6532145], [-74.0533537, 4.6532306], [-74.0534002, 4.6532526], [-74.0534524, 4.6532808]]"
1012227774,5105853686,7989874617,18.524819657981737,0.022229783589578084,0.0,45.0,baja,True,0,terciaria,Carrera 4,2.0,True,False,[],"[[-74.0532172, 4.6531633], [-74.0531895, 4.6532036], [-74.0531745, 4.6532257], [-74.0531651, 4.6532406], [-74.0531478, 4.6532734], [-74.053135, 4.6533075]]"
"[28350709, 89623486]#1",5106063296,439749230,323.59470219189024,0.3883136426302683,0.0,30.0,baja,True,0,residencial,Calle 70A,2.0,False,False,[],"[[-74.0518268, 4.6523992], [-74.0518544, 4.6523388], [-74.0518855, 4.6522837], [-74.0519103, 4.6522559], [-74.0520034, 4.652215], [-74.0521097, 4.6521988], [-74.052171, 4.6521783], [-74.0522283, 4.6521417], [-74.0522878, 4.6520838], [-74.052352, 4.651971], [-74.0524896, 4.6517044], [-74.0524797, 4.6516064], [-74.0524594, 4.6515462], [-74.0524417, 4.6515087], [-74.0524222, 4.651485], [-74.0523939, 4.6514679], [-74.0523761, 4.6514575], [-74.0523345, 4.6514482], [-74.052306, 4.6514498], [-74.0522859, 4.6514482], [-74.052265, 4.6514473], [-74.052238, 4.651454], [-74.0522043, 4.651471], [-74.0521667, 4.6515032], [-74.051853, 4.6516983], [-74.0518026, 4.6516989], [-74.0517663, 4.6516996], [-74.0517436, 4.6516945], [-74.0516882, 4.6516838], [-74.0516443, 4.6516616], [-74.051591, 4.6516057], [-74.0515229, 4.6514977], [-74.0512744, 4.6509648]]"
1030194572#1,5106063296,311366871,30.29068739819008,0.0363488248778281,0.0,30.0,baja,True,0,residencial,Calle 72,2.0,False,False,[],"[[-74.0518268, 4.6523992], [-74.0518347, 4.6524536], [-74.0518517, 4.6524904], [-74.0518724, 4.6525185], [-74.0519095, 4.6525537], [-74.0519675, 4.652624]]"
524762363#1,5106175952,266892231,94.75590683661663,0.11370708820393997,0.0,30.0,baja,True,0,residencial,Carrera 10,2.0,False,False,[],
24411985,5106175952,852230584,35.18046992792576,0.04221656391351092,0.0,30.0,baja,True,0,residencial,Carrera 10,2.0,True,False,[],"[[-74.0607577, 4.6529055], [-74.0608095, 4.6528212], [-74.0608171, 4.6527823], [-74.0608026, 4.6527502], [-74.0606813, 4.6526744]]"
343732312#2,5106387334,3896037446,57.64025176531114,0.06916830211837337,0.0,50.0,baja,True,0,secundaria,Avenida Calle 68,3.0,True,False,[],"[[-74.0701491, 4.6594212], [-74.0703453, 4.6595632], [-74.07057, 4.6597257]]"
381869181#3,5106387334,1041859313,166.28203162925647,0.19953843795510778,0.0,30.0,baja,True,0,residencial,Carrera 25,2.0,False,False,[],"[[-74.0701491, 4.6594212], [-74.0701124, 4.6594791], [-74.0693531, 4.6606888]]"
89890321#3,5106387352,312656220,60.183869005534845,0.07222064280664181,0.0,30.0,baja,True,0,residencial,Calle 71A,2.0,True,False,[],
625458509,5106387352,5145689454,67.95099177218643,0.08154119012662371,0.0,30.0,baja,True,0,residencial,Diagonal 71A Bis,2.0,False,False,[],"[[-74.0652828, 4.6607772], [-74.0651735, 4.6609526], [-74.0652659, 4.6613466]]"
525003938,5108100509,7732802571,55.59098644874704,0.06670918373849645,0.0,40.0,baja,True,0,otro,,1.0,True,False,[],"[[-74.0635855, 4.6683919], [-74.0635266, 4.668442], [-74.0634744, 4.668478], [-74.0634055, 4.6685059], [-74.0633406, 4.6685204], [-74.063282, 4.6685233], [-74.06326, 4.6685196], [-74.0632224, 4.6685133], [-74.0631619, 4.6684959], [-74.063127, 4.6684816]]"
910966575,5108100509,13383492230,50.80097159314356,0.060961165911772267,0.0,50.0,baja,True,0,secundaria,Avenida Carrera 24,3.0,True,False,[],"[[-74.0635855, 4.6683919], [-74.063434, 4.6686509], [-74.0634013, 4.6687168], [-74.063396, 4.668732], [-74.0633729, 4.6687954]]"
"[1305483433, 525060438]",5108556092,851251645,181.53558720325222,0.21784270464390265,0.0,70.0,baja,True,0,troncal,Avenida Calle 80,2.0,True,False,[],"[[-74.061066, 4.6662602], [-74.0613175, 4.6666451], [-74.0613629, 4.6667146], [-74.0614639, 4.6668574], [-74.061547, 4.6669809], [-74.0616383, 4.6670976], [-74.0620281, 4.6675794]]"
24032103#1,5108556106,865639668,49.07357273758468,0.05888828728510161,0.0,40.0,baja,True,0,otro,,1.0,True,False,[],
913910494,5108556106,2862531870,137.39961445538148,0.16487953734645777,0.0,70.0,baja,True,0,troncal,Avenida Calle 80,3.0,True,False,[],"[[-74.0617883, 4.6668223], [-74.0616486, 4.6666695], [-74.061527, 4.666528], [-74.0614113, 4.6663638], [-74.0611718, 4.6659853], [-74.0611442, 4.6659451], [-74.0610997, 4.6658908], [-74.0610746, 4.6658691], [-74.0610399, 4.6658443]]"
89901687,5108574984,12440876779,238.22884663743085,0.28587461596491703,0.0,70.0,baja,True,0,troncal,Avenida Calle 80,3.0,True,False,[],"[[-74.0636927, 4.6696067], [-74.0638091, 4.6697448], [-74.0639006, 4.6698537], [-74.0639811, 4.6699525], [-74.0641501, 4.6701596], [-74.0643162, 4.6703631], [-74.0643405, 4.6703929], [-74.0644195, 4.6704897], [-74.0645079, 4.670598], [-74.0645498, 4.6706487], [-74.0649159, 4.6711098], [-74.0649649, 4.6711715], [-74.0650448, 4.6712721]]"
627031726#1,5113324383,2180186978,46.494033103603854,0.055792839724324625,0.0,50.0,baja,True,0,secundaria,Avenida Carrera 20,2.0,True,False,[],
89606502,5113324383,12483781990,138.88621822709376,0.16666346187251252,0.0,60.0,baja,True,0,troncal,Avenida Carrera 20,3.0,True,False,[],"[[-74.0600374, 4.6682542], [-74.0599893, 4.6686336], [-74.0599685, 4.6688937], [-74.0599469, 4.6692944], [-74.0599426, 4.6694231], [-74.0599401, 4.6694987]]"
89582587#1,5113425921,3353441402,148.15194005658552,0.17778232806790262,0.0,30.0,baja,True,0,residencial,Calle 86A,2.0,True,False,[],
856981373#1,5113425921,375476085,7.621707961104279,0.009146049553325136,0.0,30.0,baja,True,0,residencial,,,True,False,[],"[[-74.0508796, 4.6701303], [-74.0508897, 4.6701211], [-74.0508968, 4.6701093], [-74.0509003, 4.6700961], [-74.0508999, 4.6700823], [-74.0508956, 4.6700693]]"
89582588#1,5113425931,311375156,214.95277787083998,0.25794333344500797,0.0,30.0,baja,True,0,residencial,Calle 87,1.0,True,False,[],
749301974#1,5113425931,3273727337,10.464899687224946,0.012557879624669937,0.0,30.0,baja,True,0,residencial,Carrera 11A,,True,False,[],
1446437118,5113425991,6064115403,15.755731872691312,0.01890687824722958,0.0,30.0,baja,True,0,residencial,Calle 86A,2.0,True,False,[],
89901736#21,5113654924,312649661,40.77567174311581,0.04893080609173897,0.0,30.0,baja,True,0,residencial,Calle 77,2.0,False,False,[],
33085900,5113798176,5143754204,29.249405214194308,0.035099286257033166,0.0,30.0,baja,True,0,residencial,Calle 70,2.0,False,False,[],"[[-74.0646508, 4.657518], [-74.0648497, 4.6576198], [-74.0648855, 4.6576383]]"
89600819#6,5133139632,311374484,121.28854464643346,0.14554625357572015,0.0,30.0,baja,True,0,residencial,Carrera 10,2.0,False,False,[],"[[-74.0502643, 4.6671686], [-74.0502373, 4.6672022], [-74.050074, 4.6674496], [-74.0499982, 4.6675689], [-74.0497519, 4.6680185], [-74.0497259, 4.6680683], [-74.0497058, 4.6681052]]"
89600819#7,5133139632,309297260,86.41783180821653,0.10370139816985985,0.0,30.0,baja,True,0,residencial,Carrera 10,2.0,False,False,[],"[[-74.0502643, 4.6671686], [-74.050296, 4.6671288], [-74.0507886, 4.6665935]]"
914672128,5133139632,13009966825,142.11450759070763,0.17053740910884913,0.0,30.0,baja,True,0,secundaria,Avenida Calle 85,2.0,True,False,[],"[[-74.0502643, 4.6671686], [-74.0502168, 4.6671412], [-74.0493364, 4.6666318], [-74.0492356, 4.6665716], [-74.0491591, 4.6665208]]"
1485418847,5133139632,13805375142,146.37055533236676,0.1756446663988401,0.0,30.0,baja,True,0,secundaria,Avenida Calle 85,2.0,False,False,[],"[[-74.0502643, 4.6671686], [-74.0503243, 4.6672035], [-74.0511579, 4.6676812], [-74.051358, 4.6678027], [-74.0513848, 4.667819], [-74.0514053, 4.6678314]]"
548026065#5,5133179558,265498789,9.881466221313046,0.011857759465575655,0.0,30.0,baja,True,0,residencial,Carrera 10,2.0,False,False,[],
24429247,5133179558,13805375178,83.78191873416431,0.10053830248099718,0.0,30.0,baja,True,0,residencial,Calle 70,2.0,True,False,[],"[[-74.0595379, 4.654747], [-74.0596625, 4.6548302], [-74.0597888, 4.6549146], [-74.0599814, 4.6550433], [-74.0600836, 4.655087], [-74.0601188, 4.6550925], [-74.0601931, 4.6551041]]"
527037853#1,5133179558,1038727554,75.82433769506338,0.09098920523407604,0.0,30.0,baja,True,0,residencial,Carrera 10,2.0,False,False,[],"[[-74.0595379, 4.654747], [-74.0593401, 4.655068], [-74.0591737, 4.6553242]]"
1115988564#5,5143754204,373376440,7.12808320594131,0.008553699847129573,0.0,30.0,baja,True,0,secundaria,Avenida Carrera 17,2.0,True,False,[],
33085900#1,5143754204,5113798176,29.249405214194308,0.035099286257033166,0.0,30.0,baja,True,0,residencial,Calle 70,2.0,False,False,[],"[[-74.0648855, 4.6576383], [-74.0648497, 4.6576198], [-74.0646508, 4.657518]]"
529756578,5145689454,7989874516,36.80652200280399,0.044167826403364786,0.0,30.0,baja,True,0,residencial,Diagonal 71A Bis,1.0,True,False,[],"[[-74.0652659, 4.6613466], [-74.0652819, 4.6614879], [-74.0652834, 4.6615173], [-74.0652814, 4.6615383], [-74.0652742, 4.6615534], [-74.0652418, 4.6616077], [-74.0652109, 4.6616573]]"
625458509#1,5145689454,5106387352,67.95099177218643,0.08154119012662371,0.0,30.0,baja,True,0,residencial,Diagonal 71A Bis,2.0,False,False,[],"[[-74.0652659, 4.6613466], [-74.0651735, 4.6609526], [-74.0652828, 4.6607772]]"
529825680,5146342123,5146342124,13.348058469397982,0.016017670163277577,0.0,40.0,baja,True,0,otro,,2.0,False,False,[],
76698976#1,5146342123,12496016374,84.64435676139892,0.1015732281136787,0.0,50.0,baja,True,0,secundaria,Avenida Carrera 24,3.0,True,False,[],"[[-74.0667307, 4.6637696], [-74.0667351, 4.6637611], [-74.066957, 4.6633795], [-74.0670756, 4.6631932], [-74.0670915, 4.6631682], [-74.0671239, 4.6631172]]"
529825680#1,5146342124,5146342123,13.348058469397982,0.016017670163277577,0.0,40.0,baja,True,0,otro,,2.0,False,False,[],
907267683,5146342124,13778686649,136.8671922307508,0.16424063067690095,0.0,50.0,baja,True,0,secundaria,Avenida Carrera 24,3.0,True,False,[],"[[-74.0666309, 4.6637024], [-74.066229, 4.6643511], [-74.0660336, 4.6646565], [-74.0660101, 4.6646933], [-74.0659763, 4.6647461]]"
24677633,5218821394,7995798066,124.53349421468377,0.14944019305762052,0.0,30.0,baja,True,0,residencial,Calle 65,2.0,True,False,[],"[[-74.0621475, 4.6511817], [-74.0622078, 4.6512126], [-74.0631065, 4.6516739], [-74.0631465, 4.6516944]]"
375277481,5385019319,7989874563,131.35539500236186,0.15762647400283422,0.0,50.0,baja,True,0,primaria,Avenida Carrera 7,2.0,True,False,[],"[[-74.0555173, 4.6545927], [-74.0555797, 4.6544196], [-74.0555996, 4.6543705], [-74.0556215, 4.6543213], [-74.0556745, 4.6542112], [-74.0557368, 4.654097], [-74.0557982, 4.6539914], [-74.0558607, 4.6538888], [-74.0559701, 4.6537148], [-74.0560812, 4.6535591]]"
625458511,5449073430,5106387352,22.786759137047675,0.027344110964457213,0.0,30.0,baja,True,0,residencial,Calle 71A,2.0,True,False,[],"[[-74.0651138, 4.6606605], [-74.0651406, 4.6606782], [-74.0652828, 4.6607772]]"
1009710033,5449073430,12496016376,84.86636958107806,0.10183964349729367,0.0,30.0,baja,True,0,terciaria,Carrera 20,2.0,True,False,[],"[[-74.0651138, 4.6606605], [-74.0649974, 4.6608318], [-74.0647323, 4.6612221], [-74.0647187, 4.6612421], [-74.0646845, 4.6612925]]"
89901669#1,5539186912,312649660,96.12184737089885,0.11534621684507862,0.0,50.0,baja,True,0,secundaria,Avenida Carrera 24,3.0,True,False,[],"[[-74.0639267, 4.6680827], [-74.0642065, 4.6676421], [-74.0643906, 4.6673523]]"
"[89901673, 28596234]#1",5539187633,3883728819,213.3222387589181,0.2559866865107017,0.0,30.0,baja,True,0,residencial,Carrera 27,2.0,False,False,[],"[[-74.0633298, 4.6703263], [-74.0633979, 4.6703331], [-74.0635374, 4.670347], [-74.0641292, 4.6704062], [-74.0641638, 4.6704176], [-74.0641942, 4.6704308], [-74.0642226, 4.670448], [-74.0642433, 4.670481], [-74.0642533, 4.6705141], [-74.0642509, 4.6705657], [-74.0641666, 4.6714518]]"
672573081,5539187633,5108574984,105.59783559203422,0.12671740271044107,0.0,40.0,baja,True,0,otro,,1.0,True,False,[],"[[-74.0633298, 4.6703263], [-74.0633818, 4.6699534], [-74.0634067, 4.6697534], [-74.0634255, 4.6696998], [-74.0634549, 4.6696498], [-74.0634851, 4.6696207], [-74.0635189, 4.6696021], [-74.0635652, 4.6695897], [-74.0636243, 4.6695919], [-74.0636549, 4.6695969], [-74.0636927, 4.6696067]]"
"[1016657891, 1016657892, 1049465110]",5539187636,268153039,166.87424136496583,0.20024908963795898,0.0,30.0,baja,True,0,secundaria,Avenida Carrera 24,,True,False,[],"[[-74.0632634, 4.6707645], [-74.0633238, 4.6700407], [-74.0633842, 4.6694434], [-74.0633923, 4.669363], [-74.0634079, 4.669271]]"
1016687274,5539187636,5539187633,49.280111528628396,0.05913613383435407,0.0,30.0,baja,True,0,otro,,1.0,True,False,[],"[[-74.0632634, 4.6707645], [-74.0633113, 4.6704603], [-74.0633298, 4.6703263]]"
856959934#9,5592759375,264552904,125.16855162506089,0.15020226195007308,0.0,30.0,baja,True,0,terciaria,Carrera 5,2.0,True,False,[],"[[-74.0510574, 4.6593036], [-74.051063, 4.6592466], [-74.0510917, 4.6591819], [-74.0512665, 4.6589151], [-74.0513326, 4.6588155], [-74.0515692, 4.6584733], [-74.051651, 4.6583546]]"
856959928,5686336975,13281957925,54.090902064898536,0.06490908247787824,0.0,50.0,baja,True,0,primaria,Avenida Carrera 7,2.0,True,False,[],"[[-74.055228, 4.6554138], [-74.0553182, 4.6551976], [-74.0553552, 4.655085], [-74.0553693, 4.6550418], [-74.0553969, 4.6549578]]"
856959929,5686336975,3861884463,69.06064110775229,0.08287276932930275,0.0,40.0,baja,True,0,otro,,1.0,True,False,[],"[[-74.055228, 4.6554138], [-74.055368, 4.6552005], [-74.0553967, 4.6551697], [-74.0554271, 4.6551464], [-74.0554407, 4.6551397], [-74.0554673, 4.6551265], [-74.0555018, 4.6551189], [-74.0555403, 4.6551245], [-74.0555841, 4.655137], [-74.0556972, 4.6551831]]"
89623544#3,5686336987,13281957923,23.091941902679913,0.0277103302832159,0.0,50.0,baja,True,0,primaria,Avenida Carrera 7,3.0,True,False,[],"[[-74.0553894, 4.6545253], [-74.0553674, 4.6546047], [-74.055354, 4.6546471], [-74.0553296, 4.6547242]]"
597105615,5686336987,7989874583,28.3549538110703,0.03402594457328436,0.0,40.0,baja,True,0,otro,,1.0,True,False,[],"[[-74.0553894, 4.6545253], [-74.0553557, 4.6545479], [-74.0553199, 4.6545671], [-74.0552824, 4.6545827], [-74.0552397, 4.6545955], [-74.0551957, 4.6546035], [-74.0551512, 4.6546068]]"
597105616,5686336993,5686336996,43.236807923463076,0.05188416950815569,0.0,40.0,baja,True,0,otro,,1.0,True,False,[],"[[-74.0550991, 4.6546888], [-74.0551332, 4.654746], [-74.0551625, 4.6548059], [-74.0551866, 4.654868], [-74.0552045, 4.6549284], [-74.0552176, 4.6549901], [-74.0552258, 4.6550526]]"
1057681908,5686336993,13281957926,28.118670294979317,0.03374240435397518,0.0,45.0,baja,True,0,terciaria,Avenida Calle 72,2.0,True,False,[],"[[-74.0550991, 4.6546888], [-74.0552019, 4.6547814], [-74.0552268, 4.6548039], [-74.0552872, 4.6548585]]"
341209367#4,5686336996,254530345,13.75018109498443,0.016500217313981318,0.0,50.0,baja,True,0,primaria,Avenida Carrera 7,3.0,True,False,[],
89615987#2,5709996738,260623191,149.5659233346912,0.17947910800162944,0.0,30.0,baja,True,0,residencial,Carrera 19A,2.0,True,False,[],"[[-74.0599363, 4.6666031], [-74.0598365, 4.6671806], [-74.0598181, 4.6672798], [-74.0597711, 4.6676979], [-74.0597361, 4.6679328]]"
1071362375,5719108257,314145536,19.093883512442947,0.022912660214931536,0.0,45.0,baja,True,0,terciaria,Carrera 22,2.0,True,False,[],"[[-74.0621074, 4.6678807], [-74.0621443, 4.6678747], [-74.062173, 4.6678722], [-74.0621906, 4.6678722], [-74.0622042, 4.6678722], [-74.062238, 4.6678736], [-74.0622788, 4.6678782]]"
1552154889,5719108277,314146038,63.97687118685206,0.07677224542422245,0.0,45.0,baja,True,0,terciaria,Carrera 20,2.0,True,False,[],
24038164,5719108277,13252260181,360.20193180682895,0.43224231816819475,0.0,70.0,baja,True,0,troncal,Avenida Carrera 20,2.0,True,False,[],"[[-74.0601931, 4.6711978], [-74.0601802, 4.6709951], [-74.0601797, 4.6708838], [-74.0601816, 4.6708051], [-74.0602134, 4.6704953], [-74.0602607, 4.670191], [-74.060315, 4.669875], [-74.06034, 4.669754], [-74.060348, 4.6696753], [-74.0603457, 4.6695907], [-74.0603332, 4.6695118], [-74.0603136, 4.6694101], [-74.0603004, 4.669292], [-74.0602962, 4.6692001], [-74.0603022, 4.6691151], [-74.0603142, 4.6690449], [-74.0603488, 4.6689229], [-74.0605015, 4.6683568], [-74.0605397, 4.6682251], [-74.0605684, 4.6681198], [-74.0605972, 4.6680145]]"
601899183,5719114304,5719114305,7.621127252195919,0.009145352702635102,0.0,30.0,baja,True,0,residencial,Diagonal 74 Bis,,False,False,[],
529569426#1,5719114304,354856341,61.14807084895011,0.07337768501874013,0.0,30.0,baja,True,0,residencial,Diagonal 74 Bis,2.0,True,False,[],"[[-74.0629722, 4.6634301], [-74.0634641, 4.6633949], [-74.0635226, 4.6633919]]"
601899183#1,5719114305,5719114304,7.621127252195919,0.009145352702635102,0.0,30.0,baja,True,0,residencial,Diagonal 74 Bis,,False,False,[],
89890916,5719114305,375478832,61.3530105215669,0.07362361262588028,0.0,30.0,baja,True,0,residencial,Diagonal 74 Bis,2.0,True,False,[],"[[-74.0629699, 4.6633616], [-74.0624787, 4.6633938], [-74.0624175, 4.6633978]]"
89601244,6064115403,267902565,9.993797874596112,0.011992557449515334,0.0,30.0,baja,True,0,residencial,Carrera 13,2.0,True,False,[],
1446437117,6064115403,884884200,63.43069412489533,0.0761168329498744,0.0,30.0,baja,True,0,residencial,Calle 86A,2.0,True,False,[],
169689222#1,6150242491,1806334375,53.45578912244891,0.06414694694693869,0.0,30.0,baja,True,0,residencial,Carrera 14A Bis,2.0,False,False,[],
1280571658,6150242491,6150242491,98.73582049547636,0.11848298459457161,0.0,30.0,baja,True,0,residencial,Carrera 14A Bis,,True,False,[],"[[-74.0642838, 4.654038], [-74.0643864, 4.6540969], [-74.064413, 4.6541029], [-74.0644384, 4.6541002], [-74.0644632, 4.6540895], [-74.0644794, 4.6540702], [-74.0644837, 4.6540436], [-74.0644806, 4.6540206], [-74.0644702, 4.6539982], [-74.0644535, 4.6539808], [-74.0642355, 4.6538555], [-74.0642142, 4.6538528], [-74.0641928, 4.6538575], [-74.0641727, 4.6538684], [-74.0641563, 4.6538866], [-74.0641488, 4.6539078], [-74.0641475, 4.6539316], [-74.0641542, 4.6539529], [-74.0641683, 4.6539717], [-74.0642838, 4.654038]]"
68748976,6366922438,826233860,15.415143762986368,0.018498172515583642,0.0,30.0,baja,True,0,residencial,Calle 82,2.0,True,False,[],
679992613,6366922438,6366922443,20.357861369021972,0.024429433642826365,0.0,40.0,baja,True,0,otro,,1.0,True,False,[],"[[-74.0539192, 4.6664838], [-74.0539519, 4.6664778], [-74.0539778, 4.6664696], [-74.0540029, 4.6664487], [-74.0540157, 4.6664207], [-74.054015, 4.6663893], [-74.0540098, 4.6663617]]"
856959936,6366922443,3705876603,137.7192698445924,0.16526312381351088,0.0,30.0,baja,True,0,secundaria,Calle 82,2.0,True,False,[],"[[-74.0540098, 4.6663617], [-74.0538308, 4.6662509], [-74.0531808, 4.6658481], [-74.0530643, 4.665777], [-74.0530432, 4.6657642], [-74.0530048, 4.6657408], [-74.0529534, 4.6657095]]"
737626236#1,6906306853,2861241572,67.88680477782724,0.0814641657333927,0.0,30.0,baja,True,0,residencial,Calle 79B,2.0,False,False,[],
1389975998#1,7596046159,3582229694,6.523263491645076,0.007827916189974091,0.0,30.0,baja,True,0,residencial,Calle 70A,2.0,False,False,[],
1057643952,7596046159,13805375175,127.52754171284208,0.15303305005541049,0.0,30.0,baja,True,0,residencial,Calle 70A,2.0,True,False,[],"[[-74.0607561, 4.6563054], [-74.0602501, 4.6559641], [-74.0598863, 4.6557371], [-74.0598534, 4.6557166], [-74.0597932, 4.6556778]]"
53745821#1,7596046161,3894496011,76.43437261480771,0.09172124713776927,0.0,30.0,baja,True,0,residencial,Calle 69 Bis,2.0,False,False,[],
1360693497#2,7596046161,373376108,41.023575950296845,0.04922829114035622,0.0,30.0,baja,True,0,residencial,Carrera 14A,2.0,True,False,[],"[[-74.0632256, 4.6565337], [-74.0633693, 4.6563315], [-74.0633867, 4.6562999], [-74.0634003, 4.6562615], [-74.0634086, 4.6562179]]"
28290560#1,7596155969,310666711,98.65815119376425,0.1183897814325171,0.0,30.0,baja,True,0,residencial,Calle 66A,2.0,False,False,[],
675560588#1,7596155969,310666712,10.519405654237191,0.012623286785084628,0.0,30.0,baja,True,0,residencial,Carrera 16,2.0,True,False,[],
386281322#3,7603122596,2862531837,36.25977233086195,0.04351172679703434,0.0,30.0,baja,True,0,residencial,Calle 65,2.0,False,False,[],
910966573,7732802571,500963758,39.542837155228185,0.04745140458627382,0.0,70.0,baja,True,0,troncal,Avenida Calle 80,3.0,True,False,[],"[[-74.063127, 4.6684816], [-74.0631083, 4.6684577], [-74.062904, 4.668204]]"
89623589#2,7805131244,2313710248,49.5640090262514,0.05947681083150167,0.0,30.0,baja,True,0,secundaria,Calle 67,3.0,True,False,[],
836244445,7805131244,2313710246,74.94568654307187,0.08993482385168625,0.0,30.0,baja,True,0,residencial,Carrera 9,2.0,True,False,[],"[[-74.0597846, 4.6517186], [-74.0598201, 4.6516527], [-74.0600917, 4.6511495], [-74.0601049, 4.651125]]"
33085784,7814108392,678455692,97.92760269191972,0.11751312323030366,0.0,50.0,baja,True,0,secundaria,Carrera 14A,2.0,True,False,[],"[[-74.0637392, 4.6542523], [-74.0636127, 4.6550587], [-74.063604, 4.6551226]]"
439831819#3,7814108392,1806334375,41.541842553632215,0.049850211064358656,0.0,30.0,baja,True,0,residencial,Calle 67,2.0,False,False,[],"[[-74.0637392, 4.6542523], [-74.0637864, 4.6542836], [-74.0640513, 4.6544592]]"
904335255,7989820878,312649509,44.9891663383531,0.05398699960602372,0.0,50.0,baja,True,0,secundaria,Avenida Carrera 24,3.0,True,False,[],
1064447345,7989874516,12496016376,71.0562594882829,0.08526751138593949,0.0,50.0,baja,True,0,secundaria,Avenida Calle 72,2.0,True,False,[],"[[-74.0652109, 4.6616573], [-74.0647621, 4.6613462], [-74.0647193, 4.6613171], [-74.0646845, 4.6612925]]"
352406351#2,7989874524,884899053,91.15311370124786,0.10938373644149743,0.0,50.0,baja,True,0,secundaria,Avenida Calle 72,2.0,True,False,[],"[[-74.0664801, 4.6625369], [-74.0664367, 4.6625093], [-74.0663489, 4.662446], [-74.0660934, 4.6622688], [-74.0660123, 4.6622127], [-74.0658049, 4.6620689]]"
1064447342,7989874524,254530323,90.25243606254134,0.1083029232750496,0.0,30.0,baja,True,0,residencial,Carrera 23,2.0,True,False,[],"[[-74.0664801, 4.6625369], [-74.0665133, 4.6624835], [-74.0669136, 4.6618498]]"
734633050#4,7989874536,354856341,9.013422565727119,0.01081610707887254,0.0,30.0,baja,True,0,terciaria,Carrera 20C,1.0,True,False,[],
89890916#1,7989874536,5719114305,66.25148502523918,0.079501782030287,0.0,30.0,baja,True,0,residencial,Diagonal 74 Bis,2.0,True,False,[],"[[-74.0635664, 4.6633236], [-74.0635084, 4.6633245], [-74.0629699, 4.6633616]]"
375277481#1,7989874563,266891706,98.07422660045461,0.11768907192054552,0.0,50.0,baja,True,0,primaria,Avenida Carrera 7,2.0,True,False,[],"[[-74.0560812, 4.6535591], [-74.0561811, 4.6534181], [-74.0562826, 4.6532564], [-74.0563513, 4.6531469], [-74.0564093, 4.6530538], [-74.0564801, 4.6529394], [-74.0565568, 4.6528156]]"
352417695,7989874568,7989874572,23.088681225445747,0.027706417470534896,0.0,30.0,baja,True,0,residencial,Carrera 10,2.0,True,False,[],"[[-74.0576254, 4.6565347], [-74.0576469, 4.6564889], [-74.0576634, 4.6564305], [-74.0576652, 4.656374], [-74.0576605, 4.6563344]]"
528172259,7989874568,13281957905,144.8901238200129,0.17386814858401548,0.0,30.0,baja,True,0,secundaria,Avenida Calle 72,3.0,True,False,[],"[[-74.0576254, 4.6565347], [-74.0577248, 4.6566033], [-74.0586113, 4.6572142], [-74.0587007, 4.6572758]]"
914963956,7989874572,13281957920,83.44267529806126,0.10013121035767351,0.0,50.0,baja,True,0,secundaria,Avenida Calle 72,4.0,True,False,[],"[[-74.0576605, 4.6563344], [-74.0571416, 4.6559783], [-74.0570994, 4.6559493], [-74.0570404, 4.6559088]]"
37203485#1,7989874580,433136426,47.76372715058517,0.0573164725807022,0.0,30.0,baja,True,0,residencial,Calle 71,1.0,False,False,[],"[[-74.0537768, 4.6531123], [-74.0538824, 4.6531424], [-74.053954, 4.6531649], [-74.0540473, 4.653202], [-74.0541096, 4.6532341], [-74.0541393, 4.6532513], [-74.0541748, 4.653272]]"
341209330,7989874583,435197550,176.83234512816972,0.21219881415380368,0.0,45.0,baja,True,0,terciaria,Avenida Calle 72,2.0,True,False,[],"[[-74.0551512, 4.6546068], [-74.0550422, 4.6545346], [-74.0549242, 4.6544615], [-74.0548062, 4.6543876], [-74.0546658, 4.6543], [-74.0545839, 4.6542421], [-74.0545081, 4.6541842], [-74.0544258, 4.6541194], [-74.0543385, 4.6540507], [-74.054246, 4.6539708], [-74.0541252, 4.653864], [-74.0540141, 4.6537656], [-74.0539881, 4.653731], [-74.0539749, 4.6537047], [-74.0539723, 4.6536912], [-74.0539698, 4.6536783], [-74.0539687, 4.6536022]]"
89617698#4,7989874617,264553080,82.21144803876135,0.09865373764651361,0.0,45.0,baja,True,0,terciaria,Carrera 4,2.0,True,False,[],"[[-74.053135, 4.6533075], [-74.0530878, 4.6534717], [-74.0530576, 4.6535626], [-74.0530274, 4.6536448], [-74.0529397, 4.653837], [-74.0528642, 4.653994]]"
78285518#1,7989874619,5105853686,23.360508653186617,0.02803261038382394,0.0,45.0,baja,True,0,terciaria,Calle 72,2.0,True,False,[],"[[-74.0530253, 4.6530764], [-74.0530951, 4.6531085], [-74.0531824, 4.6531479], [-74.0532172, 4.6531633]]"
856959931,7989874619,7989874617,28.78514894631024,0.03454217873557229,0.0,40.0,baja,True,0,otro,,1.0,True,False,[],"[[-74.0530253, 4.6530764], [-74.0530638, 4.653129], [-74.0530881, 4.6531678], [-74.0531038, 4.6531971], [-74.0531159, 4.6532322], [-74.0531218, 4.6532581], [-74.0531241, 4.6532653], [-74.053135, 4.6533075]]"
1176617726#1,7989874686,3197009590,8.345390220334703,0.010014468264401643,0.0,50.0,baja,True,0,primaria,Avenida Carrera 7,3.0,True,False,[],
856959932#1,7989874686,450845528,57.987915830079515,0.06958549899609542,0.0,45.0,baja,True,0,terciaria,Calle 77,1.0,True,False,[],"[[-74.0522328, 4.6593446], [-74.0521951, 4.6593153], [-74.0521485, 4.6592803], [-74.0520545, 4.659229], [-74.0519955, 4.6592065], [-74.0519488, 4.6591965], [-74.0519004, 4.6591939], [-74.0518553, 4.6592044], [-74.051779, 4.6592751]]"
1010359868,7989874704,269720739,12.321194125723785,0.014785432950868545,0.0,30.0,baja,True,0,terciaria,Calle 77,1.0,True,False,[],"[[-74.0505054, 4.6581826], [-74.0504792, 4.6581936], [-74.0504525, 4.6582004], [-74.0504249, 4.6582017], [-74.0503977, 4.6581973]]"
1123709324#2,7989874704,269720740,15.924162877348824,0.01910899545281859,0.0,45.0,baja,True,0,terciaria,Carrera 4,2.0,True,False,[],"[[-74.0505054, 4.6581826], [-74.0504849, 4.6582132], [-74.0504668, 4.65826], [-74.0504614, 4.658316]]"
89615883#2,7989874740,267899288,11.013745206544934,0.013216494247853922,0.0,30.0,baja,True,0,residencial,Carrera 9,2.0,True,False,[],
1117881524#1,7989874740,267899279,122.16783626605032,0.14660140351926038,0.0,45.0,baja,True,0,terciaria,Calle 84A,2.0,True,False,[],"[[-74.0504851, 4.6649563], [-74.0504649, 4.6649347], [-74.0497836, 4.6642097], [-74.049732, 4.664154]]"
528167667,7989874750,1038604575,131.29746598269207,0.1575569591792305,0.0,30.0,baja,True,0,terciaria,Calle 84A,2.0,True,False,[],"[[-74.0505793, 4.6651966], [-74.0506075, 4.6652276], [-74.0508811, 4.665529], [-74.0509081, 4.6655588], [-74.0510656, 4.6657288], [-74.051353, 4.6660389], [-74.0513794, 4.6660674]]"
89615978#2,7989948688,3665185928,34.26794679915137,0.04112153615898164,0.0,30.0,baja,True,0,terciaria,Carrera 14,2.0,True,False,[],"[[-74.0578584, 4.6635168], [-74.0579472, 4.6633959], [-74.058041, 4.6632681]]"
"[1014920976, 1079835939, 1079835940]",7989948688,12596010807,88.47226959508453,0.10616672351410143,0.0,30.0,baja,True,0,residencial,Calle 77,,True,False,[],"[[-74.0578584, 4.6635168], [-74.0579812, 4.6635147], [-74.0580874, 4.6635457], [-74.0581063, 4.6635566], [-74.0584904, 4.6637793], [-74.0585171, 4.6637948], [-74.0585753, 4.6638293]]"
"[62149856, 86670500]#1",7989981699,775387073,225.72131900156893,0.2708655828018827,0.0,30.0,baja,True,0,residencial,Calle 82,2.0,False,False,[],"[[-74.0627373, 4.6684506], [-74.0627232, 4.6685349], [-74.0626638, 4.66889], [-74.0625498, 4.6695718], [-74.06254, 4.6697031], [-74.0625346, 4.6697211], [-74.0625226, 4.6697295], [-74.0625038, 4.6697335], [-74.0617997, 4.669632]]"
89901733#1,7989981699,13383492233,96.42283094864274,0.11570739713837129,0.0,70.0,baja,True,0,troncal,Avenida Calle 80,2.0,True,False,[],"[[-74.0627373, 4.6684506], [-74.0628026, 4.6685328], [-74.0631093, 4.6689005], [-74.0631574, 4.6689582], [-74.0632902, 4.6691201]]"
856981372,7990039788,730533732,77.36003369352512,0.09283204043223015,0.0,30.0,baja,True,0,residencial,Calle 86A,2.0,True,False,[],"[[-74.0508537, 4.6700427], [-74.0503244, 4.6696633], [-74.050287, 4.6696365]]"
856981373#2,7990039788,7990039802,10.88270390170471,0.013059244682045652,0.0,30.0,baja,True,0,residencial,,,True,False,[],"[[-74.0508537, 4.6700427], [-74.0508375, 4.6700451], [-74.0508231, 4.6700528], [-74.050812, 4.6700648], [-74.0508057, 4.6700799], [-74.0508048, 4.6700962], [-74.0508094, 4.6701118]]"
856981373#3,7990039802,9322208681,8.479851646301817,0.010175821975562181,0.0,30.0,baja,True,0,residencial,,,True,False,[],"[[-74.0508094, 4.6701118], [-74.050819, 4.670125], [-74.0508325, 4.6701342], [-74.0508483, 4.6701384], [-74.0508646, 4.6701371], [-74.0508746, 4.6701323]]"
856981374,7990039802,9414750705,65.29016016450726,0.0783481921974087,0.0,30.0,baja,True,0,residencial,Carrera 11A,,True,False,[],"[[-74.0508094, 4.6701118], [-74.0508042, 4.6701431], [-74.0507935, 4.6701725], [-74.050726, 4.6702961], [-74.0505421, 4.6706329]]"
89582588#2,7990039809,5113425931,7.80659921865032,0.009367919062380384,0.0,30.0,baja,True,0,residencial,Calle 87,1.0,True,False,[],
1551562094,7990226352,265580300,22.159414718334148,0.026591297662000978,0.0,50.0,baja,True,0,secundaria,Avenida Carrera 20,2.0,True,False,[],
856995352#3,7990226352,268083092,105.63677824586765,0.12676413389504118,0.0,50.0,baja,True,0,secundaria,Avenida Calle 85,3.0,True,False,[],"[[-74.0593737, 4.6719878], [-74.059287, 4.6719461], [-74.0585495, 4.6715993], [-74.058512, 4.6715817]]"
89601294#1,7990226357,327871421,65.01642658790081,0.07801971190548097,0.0,30.0,baja,True,0,residencial,Calle 84A,1.0,True,False,[],"[[-74.0562438, 4.6695842], [-74.0562823, 4.6696036], [-74.0563335, 4.6696295], [-74.0567102, 4.6698198], [-74.0567673, 4.6698481]]"
856995351#1,7990226357,312644985,46.04199605953677,0.055250395271444125,0.0,30.0,baja,True,0,residencial,Carrera 16,2.0,True,False,[],"[[-74.0562438, 4.6695842], [-74.0562591, 4.6695492], [-74.0564102, 4.6692048]]"
89626707#1,7997515501,268230525,93.64119118684866,0.11236942942421839,0.0,30.0,baja,True,0,residencial,Calle 66,1.0,False,False,[],"[[-74.063737, 4.6530087], [-74.063068, 4.6526703], [-74.0629836, 4.6526275]]"
878066591,8169413607,4160411154,43.486111239114095,0.05218333348693692,0.0,40.0,baja,True,0,otro,,1.0,True,False,[],"[[-74.0636051, 4.6690762], [-74.0635816, 4.6689968], [-74.0635691, 4.6689446], [-74.0635583, 4.6688734], [-74.0635505, 4.6687788], [-74.0635498, 4.6686911]]"
961106549,8169413607,13383492234,24.695415346061115,0.02963449841527334,0.0,70.0,baja,True,0,troncal,Avenida Calle 80,3.0,True,False,[],"[[-74.0636051, 4.6690762], [-74.0635193, 4.6689738], [-74.0634944, 4.6689441], [-74.0634616, 4.6689063]]"
1180757293#1,8476011673,926762733,49.35466737369178,0.059225600848430135,0.0,50.0,baja,True,0,secundaria,Avenida Carrera 24,2.0,True,False,[],"[[-74.0706697, 4.6573484], [-74.0706393, 4.6573945], [-74.0705728, 4.6574948], [-74.0704257, 4.6577197]]"
935465095#1,9307517363,261817164,111.99066137048341,0.1343887936445801,0.0,30.0,baja,True,0,residencial,Calle 66,2.0,False,False,[],
856981373#4,9322208681,5113425921,0.5970904093508212,0.0007165084912209855,0.0,30.0,baja,True,0,residencial,,,True,False,[],
1010815994,9324820999,435197564,40.5246785477405,0.0486296142572886,0.0,30.0,baja,True,0,terciaria,Carrera 5,1.0,True,False,[],"[[-74.0554347, 4.6512623], [-74.0554846, 4.6511444], [-74.0555385, 4.6510552], [-74.0555724, 4.6510192], [-74.0556296, 4.6509589]]"
1010815995,9324820999,435197564,40.57436720329975,0.0486892406439597,0.0,30.0,baja,True,0,terciaria,Carrera 5,1.0,True,False,[],"[[-74.0554347, 4.6512623], [-74.0554846, 4.6511444], [-74.0555385, 4.6510552], [-74.0555724, 4.6510192], [-74.0556296, 4.6509589]]"
89615898,9368025350,311373461,4.216653313666459,0.0050599839763997515,0.0,30.0,baja,True,0,residencial,Calle 80,2.0,True,False,[],
856959944#4,9368025351,13805375158,79.95997083595137,0.09595196500314164,0.0,30.0,baja,True,0,terciaria,Calle 81,3.0,True,False,[],"[[-74.0527795, 4.6646356], [-74.0532923, 4.6649492], [-74.0533359, 4.6649758], [-74.0533945, 4.6650116]]"
1015605923,9368025351,9368025350,101.30753183588423,0.12156903820306109,0.0,30.0,baja,True,0,residencial,Carrera 10,1.0,True,False,[],"[[-74.0527795, 4.6646356], [-74.0527986, 4.6646032], [-74.0532421, 4.6638498]]"
1016655550#1,9377155921,434947579,12.109005945668743,0.014530807134802492,0.0,30.0,baja,True,0,residencial,Calle 82,,False,False,[],
1125778446#1,9377158425,775386685,11.062741956726352,0.013275290348071622,0.0,30.0,baja,True,0,residencial,Calle 81,,False,False,[],
89901783#5,9406951351,312661873,140.16675136447114,0.16820010163736535,0.0,30.0,baja,True,0,residencial,Carrera 28B,2.0,True,False,[],"[[-74.0692465, 4.6682491], [-74.0685083, 4.6692153], [-74.0684803, 4.669252]]"
23430419#9,9406985991,312663050,50.850457993736484,0.061020549592483785,0.0,30.0,baja,True,0,terciaria,Calle 74,2.0,True,False,[],
381880216#11,9406985991,312663006,59.73151662907091,0.07167781995488509,0.0,30.0,baja,True,0,residencial,Carrera 27,2.0,False,False,[],"[[-74.0672704, 4.6655809], [-74.067197, 4.6656847], [-74.0669903, 4.6660394]]"
89623468#4,9412503578,9412503580,13.43626120276999,0.016123513443323988,0.0,30.0,baja,True,0,residencial,Calle 70,2.0,True,False,[],
1020526441,9412503578,9412503579,9.008048494419834,0.010809658193303802,0.0,30.0,baja,True,0,residencial,,,False,False,[],
1020526441#1,9412503579,9412503578,9.008048494419834,0.010809658193303802,0.0,30.0,baja,True,0,residencial,,,False,False,[],
1064122262#1,9412503579,5105816016,44.94682141918577,0.05393618570302292,0.0,30.0,baja,True,0,residencial,Calle 70,2.0,True,False,[],"[[-74.0569349, 4.6529745], [-74.0566414, 4.6527874], [-74.056593, 4.6527571]]"
89623468#5,9412503580,2807665508,31.82170854920274,0.03818605025904328,0.0,30.0,baja,True,0,residencial,Calle 70,2.0,True,False,[],
1020526442,9412503580,9412503581,8.956604936654855,0.010747925923985827,0.0,30.0,baja,True,0,residencial,,,False,False,[],
1020526442#1,9412503581,9412503580,8.956604936654855,0.010747925923985827,0.0,30.0,baja,True,0,residencial,,,False,False,[],
1064122262#2,9412503581,9412503579,14.05745987031208,0.016868951844374494,0.0,30.0,baja,True,0,residencial,Calle 70,2.0,True,False,[],
89623468#6,9412503582,2807665507,29.05654758494428,0.03486785710193314,0.0,30.0,baja,True,0,residencial,Calle 70,2.0,True,False,[],
1020526443,9412503582,9412503583,9.216547341228466,0.01105985680947416,0.0,30.0,baja,True,0,residencial,,,False,False,[],
89623501#2,9412503583,266892205,41.17437024331661,0.04940924429197993,0.0,30.0,baja,True,0,residencial,Calle 70,2.0,True,False,[],
1020526443#1,9412503583,9412503582,9.216547341228466,0.01105985680947416,0.0,30.0,baja,True,0,residencial,,,False,False,[],
1020526444,9412503584,9412503585,11.07037968286792,0.013284455619441504,0.0,30.0,baja,True,0,residencial,,,False,False,[],
89623468#7,9412503584,265498788,32.04896652495749,0.03845875982994899,0.0,30.0,baja,True,0,residencial,Calle 70,2.0,True,False,[],"[[-74.0581142, 4.6537869], [-74.0583109, 4.6539046], [-74.0583621, 4.6539353]]"
89623501#3,9412503585,266892161,41.592339823805695,0.04991080778856684,0.0,30.0,baja,True,0,residencial,Calle 70,2.0,True,False,[],
1020526444#1,9412503585,9412503584,11.07037968286792,0.013284455619441504,0.0,30.0,baja,True,0,residencial,,,False,False,[],
1020526445,9412503586,9412503587,10.247461144374743,0.012296953373249691,0.0,30.0,baja,True,0,residencial,,,False,False,[],
1051331380#1,9412503586,9412503588,36.19497145967198,0.04343396575160638,0.0,30.0,baja,True,0,residencial,Calle 70,2.0,True,False,[],
89623468#8,9412503587,9412503591,40.28233371803205,0.04833880046163846,0.0,30.0,baja,True,0,residencial,Calle 70,2.0,True,False,[],
1020526445#1,9412503587,9412503586,10.247461144374743,0.012296953373249691,0.0,30.0,baja,True,0,residencial,,,False,False,[],
1020526446,9412503588,9412503589,11.182696626836707,0.013419235952204046,0.0,30.0,baja,True,0,residencial,,,False,False,[],
1051331379,9412503588,265025229,38.919459965772944,0.04670335195892753,0.0,30.0,baja,True,0,residencial,Calle 70,2.0,True,False,[],"[[-74.0587252, 4.6540289], [-74.0584797, 4.6538784], [-74.0584261, 4.6538455]]"
89623468#9,9412503589,9412503587,36.754863642632905,0.04410583637115949,0.0,30.0,baja,True,0,residencial,Calle 70,2.0,True,False,[],
1020526446#1,9412503589,9412503588,11.182696626836707,0.013419235952204046,0.0,30.0,baja,True,0,residencial,,,False,False,[],
1020526447,9412503590,9412503591,9.168412203189646,0.011002094643827577,0.0,30.0,baja,True,0,residencial,,,False,False,[],
1051331380#2,9412503590,9412503586,40.702086744125374,0.04884250409295045,0.0,30.0,baja,True,0,residencial,Calle 70,2.0,True,False,[],
89623468#10,9412503591,265498789,42.0999447453562,0.05051993369442743,0.0,30.0,baja,True,0,residencial,Calle 70,2.0,True,False,[],
1020526447#1,9412503591,9412503590,9.168412203189646,0.011002094643827577,0.0,30.0,baja,True,0,residencial,,,False,False,[],
856981374#1,9414750705,7990039809,10.794519611470509,0.01295342353376461,0.0,30.0,baja,True,0,residencial,Carrera 11A,,True,False,[],"[[-74.0505421, 4.6706329], [-74.0505099, 4.670692], [-74.0504956, 4.6707182]]"
1021839722,9424519349,9424519356,120.02975180191662,0.14403570216229994,0.0,30.0,baja,True,0,residencial,Calle 70A,,False,False,[],"[[-74.0528572, 4.6517827], [-74.0529451, 4.6520306], [-74.0530249, 4.6522458], [-74.0530738, 4.6523695], [-74.0531027, 4.6524343], [-74.0531825, 4.6524924], [-74.0532609, 4.6525372], [-74.053407, 4.6526055], [-74.0534377, 4.6526199]]"
89628269#3,9424519356,2815920118,47.30268290935379,0.05676321949122455,0.0,45.0,baja,True,0,terciaria,Carrera 4,2.0,True,False,[],"[[-74.0534377, 4.6526199], [-74.0534196, 4.6528489], [-74.0534079, 4.6529097], [-74.0533966, 4.6529476], [-74.0533845, 4.6529837], [-74.0533772, 4.6530137], [-74.0533732, 4.6530387]]"
1021839722#1,9424519356,9424519349,120.0297518019166,0.14403570216229994,0.0,30.0,baja,True,0,residencial,Calle 70A,,False,False,[],"[[-74.0534377, 4.6526199], [-74.053407, 4.6526055], [-74.0532609, 4.6525372], [-74.0531825, 4.6524924], [-74.0531027, 4.6524343], [-74.0530738, 4.6523695], [-74.0530249, 4.6522458], [-74.0529451, 4.6520306], [-74.0528572, 4.6517827]]"
583975820#5,9644335932,268083093,45.44907020147116,0.054538884241765395,0.0,50.0,baja,True,0,secundaria,Avenida Calle 85,3.0,True,False,[],
1049447128,9644335932,268083092,49.82207612075219,0.059786491344902624,0.0,40.0,baja,True,0,otro,,,True,False,[],"[[-74.058091, 4.6715153], [-74.058144, 4.6715302], [-74.0581908, 4.6715341], [-74.0582408, 4.671541], [-74.0582907, 4.6715529], [-74.0584203, 4.671609], [-74.0584491, 4.6716169], [-74.0584754, 4.6716113], [-74.0584993, 4.6715965], [-74.058512, 4.6715817]]"
1051315350#1,9661162217,312660844,12.253872093247528,0.014704646511897033,0.0,30.0,baja,True,0,residencial,Carrera 25,2.0,False,False,[],
1009720965,9661162217,12496016373,61.490714357249274,0.07378885722869913,0.0,50.0,baja,True,0,secundaria,Avenida Calle 72,2.0,True,False,[],"[[-74.067627, 4.6633561], [-74.0675166, 4.6632725], [-74.0672661, 4.6630886], [-74.0672345, 4.6630654], [-74.0671815, 4.6630265]]"
89901815#2,9831770472,354856338,103.16054636581504,0.12379265563897805,0.0,30.0,baja,True,0,residencial,Calle 77,2.0,True,False,[],"[[-74.0612042, 4.6652882], [-74.061246, 4.6653153], [-74.0619417, 4.6657673], [-74.061984, 4.6657948]]"
1552154887,9831770472,260487068,103.18496938983122,0.12382196326779749,0.0,45.0,baja,True,0,terciaria,Carrera 20B,2.0,True,False,[],"[[-74.0612042, 4.6652882], [-74.0612457, 4.6652237], [-74.0616584, 4.6645812], [-74.0616831, 4.6645427], [-74.0616946, 4.6645253], [-74.0617067, 4.664507]]"
1057643951#1,9905016911,889749413,24.24722453291794,0.029096669439501528,0.0,50.0,baja,True,0,secundaria,Avenida Carrera 11,3.0,True,False,[],"[[-74.0593042, 4.6563931], [-74.0593272, 4.6563595], [-74.0594274, 4.6562129]]"
914963958#1,10062516860,268231867,84.59425066911876,0.10151310080294253,0.0,50.0,baja,True,0,secundaria,Avenida Calle 72,3.0,True,False,[],
918801403,10062516861,12472064221,161.82886886283086,0.194194642635397,0.0,20.0,baja,True,0,otro,,1.0,True,False,[],"[[-74.0603627, 4.658413], [-74.0605596, 4.6585788], [-74.0610241, 4.658899], [-74.0614915, 4.6592164], [-74.0615504, 4.6592578]]"
"[1236470178, 918801402]",10062516861,12566330550,139.79609073670036,0.16775530888404042,0.0,30.0,baja,True,0,residencial,Carrera 13,2.0,False,False,[],"[[-74.0603627, 4.658413], [-74.0603378, 4.6584508], [-74.0602073, 4.6586485], [-74.0597701, 4.6592925], [-74.059699, 4.6593972], [-74.0596811, 4.6594236], [-74.0596589, 4.6594563]]"
"[1350677336, 1200734240, 1350677354]",10062516861,12496016276,384.33848326670824,0.46120617992004986,0.0,30.0,baja,True,0,secundaria,Avenida Calle 72,2.0,True,False,[],"[[-74.0603627, 4.658413], [-74.0605735, 4.6585472], [-74.0608559, 4.6587376], [-74.0613309, 4.6590586], [-74.0613766, 4.6590895], [-74.0614195, 4.6591165], [-74.0616387, 4.6592586], [-74.0617085, 4.6593046], [-74.0621289, 4.6596124], [-74.0624772, 4.6598571], [-74.0626927, 4.6600087], [-74.0630432, 4.6602501], [-74.0632103, 4.6603837]]"
856965791#1,11599890959,7989820878,20.01121801990025,0.0240134616238803,0.0,50.0,baja,True,0,secundaria,Avenida Carrera 24,3.0,True,False,[],
89901752#9,11599890959,312663044,93.44607292696338,0.11213528751235606,0.0,30.0,baja,True,0,secundaria,Calle 76,2.0,True,False,[],"[[-74.0648254, 4.6667127], [-74.0648925, 4.6667571], [-74.0654807, 4.667144], [-74.065529, 4.6671758]]"
89619164#1,12093836766,268231793,161.72172111587042,0.19406606533904447,0.0,30.0,baja,True,0,terciaria,Calle 69,2.0,True,False,[],"[[-74.062503, 4.6555844], [-74.0624176, 4.6555082], [-74.0618001, 4.6549569], [-74.061416, 4.6546141]]"
914944179#1,12093836766,268231795,112.48245678776455,0.13497894814531747,0.0,45.0,baja,True,0,terciaria,Avenida Carrera 13,2.0,True,False,[],"[[-74.062503, 4.6555844], [-74.062489, 4.6554671], [-74.0624893, 4.6553875], [-74.062496, 4.6553248], [-74.0625287, 4.6551385], [-74.0626256, 4.6545852]]"
639468922,12212788305,12496016276,152.62846575159017,0.1831541589019082,0.0,20.0,baja,True,0,otro,,1.0,False,False,[],"[[-74.0620518, 4.6596697], [-74.0620774, 4.659665], [-74.0621073, 4.6596646], [-74.0621336, 4.6596698], [-74.0621614, 4.6596793], [-74.0630276, 4.6602725], [-74.0632103, 4.6603837]]"
1072014514#1,12212788624,312660204,75.85549827859452,0.09102659793431345,0.0,30.0,baja,True,0,residencial,Calle 72A,2.0,False,False,[],"[[-74.0623062, 4.6605361], [-74.0628334, 4.6608858], [-74.0628761, 4.6609139]]"
68761098,12222604070,12285697975,76.67070519145162,0.09200484622974194,0.0,30.0,baja,True,0,residencial,Calle 65,2.0,False,False,[],"[[-74.0642516, 4.6526751], [-74.0644216, 4.6527203], [-74.0644879, 4.6527521], [-74.0646574, 4.6528572], [-74.0647383, 4.6528828], [-74.0648926, 4.6529156]]"
75366829#1,12222604090,889749397,98.22119196045936,0.11786543035255123,0.0,30.0,baja,True,0,residencial,Calle 65A,1.0,False,False,[],"[[-74.063888, 4.6525934], [-74.0630997, 4.6524161], [-74.0630236, 4.6523985]]"
276148473#1,12222604091,2807673245,96.8281495251518,0.11619377943018215,0.0,30.0,baja,True,0,residencial,Calle 65,2.0,False,False,[],"[[-74.0639663, 4.6520744], [-74.0631879, 4.6519097], [-74.063112, 4.6518921]]"
68761096#1,12222604092,826353035,98.84299810256313,0.11861159772307575,0.0,30.0,baja,True,0,residencial,Calle 64A,2.0,False,False,[],
68761098#1,12285697975,12222604070,76.67070519145162,0.09200484622974194,0.0,30.0,baja,True,0,residencial,Calle 65,2.0,False,False,[],"[[-74.0648926, 4.6529156], [-74.0647383, 4.6528828], [-74.0646574, 4.6528572], [-74.0644879, 4.6527521], [-74.0644216, 4.6527203], [-74.0642516, 4.6526751]]"
"[68761080, 1518641013]#1",12285697975,826353234,50.221696180286045,0.060266035416343254,0.0,30.0,baja,True,0,residencial,Calle 64B,2.0,False,False,[],"[[-74.0648926, 4.6529156], [-74.0649218, 4.652725], [-74.0649318, 4.6527105], [-74.0649486, 4.6527043], [-74.0651686, 4.652747]]"
24677745#3,12288332428,2807673255,126.89386025417112,0.15227263230500535,0.0,30.0,baja,True,0,residencial,Calle 71,2.0,False,False,[],
1057643953#3,12288332429,3582229695,157.1701563612246,0.18860418763346953,0.0,30.0,baja,True,0,residencial,Calle 70A,2.0,False,False,[],
935462714#1,12288332430,2807673253,129.4660427388827,0.15535925128665923,0.0,30.0,baja,True,0,residencial,Calle 70,2.0,False,False,[],
89890877#1,12288332436,312656270,62.625771385508315,0.07515092566260999,0.0,30.0,baja,True,0,residencial,Calle 71A,2.0,False,False,[],
1328179642#1,12288332441,373376121,63.679527186836964,0.07641543262420436,0.0,30.0,baja,True,0,residencial,Calle 71,2.0,False,False,[],
1328179645#1,12288332443,4147203407,63.25679911432766,0.07590815893719319,0.0,30.0,baja,True,0,residencial,Calle 70A,2.0,False,False,[],
28290596#1,12288332444,373376115,61.53281333144472,0.07383937599773366,0.0,30.0,baja,True,0,residencial,Calle 70,2.0,False,False,[],
672573151#1,12438940376,314146484,107.76437860414515,0.12931725432497418,0.0,30.0,baja,True,0,secundaria,Avenida Carrera 24,2.0,True,False,[],"[[-74.0630848, 4.6723052], [-74.0630998, 4.6722009], [-74.0631999, 4.6713429]]"
1552154888#1,12438940386,881725668,17.680894300570884,0.021217073160685062,0.0,30.0,baja,True,0,secundaria,Avenida Carrera 24,3.0,True,False,[],
1105334610,12438940386,12438940376,58.619429869197965,0.07034331584303756,0.0,30.0,baja,True,0,residencial,Calle 84,1.0,True,False,[],"[[-74.0630129, 4.6718331], [-74.0630159, 4.6719625], [-74.0630179, 4.6720356], [-74.0630146, 4.6721048], [-74.0630036, 4.6721945], [-74.0630016, 4.6722114], [-74.0629991, 4.6722406], [-74.0630048, 4.6722634], [-74.0630225, 4.6722881], [-74.0630517, 4.6722998], [-74.0630848, 4.6723052]]"
89901810#2,12440876776,312661820,69.4956705961315,0.0833948047153578,0.0,70.0,baja,True,0,troncal,Avenida Calle 80,3.0,True,False,[],"[[-74.0651931, 4.6710129], [-74.0651375, 4.6709458], [-74.0647938, 4.670531]]"
"[200746944, 914668615]",12440876776,12440876779,33.178586384847534,0.039814303661817034,0.0,45.0,baja,True,0,terciaria,Carrera 28,2.0,True,False,[],"[[-74.0651931, 4.6710129], [-74.0651506, 4.6710872], [-74.0650877, 4.6711972], [-74.0650448, 4.6712721]]"
639468925,12472064221,13617994816,23.112925903744202,0.02773551108449304,0.0,20.0,baja,True,0,otro,,1.0,False,False,[],
907311758,12472064221,12595971095,136.5295764166073,0.16383549169992878,0.0,30.0,baja,True,0,secundaria,Avenida Carrera 15,3.0,True,False,[],"[[-74.0615504, 4.6592578], [-74.0614947, 4.6593403], [-74.0609289, 4.660168], [-74.0608766, 4.660244], [-74.0608572, 4.6602728]]"
89600783#1,12483781990,12483781991,19.763468763048607,0.023716162515658328,0.0,50.0,baja,True,0,secundaria,Calle 82,3.0,True,False,[],
89600783#2,12483781991,312644643,86.7221141923326,0.10406653703079913,0.0,50.0,baja,True,0,secundaria,Calle 82,3.0,True,False,[],"[[-74.0597758, 4.6694296], [-74.0597304, 4.6694056], [-74.0596817, 4.669379], [-74.0591111, 4.6690185]]"
627031726#2,12483781991,7990226352,287.97420553230455,0.34556904663876553,0.0,50.0,baja,True,0,secundaria,Avenida Carrera 20,2.0,True,False,[],"[[-74.0597758, 4.6694296], [-74.059749, 4.6696568], [-74.059688, 4.6700791], [-74.059667, 4.6702242], [-74.059553, 4.6709719], [-74.05945, 4.6715452], [-74.0593836, 4.671933], [-74.0593806, 4.6719497], [-74.0593737, 4.6719878]]"
89890356#3,12496016276,312660204,69.62484326007026,0.08354981191208433,0.0,30.0,baja,True,0,residencial,Carrera 20A,2.0,False,False,[],"[[-74.0632103, 4.6603837], [-74.0631769, 4.6604367], [-74.0629161, 4.6608505], [-74.0628761, 4.6609139]]"
639468922#1,12496016276,12212788305,152.62846575159014,0.18315415890190817,0.0,20.0,baja,True,0,otro,,1.0,False,False,[],"[[-74.0632103, 4.6603837], [-74.0630276, 4.6602725], [-74.0621614, 4.6596793], [-74.0621336, 4.6596698], [-74.0621073, 4.6596646], [-74.0620774, 4.659665], [-74.0620518, 4.6596697]]"
908021564,12496016276,12496016379,98.14864284982747,0.11777837141979294,0.0,50.0,baja,True,0,secundaria,Avenida Calle 72,2.0,True,False,[],"[[-74.0632103, 4.6603837], [-74.0638447, 4.660835], [-74.0638876, 4.6608652], [-74.0639314, 4.6608961]]"
375277121,12496016371,12496016374,11.963616118786938,0.014356339342544325,0.0,50.0,baja,True,0,secundaria,Avenida Calle 72,2.0,True,False,[],
89889939,12496016371,5146342124,85.15612216684427,0.10218734660021313,0.0,50.0,baja,True,0,secundaria,Avenida Carrera 24,3.0,True,False,[],"[[-74.0670375, 4.6630527], [-74.0670021, 4.6631069], [-74.0668614, 4.6633227], [-74.0666309, 4.6637024]]"
905182460,12496016372,12496016371,11.834725790253225,0.01420167094830387,0.0,50.0,baja,True,0,secundaria,Avenida Carrera 24,3.0,True,False,[],
352406351#3,12496016372,7989874524,83.07989166233662,0.09969586999480394,0.0,50.0,baja,True,0,secundaria,Avenida Calle 72,2.0,True,False,[],"[[-74.0670956, 4.6629634], [-74.0670692, 4.6629451], [-74.066575, 4.6626029], [-74.0665337, 4.6625743], [-74.0664801, 4.6625369]]"
352406367,12496016373,12496016372,11.826293522177117,0.014191552226612541,0.0,50.0,baja,True,0,secundaria,Avenida Calle 72,2.0,True,False,[],
"[1003076651, 1003076650, 528843603]",12496016373,312660056,191.53147092556227,0.22983776511067472,0.0,50.0,baja,True,0,secundaria,Avenida Carrera 24,,True,False,[],"[[-74.0671815, 4.6630265], [-74.0672115, 4.6629787], [-74.067597, 4.6623639], [-74.0676913, 4.6622135], [-74.0678605, 4.6619431], [-74.0680969, 4.6615655]]"
905182461,12496016374,12496016373,11.935911872537805,0.014323094247045365,0.0,50.0,baja,True,0,secundaria,Avenida Carrera 24,3.0,True,False,[],
"[1009720964, 1051315349]",12496016374,312660844,61.38714093907988,0.07366456912689585,0.0,50.0,baja,True,0,secundaria,Avenida Calle 72,2.0,True,False,[],"[[-74.0671239, 4.6631172], [-74.067177, 4.6631568], [-74.067288, 4.6632397], [-74.0675669, 4.6634486]]"
40936938#2,12496016375,312660201,64.73341208651607,0.07768009450381927,0.0,45.0,baja,True,0,terciaria,Carrera 20C,1.0,True,False,[],"[[-74.0646259, 4.6613787], [-74.0646099, 4.6614084], [-74.0643494, 4.6618915]]"
200337859,12496016375,375480121,149.53737668227274,0.17944485201872729,0.0,30.0,baja,True,0,secundaria,Avenida Calle 72,2.0,True,False,[],"[[-74.0646259, 4.6613787], [-74.0646611, 4.6614033], [-74.0657331, 4.6621473]]"
89890523,12496016376,12496016375,11.578031099135092,0.013893637318962109,0.0,45.0,baja,True,0,terciaria,Carrera 20,2.0,True,False,[],
352406354,12496016376,12496016378,94.51083489487026,0.11341300187384432,0.0,50.0,baja,True,0,secundaria,Avenida Calle 72,2.0,True,False,[],"[[-74.0646845, 4.6612925], [-74.0646261, 4.6612516], [-74.0640677, 4.660861], [-74.0640283, 4.6608334], [-74.0639865, 4.6608042]]"
1064127150,12496016378,13508151294,99.78062904889633,0.1197367548586756,0.0,50.0,baja,True,0,secundaria,Avenida Calle 72,2.0,True,False,[],"[[-74.0639865, 4.6608042], [-74.0639469, 4.6607772], [-74.0632942, 4.6603306], [-74.0632442, 4.6602964]]"
1077012898,12496016378,312656265,82.36758304011407,0.09884109964813688,0.0,30.0,baja,True,0,terciaria,Carrera 19,2.0,True,False,[],"[[-74.0639865, 4.6608042], [-74.0640169, 4.6607565], [-74.0643455, 4.6602411], [-74.064358, 4.6602214], [-74.0643851, 4.660179]]"
24690414,12496016379,12496016378,11.904405600657439,0.014285286720788926,0.0,45.0,baja,True,0,terciaria,Carrera 19,2.0,True,False,[],
1051193968,12496016379,12496016375,93.82970038411294,0.11259564046093552,0.0,30.0,baja,True,0,secundaria,Avenida Calle 72,2.0,True,False,[],"[[-74.0639314, 4.6608961], [-74.0639686, 4.6609218], [-74.0645202, 4.6613053], [-74.0645677, 4.6613382], [-74.0646259, 4.6613787]]"
89616068,12566330550,12566330552,100.19417053035968,0.12023300463643163,0.0,30.0,baja,True,0,residencial,Carrera 13,4.0,False,False,[],"[[-74.0596589, 4.6594563], [-74.0596343, 4.6594918], [-74.0596042, 4.6595372], [-74.0595855, 4.6595651], [-74.0594919, 4.6596971], [-74.0592138, 4.6600982], [-74.0591877, 4.6601358], [-74.059145, 4.6601976]]"
89617738,12566330550,12595971095,160.87301989855854,0.19304762387827026,0.0,45.0,baja,True,0,terciaria,Calle 73,4.0,True,False,[],"[[-74.0596589, 4.6594563], [-74.0597203, 4.6594983], [-74.0601952, 4.6598229], [-74.0604193, 4.6599744], [-74.0606051, 4.660101], [-74.0607543, 4.6602027], [-74.0607936, 4.6602295], [-74.0608572, 4.6602728]]"
"[1236470178, 918801402]#1",12566330550,10062516861,139.79609073670036,0.16775530888404042,0.0,30.0,baja,True,0,residencial,Carrera 13,2.0,False,False,[],"[[-74.0596589, 4.6594563], [-74.0596811, 4.6594236], [-74.059699, 4.6593972], [-74.0597701, 4.6592925], [-74.0602073, 4.6586485], [-74.0603378, 4.6584508], [-74.0603627, 4.658413]]"
89616068#1,12566330552,12566330550,100.19417053035968,0.12023300463643163,0.0,30.0,baja,True,0,residencial,Carrera 13,4.0,False,False,[],"[[-74.059145, 4.6601976], [-74.0591877, 4.6601358], [-74.0592138, 4.6600982], [-74.0594919, 4.6596971], [-74.0595855, 4.6595651], [-74.0596042, 4.6595372], [-74.0596343, 4.6594918], [-74.0596589, 4.6594563]]"
89617755,12566330552,13805375169,224.92333269520725,0.2699079992342487,0.0,45.0,baja,True,0,terciaria,Calle 74,3.0,True,False,[],"[[-74.059145, 4.6601976], [-74.0590869, 4.6601578], [-74.057664, 4.659183], [-74.0576013, 4.6591325], [-74.0575643, 4.6591], [-74.0575273, 4.6590675], [-74.0574877, 4.6590322]]"
"[1014910029, 1014910030]",12566330552,13821341071,125.47688023696178,0.1505722562843541,0.0,30.0,baja,True,0,residencial,Carrera 13,,False,False,[],"[[-74.059145, 4.6601976], [-74.0591169, 4.6602393], [-74.059078, 4.6602975], [-74.058828, 4.6606709], [-74.0585892, 4.6610276], [-74.0585553, 4.6610782], [-74.0585165, 4.6611362]]"
1077977410,12577137934,13805375168,21.142727228960478,0.025371272674752577,0.0,30.0,baja,True,0,secundaria,Avenida Carrera 11,3.0,False,False,[],
916471065,12577137934,263471094,240.66141770505243,0.2887937012460629,0.0,45.0,baja,True,0,terciaria,Calle 77,2.0,True,False,[],"[[-74.0556031, 4.6618102], [-74.0555487, 4.6617673], [-74.0539082, 4.6606075], [-74.0538342, 4.660555]]"
639468914#1,12577137965,253762318,93.9108267056524,0.11269299204678289,0.0,30.0,baja,True,0,secundaria,Calle 76,2.0,True,False,[],"[[-74.0578663, 4.6620569], [-74.0585396, 4.6624872], [-74.0585796, 4.6625128]]"
639468916#1,12577137965,267890881,82.38973616798847,0.09886768340158618,0.0,30.0,baja,True,0,residencial,Carrera 13,2.0,False,False,[],"[[-74.0578663, 4.6620569], [-74.0578418, 4.6620943], [-74.0578209, 4.6621269], [-74.0574656, 4.662681]]"
"[1122106476, 1014910031]",12577137965,13821341071,125.19481497065344,0.15023377796478413,0.0,30.0,baja,True,0,residencial,Carrera 13,,False,False,[],"[[-74.0578663, 4.6620569], [-74.0579167, 4.6619856], [-74.0579393, 4.6619536], [-74.0581491, 4.6616564], [-74.058447, 4.6612346], [-74.0584802, 4.6611876], [-74.0585165, 4.6611362]]"
1077977409#1,12577137968,852230694,130.8408810428429,0.15700905725141148,0.0,30.0,baja,True,0,secundaria,Avenida Carrera 11,3.0,True,False,[],"[[-74.056179, 4.6609601], [-74.0564145, 4.6606099], [-74.0568374, 4.6599834]]"
1176617725,12577137968,12577137965,223.2543768435346,0.26790525221224154,0.0,30.0,baja,True,0,secundaria,Calle 76,2.0,True,False,[],"[[-74.056179, 4.6609601], [-74.0562209, 4.6609874], [-74.0565587, 4.6612069], [-74.0567449, 4.6613279], [-74.0567678, 4.6613428], [-74.0570769, 4.6615438], [-74.0571266, 4.6615761], [-74.0572505, 4.6616566], [-74.0577778, 4.6619994], [-74.0578155, 4.6620239], [-74.0578663, 4.6620569]]"
"[834811026, 1009719029]",12594549131,373293506,183.61320083906514,0.2203358410068782,0.0,30.0,baja,True,0,residencial,Calle 75,2.0,True,False,[],"[[-74.0620787, 4.6621981], [-74.0620574, 4.6622326], [-74.0619818, 4.6623548], [-74.0615366, 4.6630747], [-74.0614897, 4.6631505], [-74.0618735, 4.6633882], [-74.0619435, 4.6634315]]"
"[1008921328, 89615872, 936732779, 1079835948]",12594549131,12595971098,232.05289701883154,0.2784634764225979,0.0,30.0,baja,True,0,terciaria,Calle 74,3.0,True,False,[],"[[-74.0620787, 4.6621981], [-74.0620493, 4.6621771], [-74.061673, 4.661922], [-74.0616329, 4.6618948], [-74.0615728, 4.6618515], [-74.061382, 4.6617243], [-74.0613377, 4.6616942], [-74.0608927, 4.6613918], [-74.0606456, 4.6612239], [-74.0604587, 4.6610969], [-74.0604185, 4.6610696], [-74.0603489, 4.6610223]]"
1059633460,12594549132,375478380,98.77602782824755,0.11853123339389705,0.0,45.0,baja,True,0,terciaria,Carrera 20B,2.0,True,False,[],"[[-74.0628421, 4.6626967], [-74.0628737, 4.6626444], [-74.0631121, 4.6622503], [-74.0632582, 4.6620125], [-74.0632776, 4.661981], [-74.0632876, 4.6619649], [-74.0633045, 4.6619373]]"
1552943266#1,12594549132,2862531856,52.78238345798132,0.06333886014957757,0.0,30.0,baja,True,0,terciaria,Calle 74,2.0,True,False,[],"[[-74.0628421, 4.6626967], [-74.0628011, 4.6626699], [-74.0624439, 4.6624363]]"
"[1015893074, 1079835949]",12595971095,12595971098,100.5939674516498,0.12071276094197977,0.0,30.0,baja,True,0,secundaria,Avenida Carrera 15,3.0,True,False,[],"[[-74.0608572, 4.6602728], [-74.0604185, 4.6609197], [-74.0603925, 4.660958], [-74.0603489, 4.6610223]]"
"[1079835947, 1072014502]",12595971098,12596010801,125.65515063442385,0.1507861807613086,0.0,30.0,baja,True,0,secundaria,Avenida Carrera 15,3.0,True,False,[],"[[-74.0603489, 4.6610223], [-74.0603186, 4.6610674], [-74.059786, 4.6618357], [-74.0597569, 4.6618777], [-74.0597088, 4.6619549]]"
1371768767,12595971098,12566330552,161.90005893771016,0.19428007072525216,0.0,45.0,baja,True,0,terciaria,Calle 74,3.0,True,False,[],"[[-74.0603489, 4.6610223], [-74.0602922, 4.6609835], [-74.0592429, 4.6602646], [-74.0592131, 4.6602442], [-74.059145, 4.6601976]]"
"[907311757, 1079835943]",12596010801,12596010805,119.8173706612721,0.1437808447935265,0.0,30.0,baja,True,0,secundaria,Avenida Carrera 15,3.0,True,False,[],"[[-74.0597088, 4.6619549], [-74.0596652, 4.6620191], [-74.059609, 4.6621017], [-74.0593867, 4.6624377], [-74.0592705, 4.6625999], [-74.0591949, 4.6627162], [-74.0591576, 4.6627775], [-74.0591131, 4.6628537]]"
"[1079835944, 1079835945]#1",12596010801,312649085,85.44268117003978,0.10253121740404773,0.0,30.0,baja,True,0,residencial,Calle 75,2.0,False,False,[],"[[-74.0597088, 4.6619549], [-74.0597596, 4.6619898], [-74.0597968, 4.6620154], [-74.0603437, 4.6623908]]"
1079835946#2,12596010801,312649100,68.83734637403717,0.0826048156488446,0.0,30.0,baja,True,0,residencial,Calle 75,2.0,False,False,[],"[[-74.0597088, 4.6619549], [-74.0596447, 4.6619109], [-74.0596099, 4.661887], [-74.0591973, 4.6616037]]"
907311756,12596010805,2007238282,64.37308904216668,0.07724770685060002,0.0,30.0,baja,True,0,secundaria,Calle 76,4.0,True,False,[],"[[-74.0591131, 4.6628537], [-74.0591812, 4.6628971], [-74.0596025, 4.6631655]]"
"[907311755, 1079835941]",12596010805,12596010810,112.85815334049462,0.13542978400859354,0.0,30.0,baja,True,0,secundaria,Avenida Carrera 15,3.0,True,False,[],"[[-74.0591131, 4.6628537], [-74.0590782, 4.6629168], [-74.0586687, 4.6636571], [-74.0586482, 4.6636941], [-74.0586343, 4.6637192], [-74.0586214, 4.6637425]]"
856965798,12596010807,264441789,137.30897278852356,0.16477076734622825,0.0,30.0,baja,True,0,residencial,Calle 77,2.0,True,False,[],"[[-74.0585753, 4.6638293], [-74.0586448, 4.6638686], [-74.0595724, 4.6643947], [-74.0596087, 4.6644153], [-74.0596314, 4.6644271], [-74.0596529, 4.6644386]]"
1079835935,12596010807,12596010811,192.73995351393452,0.23128794421672141,0.0,30.0,baja,True,0,secundaria,Avenida Carrera 15,3.0,True,False,[],"[[-74.0585753, 4.6638293], [-74.0585497, 4.6638753], [-74.0577857, 4.6652475], [-74.0577604, 4.6652929], [-74.0577314, 4.6653449]]"
917899297,12596010810,12596010807,10.920580107740223,0.01310469612928827,0.0,30.0,baja,True,0,secundaria,Avenida Carrera 15,3.0,True,False,[],
"[1014920975, 917899295]",12596010810,3665185928,86.57122517399685,0.10388547020879621,0.0,30.0,baja,True,0,residencial,Calle 77,1.0,True,False,[],"[[-74.0586214, 4.6637425], [-74.0585643, 4.6637097], [-74.0581549, 4.663474], [-74.0581322, 4.6634609], [-74.0580827, 4.6633925], [-74.058041, 4.6632681]]"
89615994#3,12596010811,312645244,72.28506277575643,0.08674207533090772,0.0,30.0,baja,True,0,residencial,Calle 79,2.0,True,False,[],"[[-74.0577314, 4.6653449], [-74.0578013, 4.6653838], [-74.058301, 4.6656616]]"
"[89601066, 1079835934]",12596010811,12596010813,142.26007207359544,0.17071208648831454,0.0,30.0,baja,True,0,secundaria,Avenida Carrera 15,3.0,True,False,[],"[[-74.0577314, 4.6653449], [-74.0571501, 4.6663655], [-74.0571213, 4.6664161], [-74.0570977, 4.6664575]]"
24644507#5,12596010813,267890873,94.28267647698947,0.11313921177238737,0.0,30.0,baja,True,0,residencial,Calle 80,2.0,True,False,[],"[[-74.0570977, 4.6664575], [-74.057027, 4.6664155], [-74.0563652, 4.6660263]]"
89601066,12596010813,12596010814,122.87569389819049,0.1474508326778286,0.0,30.0,baja,True,0,secundaria,Avenida Carrera 15,3.0,True,False,[],"[[-74.0570977, 4.6664575], [-74.0567869, 4.6669986], [-74.0566188, 4.6673027], [-74.0565877, 4.6673591], [-74.0565538, 4.6674204]]"
1079835932,12596010814,253845435,47.095040948145076,0.05651404913777409,0.0,30.0,baja,True,0,secundaria,Avenida Carrera 15,3.0,True,False,[],
"[89581008, 89601080]",12596010817,267902562,108.07453922852187,0.12968944707422622,0.0,30.0,baja,True,0,secundaria,Avenida Calle 85,4.0,False,False,[],"[[-74.0552717, 4.6700805], [-74.0552332, 4.6700495], [-74.0551851, 4.6700107], [-74.0551385, 4.6699849], [-74.05443, 4.6695926]]"
"[1079816548, 907224109]",12596010817,309298297,75.55012908894437,0.09066015490673325,0.0,50.0,baja,True,0,secundaria,Avenida Calle 85,3.0,True,False,[],"[[-74.0552717, 4.6700805], [-74.0553305, 4.6701754], [-74.0558427, 4.6704242]]"
89874985,12840537205,498602498,63.010931316404836,0.0756131175796858,0.0,30.0,baja,True,0,terciaria,Calle 64,1.0,True,False,[],"[[-74.0652984, 4.6520004], [-74.065745, 4.652263], [-74.0657881, 4.6522883]]"
577922574,12840537205,498604658,129.7081713971465,0.1556498056765758,0.0,30.0,baja,True,0,residencial,Carrera 15,2.0,True,False,[],"[[-74.0652984, 4.6520004], [-74.0653066, 4.6519568], [-74.0653856, 4.6515387], [-74.0654083, 4.6514207], [-74.0654235, 4.6513412], [-74.0654467, 4.6512203], [-74.0655076, 4.6509025], [-74.0655168, 4.6508544]]"
89615883#3,12898740865,265784101,86.46399246264326,0.10375679095517192,0.0,30.0,baja,True,0,residencial,Carrera 9,2.0,True,False,[],"[[-74.0502006, 4.6652216], [-74.0499518, 4.6654595], [-74.0496625, 4.6657838]]"
"[1552154890, 815096186]",13252260181,2862531870,246.32741457790777,0.2955928974934893,0.0,70.0,baja,True,0,troncal,Avenida Carrera 20,,True,False,[],"[[-74.0605972, 4.6680145], [-74.0606263, 4.667884], [-74.0606512, 4.6677522], [-74.0607894, 4.6670736], [-74.0608588, 4.6667719], [-74.0608801, 4.6666794], [-74.0609351, 4.6664404], [-74.0609841, 4.6662031], [-74.0610092, 4.6660535], [-74.0610213, 4.6659747], [-74.0610317, 4.6659091], [-74.0610399, 4.6658443]]"
89601080#1,13276801890,267902562,96.60203925088668,0.115922447101064,0.0,30.0,baja,True,0,secundaria,Avenida Calle 85,4.0,False,False,[],"[[-74.0536756, 4.6691574], [-74.0537294, 4.6691885], [-74.0537588, 4.6692054], [-74.053973, 4.669329], [-74.0540804, 4.669391], [-74.05443, 4.6695926]]"
"[1178444869, 1014920967]",13276801890,13276895162,51.32647471134617,0.06159176965361541,0.0,30.0,baja,True,0,terciaria,Carrera 13,1.0,True,False,[],"[[-74.0536756, 4.6691574], [-74.0536999, 4.6691154], [-74.0537314, 4.6690653], [-74.0538876, 4.6687929], [-74.0538979, 4.6687756], [-74.0539082, 4.6687583]]"
1164561373#1,13276801890,267899342,161.4344103482803,0.19372129241793637,0.0,30.0,baja,True,0,secundaria,Avenida Calle 85,4.0,False,False,[],"[[-74.0536756, 4.6691574], [-74.0536548, 4.6691454], [-74.0536337, 4.6691332], [-74.0524148, 4.6684303]]"
1178444868,13276895162,267899270,13.14477741784541,0.01577373290141449,0.0,30.0,baja,True,0,terciaria,Carrera 13,1.0,True,False,[],"[[-74.0539082, 4.6687583], [-74.0539508, 4.6686852], [-74.0539671, 4.6686557]]"
529528971,13281947800,312656265,100.90180410105508,0.1210821649212661,0.0,30.0,baja,True,0,residencial,Calle 71A,2.0,True,False,[],"[[-74.0636262, 4.6596777], [-74.0636585, 4.6596989], [-74.0643077, 4.6601278], [-74.0643402, 4.6601493], [-74.0643851, 4.660179]]"
1550232560,13281947800,13508151294,80.77927441902187,0.09693512930282625,0.0,30.0,baja,True,0,secundaria,Avenida Carrera 17,2.0,True,False,[],"[[-74.0636262, 4.6596777], [-74.0632925, 4.6602183], [-74.0632687, 4.6602568], [-74.0632442, 4.6602964]]"
836244446,13281957905,13281957908,20.96288832110799,0.02515546598532959,0.0,50.0,baja,True,0,secundaria,Avenida Carrera 11,3.0,True,False,[],
200240991,13281957905,10062516861,223.42334993771377,0.2681080199252565,0.0,30.0,baja,True,0,secundaria,Avenida Calle 72,3.0,True,False,[],"[[-74.0587007, 4.6572758], [-74.0587542, 4.6573124], [-74.0603627, 4.658413]]"
1057643951#2,13281957908,9905016911,97.81159102569963,0.11737390923083954,0.0,50.0,baja,True,0,secundaria,Avenida Carrera 11,3.0,True,False,[],"[[-74.0588072, 4.65712], [-74.0588384, 4.6570739], [-74.0592733, 4.6564383], [-74.0593042, 4.6563931]]"
1157220601,13281957908,7989874572,154.21364925015754,0.18505637910018907,0.0,50.0,baja,True,0,secundaria,Avenida Calle 72,3.0,True,False,[],"[[-74.0588072, 4.65712], [-74.0578724, 4.6564796], [-74.0578307, 4.656451], [-74.0576605, 4.6563344]]"
"[939315477, 914963959]",13281957919,7989874568,92.7955079054232,0.11135460948650784,0.0,30.0,baja,True,0,secundaria,Avenida Calle 72,3.0,True,False,[],"[[-74.0569369, 4.6560598], [-74.0569977, 4.6561017], [-74.0573207, 4.6563245], [-74.0576254, 4.6565347]]"
1164674917,13281957919,264718124,140.14872616524048,0.1681784713982886,0.0,30.0,baja,True,0,terciaria,Carrera 9,3.0,True,False,[],"[[-74.0569369, 4.6560598], [-74.0569039, 4.6561073], [-74.0564516, 4.6567598], [-74.0562876, 4.6569965], [-74.056218, 4.6570967]]"
1064124040,13281957920,13281957919,20.334618834974634,0.02440154260196956,0.0,30.0,baja,True,0,terciaria,Carrera 9,3.0,True,False,[],
914963955,13281957920,265498547,186.0342807552184,0.22324113690626207,0.0,50.0,baja,True,0,secundaria,Avenida Calle 72,2.0,True,False,[],"[[-74.0570404, 4.6559088], [-74.0569716, 4.6558604], [-74.056943, 4.6558402], [-74.0566539, 4.6556366], [-74.0562598, 4.6553592], [-74.055667, 4.6549469]]"
89623511,13281957923,13281957926,15.655387426220601,0.018786464911464722,0.0,60.0,baja,True,0,primaria,Avenida Carrera 7,3.0,True,False,[],
341209330#1,13281957923,7989874583,23.692575813454873,0.028431090976145847,0.0,45.0,baja,True,0,terciaria,Avenida Calle 72,2.0,True,False,[],"[[-74.0553296, 4.6547242], [-74.0552648, 4.6546815], [-74.0551512, 4.6546068]]"
346040841,13281957924,13281957923,15.726278590870134,0.01887153430904416,0.0,50.0,baja,True,0,secundaria,Avenida Calle 72,3.0,True,False,[],"[[-74.0554479, 4.6548023], [-74.0553972, 4.6547688], [-74.0553296, 4.6547242]]"
1195021057,13281957924,5385019319,24.5429280569846,0.029451513668381515,0.0,50.0,baja,True,0,primaria,Avenida Carrera 7,2.0,True,False,[],"[[-74.0554479, 4.6548023], [-74.0554742, 4.654722], [-74.0555173, 4.6545927]]"
89619136,13281957925,13281957924,18.191230244331784,0.02182947629319814,0.0,60.0,baja,True,0,primaria,Avenida Carrera 7,2.0,True,False,[],
1013168770,13281957925,3861884463,41.715747335506364,0.05005889680260763,0.0,50.0,baja,True,0,secundaria,Avenida Calle 72,2.0,True,False,[],"[[-74.0553969, 4.6549578], [-74.0554482, 4.6550042], [-74.0554622, 4.6550169], [-74.0554983, 4.6550447], [-74.0556972, 4.6551831]]"
204012694,13281957926,13281957925,16.423527008917805,0.019708232410701364,0.0,50.0,baja,True,0,secundaria,Avenida Calle 72,2.0,True,False,[],"[[-74.0552872, 4.6548585], [-74.0553518, 4.654917], [-74.0553969, 4.6549578]]"
341209367#5,13281957926,5686336996,22.6303007413361,0.02715636088960332,0.0,50.0,baja,True,0,primaria,Avenida Carrera 7,3.0,True,False,[],"[[-74.0552872, 4.6548585], [-74.0552671, 4.654922], [-74.0552258, 4.6550526]]"
89890128#11,13282116202,373376601,58.391878012959005,0.0700702536155508,0.0,30.0,baja,True,0,terciaria,Carrera 20,2.0,True,False,[],
89874787#3,13282116202,13282116204,102.54849431215457,0.12305819317458547,0.0,30.0,baja,True,0,terciaria,Calle 69,2.0,True,False,[],"[[-74.0667057, 4.6582672], [-74.0666808, 4.6582513], [-74.0659959, 4.657814], [-74.0659631, 4.6577931], [-74.0659256, 4.6577713]]"
352406353#5,13282116204,373377512,56.75278357111066,0.0681033402853328,0.0,30.0,baja,True,0,terciaria,Carrera 19,2.0,True,False,[],
89874787#4,13282116204,283255682,105.9598073876209,0.12715176886514507,0.0,30.0,baja,True,0,terciaria,Calle 69,2.0,True,False,[],"[[-74.0659256, 4.6577713], [-74.0658795, 4.6577503], [-74.06569, 4.6576329], [-74.0651431, 4.6572942], [-74.0651105, 4.657274]]"
837258673#2,13282116206,283253380,81.64788865527868,0.09797746638633442,0.0,45.0,baja,True,0,terciaria,Carrera 19,2.0,True,False,[],"[[-74.0665143, 4.6568937], [-74.0665535, 4.6568321], [-74.0667262, 4.6565609], [-74.066909, 4.6562737]]"
1153621597#1,13282116206,13790717175,102.07505747041883,0.1224900689645026,0.0,50.0,baja,True,0,secundaria,Avenida Calle 68,3.0,True,False,[],"[[-74.0665143, 4.6568937], [-74.0665416, 4.6569114], [-74.067169, 4.6573192], [-74.067214, 4.6573485], [-74.067259, 4.6573777], [-74.0672858, 4.6573951]]"
89901928,13383492230,13383492233,37.25524449255358,0.0447062933910643,0.0,50.0,baja,True,0,secundaria,Avenida Carrera 24,3.0,True,False,[],"[[-74.0633729, 4.6687954], [-74.0633441, 4.6688991], [-74.0633157, 4.6690198], [-74.0632902, 4.6691201]]"
910966574,13383492230,7732802571,44.274174283655015,0.05312900914038602,0.0,70.0,baja,True,0,troncal,Avenida Calle 80,3.0,True,False,[],"[[-74.0633729, 4.6687954], [-74.0633132, 4.6687193], [-74.063127, 4.6684816]]"
79378185,13383492233,309298537,215.88676659771454,0.2590641199172575,0.0,30.0,baja,True,0,secundaria,Avenida Carrera 24,3.0,True,False,[],"[[-74.0632902, 4.6691201], [-74.0632693, 4.6692109], [-74.0632517, 4.6693165], [-74.0632376, 4.6694291], [-74.0632107, 4.6697867], [-74.0631322, 4.6707744], [-74.0631059, 4.6710516]]"
639778760,13383492233,268153039,21.25320208501073,0.025503842502012875,0.0,70.0,baja,True,0,troncal,Avenida Calle 80,2.0,True,False,[],"[[-74.0632902, 4.6691201], [-74.0633545, 4.6692025], [-74.0633627, 4.6692131], [-74.0634079, 4.669271]]"
89901776,13383492234,13383492230,15.770495717842103,0.018924594861410526,0.0,70.0,baja,True,0,troncal,Avenida Calle 80,2.0,True,False,[],"[[-74.0634616, 4.6689063], [-74.0634233, 4.6688588], [-74.063399, 4.6688286], [-74.0633729, 4.6687954]]"
961106548,13383492234,4160411154,25.91410771496031,0.031096929257952367,0.0,50.0,baja,True,0,secundaria,Avenida Carrera 24,3.0,True,False,[],"[[-74.0634616, 4.6689063], [-74.0634817, 4.6688372], [-74.0635008, 4.6687944], [-74.0635498, 4.6686911]]"
909618851#2,13441319707,283342319,5.540355319770347,0.006648426383724417,0.0,30.0,baja,True,0,residencial,Carrera 16,2.0,True,False,[],
905729653,13508151294,373376129,90.31355110916707,0.10837626133100049,0.0,20.0,baja,True,0,otro,,1.0,True,False,[],"[[-74.0632442, 4.6602964], [-74.0630813, 4.6601718], [-74.062973, 4.6600953], [-74.0625827, 4.6598223]]"
"[1350677337, 1350677353, 1098941282]",13508151294,10062516860,383.80679326726687,0.4605681519207202,0.0,30.0,baja,True,0,secundaria,Avenida Calle 72,2.0,True,False,[],"[[-74.0632442, 4.6602964], [-74.0630679, 4.6602023], [-74.0627249, 4.6599688], [-74.0624924, 4.6598159], [-74.0621503, 4.6595758], [-74.0618193, 4.6593058], [-74.0617426, 4.6592239], [-74.0617063, 4.6591798], [-74.0616575, 4.6591245], [-74.0616121, 4.6590758], [-74.0615668, 4.6590291], [-74.0615066, 4.6589758], [-74.0614294, 4.6589143], [-74.0609365, 4.6585865], [-74.0606748, 4.658412], [-74.0604669, 4.6582549]]"
89623406#2,13617956754,266892231,72.85186838144962,0.08742224205773955,0.0,45.0,baja,True,0,terciaria,Calle 69,2.0,True,False,[],"[[-74.0608029, 4.6540667], [-74.0607696, 4.6540373], [-74.060311, 4.6536321]]"
914963954#2,13617956754,268231810,68.59693312540519,0.08231631975048623,0.0,50.0,baja,True,0,secundaria,Avenida Carrera 11,3.0,True,False,[],"[[-74.0608029, 4.6540667], [-74.0608225, 4.6540235], [-74.0610681, 4.6535093]]"
1155252530,13617956756,13617956767,185.73877393559374,0.2228865287227125,0.0,30.0,baja,True,0,secundaria,Calle 67,3.0,True,False,[],"[[-74.0614286, 4.6527544], [-74.0614961, 4.6527979], [-74.061862, 4.6530346], [-74.062327, 4.6533352], [-74.0626982, 4.6535751], [-74.0627536, 4.6536109], [-74.0628354, 4.6536622]]"
1155252531#1,13617956756,265024857,92.50895959200668,0.11101075151040801,0.0,50.0,baja,True,0,secundaria,Avenida Carrera 11,3.0,True,False,[],"[[-74.0614286, 4.6527544], [-74.061459, 4.6526871], [-74.0617588, 4.6520313], [-74.0617744, 4.6519972]]"
89623589#3,13617956758,852230641,37.779196075236925,0.045335035290284306,0.0,30.0,baja,True,0,secundaria,Calle 67,3.0,True,False,[],
89626679#2,13617956758,761701366,66.67710085462036,0.08001252102554443,0.0,30.0,baja,True,0,residencial,Carrera 10,2.0,True,False,[],"[[-74.0605522, 4.6522022], [-74.060516, 4.6522654], [-74.0602608, 4.6527268]]"
89623589#4,13617956760,7805131244,7.642124890462066,0.00917054986855448,0.0,30.0,baja,True,0,secundaria,Calle 67,3.0,True,False,[],
1281336949#1,13617956760,761701288,65.69981427676356,0.07883977713211628,0.0,30.0,baja,True,0,terciaria,Carrera 9,3.0,True,False,[],"[[-74.0597263, 4.6516819], [-74.0596904, 4.6517519], [-74.0595627, 4.6519995], [-74.0594555, 4.6522075]]"
1156300774,13617956761,13617956760,78.61117305335125,0.0943334076640215,0.0,30.0,baja,True,0,secundaria,Calle 67,3.0,True,False,[],"[[-74.0591276, 4.6513028], [-74.0592381, 4.6513727], [-74.0596294, 4.6516205], [-74.059667, 4.6516443], [-74.0597263, 4.6516819]]"
"[914944177, 25964998]",13617956767,7814108392,119.7488037134075,0.143698564456089,0.0,30.0,baja,True,0,secundaria,Calle 67,,True,False,[],"[[-74.0628354, 4.6536622], [-74.063031, 4.6537893], [-74.0633135, 4.6539729], [-74.0633409, 4.6539906], [-74.0633784, 4.6540169], [-74.0635865, 4.6541513], [-74.0636302, 4.6541805], [-74.0637392, 4.6542523]]"
"[914944178, 1164676085]",13617956767,268230525,116.22099545383927,0.13946519454460712,0.0,30.0,baja,True,0,secundaria,Avenida Carrera 13,,True,False,[],"[[-74.0628354, 4.6536622], [-74.0628525, 4.6535411], [-74.0629201, 4.6530672], [-74.062945, 4.6528868], [-74.0629756, 4.6526784], [-74.0629836, 4.6526275]]"
639468925#1,13617994816,12472064221,23.112925903744202,0.02773551108449304,0.0,20.0,baja,True,0,otro,,1.0,False,False,[],
1485396020#1,13617994819,373376129,70.41683408086402,0.08450020089703683,0.0,20.0,baja,True,0,otro,,1.0,False,False,[],
1020187997#1,13617994821,283255674,97.90644666222283,0.11748773599466741,0.0,30.0,baja,True,0,residencial,Calle 73,2.0,False,False,[],"[[-74.0618222, 4.6609322], [-74.0622983, 4.661258], [-74.0625132, 4.6614051], [-74.0625506, 4.6614304]]"
1079835944#3,13617994823,859648253,54.43522752584135,0.06532227303100961,0.0,30.0,baja,True,0,residencial,Calle 75,2.0,False,False,[],"[[-74.0610956, 4.662907], [-74.0610256, 4.6628589], [-74.0607455, 4.6626667], [-74.0606911, 4.6626293]]"
89875311#1,13778340372,678455692,42.24739118122289,0.05069686941746746,0.0,30.0,baja,True,0,residencial,Calle 68,2.0,False,False,[],"[[-74.0632766, 4.654928], [-74.0635252, 4.6550758], [-74.063604, 4.6551226]]"
89617764#1,13778629057,12472064221,37.21682035999556,0.044660184431994675,0.0,50.0,baja,True,0,secundaria,Avenida Carrera 15,2.0,True,False,[],"[[-74.0617343, 4.658978], [-74.0617234, 4.6590002], [-74.0616999, 4.6590352], [-74.0615504, 4.6592578]]"
276148476,13778629057,10062516860,163.3398967557315,0.1960078761068778,0.0,20.0,baja,True,0,otro,,1.0,True,False,[],"[[-74.0617343, 4.658978], [-74.0616718, 4.6589718], [-74.0616288, 4.6589635], [-74.0616106, 4.65896], [-74.0615516, 4.6589432], [-74.0615221, 4.658932], [-74.0614912, 4.6589152], [-74.0606771, 4.6583712], [-74.0604669, 4.6582549]]"
89890206,13778686646,12594549132,105.18010700622706,0.12621612840747248,0.0,30.0,baja,True,0,terciaria,Calle 74,2.0,True,False,[],"[[-74.0636356, 4.6632156], [-74.0635877, 4.6631843], [-74.0629484, 4.6627662], [-74.0628846, 4.6627245], [-74.0628421, 4.6626967]]"
734633050#5,13778686646,7989874536,14.249029631593721,0.017098835557912466,0.0,30.0,baja,True,0,terciaria,Carrera 20C,1.0,True,False,[],"[[-74.0636356, 4.6632156], [-74.0636191, 4.6632414], [-74.0635664, 4.6633236]]"
76698968,13778686649,255471043,83.33642344922036,0.10000370813906444,0.0,30.0,baja,True,0,terciaria,Calle 74,2.0,True,False,[],"[[-74.0659763, 4.6647461], [-74.0659452, 4.6647258], [-74.0654222, 4.664369], [-74.0653981, 4.6643526], [-74.0653794, 4.6643399], [-74.0653553, 4.6643235]]"
907267684,13778686649,884894310,61.17646459288231,0.07341175751145877,0.0,50.0,baja,True,0,secundaria,Avenida Carrera 24,3.0,True,False,[],"[[-74.0659763, 4.6647461], [-74.0659386, 4.6648045], [-74.0656775, 4.6652087]]"
907267686,13778686650,13778686649,12.640020489165284,0.015168024586998341,0.0,30.0,baja,True,0,terciaria,Calle 74,2.0,True,False,[],
76698976#2,13778686650,312663078,99.93065102634026,0.11991678123160832,0.0,50.0,baja,True,0,secundaria,Avenida Carrera 24,3.0,True,False,[],"[[-74.0660711, 4.6648093], [-74.0661073, 4.6647526], [-74.0665555, 4.6640513]]"
249087733#1,13778686674,851224198,35.80488629962203,0.04296586355954644,0.0,30.0,baja,True,0,residencial,Carrera 18,2.0,False,False,[],"[[-74.0605277, 4.6641365], [-74.0606633, 4.6638942], [-74.0606851, 4.6638553]]"
1506460641,13778686674,13778686674,56.69235340964233,0.0680308240915708,0.0,30.0,baja,True,0,residencial,Carrera 18,2.0,True,False,[],"[[-74.0605277, 4.6641365], [-74.0604922, 4.6641483], [-74.0604568, 4.6641539], [-74.0604268, 4.6641595], [-74.0603945, 4.6641627], [-74.0603681, 4.6641753], [-74.0603541, 4.6641952], [-74.0603438, 4.6642152], [-74.0603425, 4.6642333], [-74.0603421, 4.6642388], [-74.0603652, 4.6642658], [-74.060397, 4.6642786], [-74.0604252, 4.6642762], [-74.060443, 4.6642664], [-74.0604602, 4.664253], [-74.0605277, 4.6641365]]"
1360693500,13790717160,312656405,78.07988649405075,0.09369586379286092,0.0,50.0,baja,True,0,secundaria,Avenida Calle 68,3.0,True,False,[],
89875274#4,13790717160,253762071,83.53199861779247,0.10023839834135095,0.0,30.0,baja,True,0,residencial,Carrera 22,2.0,True,False,[],"[[-74.0684202, 4.6581324], [-74.0684531, 4.6580829], [-74.0688364, 4.6575061]]"
1153621596,13790717162,13790717163,10.821780672073734,0.01298613680648848,0.0,50.0,baja,True,0,secundaria,Avenida Calle 68,3.0,True,False,[],
1548477099,13790717162,926763206,98.48870490700473,0.11818644588840568,0.0,50.0,baja,True,0,secundaria,Avenida Carrera 24,3.0,True,False,[],"[[-74.0695815, 4.6590107], [-74.0695511, 4.6590609], [-74.0691045, 4.659758]]"
343732312#3,13790717163,489190793,53.94736060142023,0.06473683272170427,0.0,50.0,baja,True,0,secundaria,Avenida Calle 68,3.0,True,False,[],"[[-74.0696605, 4.6590679], [-74.069702, 4.6590978], [-74.0700545, 4.6593528]]"
1153621595,13790717163,312656666,109.68661210561883,0.13162393452674262,0.0,50.0,baja,True,0,secundaria,Avenida Carrera 24,2.0,True,False,[],"[[-74.0696605, 4.6590679], [-74.0697066, 4.6589969], [-74.0702006, 4.6582413]]"
89890128#12,13790717175,373377513,60.37592898196158,0.07245111477835389,0.0,30.0,baja,True,0,terciaria,Carrera 20,2.0,True,False,[],"[[-74.0672858, 4.6573951], [-74.0672469, 4.6574535], [-74.0670866, 4.6576945], [-74.0669847, 4.6578476]]"
1153621597#2,13790717175,312656102,82.99727953567978,0.09959673544281575,0.0,50.0,baja,True,0,secundaria,Avenida Calle 68,3.0,True,False,[],"[[-74.0672858, 4.6573951], [-74.0673122, 4.6574123], [-74.0679131, 4.6578028]]"
1158817451,13790717177,13282116206,109.09074503795262,0.13090889404554312,0.0,50.0,baja,True,0,secundaria,Avenida Calle 68,3.0,True,False,[],"[[-74.0656898, 4.6563578], [-74.0663929, 4.6568147], [-74.0664333, 4.656841], [-74.0665143, 4.6568937]]"
1182593946,13790717177,283255682,120.41965267517041,0.1445035832102045,0.0,30.0,baja,True,0,secundaria,Avenida Carrera 17,2.0,True,False,[],"[[-74.0656898, 4.6563578], [-74.0656415, 4.6564342], [-74.0654381, 4.6567558], [-74.0651471, 4.6572161], [-74.0651105, 4.657274]]"
89878155#1,13790717179,373377289,68.03048355055935,0.08163658026067122,0.0,50.0,baja,True,0,secundaria,Avenida Calle 68,3.0,True,False,[],
89875176#3,13790717179,312655765,117.42487907910102,0.1409098548949212,0.0,30.0,baja,True,0,residencial,Carrera 15,2.0,True,False,[],"[[-74.0646453, 4.6557414], [-74.0646084, 4.6558066], [-74.0641213, 4.6565859], [-74.0640879, 4.6566394]]"
1014446076,13805375135,465823710,9.926830096349804,0.011912196115619765,0.0,50.0,baja,True,0,secundaria,Avenida Carrera 11,1.0,True,False,[],
1014446075,13805375135,13805375136,15.201535195058412,0.018241842234070094,0.0,30.0,baja,True,0,terciaria,Calle 86,2.0,True,False,[],"[[-74.0507328, 4.6687649], [-74.0507586, 4.6687791], [-74.0508527, 4.6688313]]"
1391823835,13805375136,13805375137,10.014907823047283,0.01201788938765674,0.0,50.0,baja,True,0,secundaria,Avenida Carrera 11,2.0,True,False,[],
993319866,13805375136,2808920237,121.47626180616726,0.14577151416740072,0.0,30.0,baja,True,0,residencial,Calle 86,2.0,True,False,[],"[[-74.0508527, 4.6688313], [-74.0508755, 4.6688439], [-74.0518115, 4.6693607]]"
89600768,13805375137,13805375143,116.81841233082694,0.14018209479699234,0.0,30.0,baja,True,0,secundaria,Avenida Carrera 11,2.0,True,False,[],"[[-74.0509045, 4.6687575], [-74.0510193, 4.6685996], [-74.0512951, 4.6682173], [-74.051479, 4.6679626], [-74.0515079, 4.6679225], [-74.0515205, 4.667905]]"
1042675085,13805375137,465823710,14.918534335122933,0.01790224120214752,0.0,30.0,baja,True,0,terciaria,Calle 86,2.0,True,False,[],"[[-74.0509045, 4.6687575], [-74.0508104, 4.6687063], [-74.0507863, 4.6686933]]"
914672127,13805375142,13805375143,15.165037743494837,0.018198045292193803,0.0,30.0,baja,True,0,secundaria,Avenida Calle 85,2.0,False,False,[],"[[-74.0514053, 4.6678314], [-74.0514226, 4.6678425], [-74.0515205, 4.667905]]"
"[1042467370, 937018883]",13805375142,13805375146,134.43463518480007,0.16132156222176006,0.0,30.0,baja,True,0,secundaria,Avenida Carrera 11,1.0,True,False,[],"[[-74.0514053, 4.6678314], [-74.0514397, 4.6677813], [-74.0514946, 4.6677012], [-74.0517733, 4.6672957], [-74.0517935, 4.6672608], [-74.0518781, 4.6671351], [-74.0520188, 4.6669439], [-74.0520542, 4.6668909], [-74.0520769, 4.6668576], [-74.0520917, 4.6668349]]"
1485418847#1,13805375142,5133139632,146.37055533236676,0.1756446663988401,0.0,30.0,baja,True,0,secundaria,Avenida Calle 85,2.0,False,False,[],"[[-74.0514053, 4.6678314], [-74.0513848, 4.667819], [-74.051358, 4.6678027], [-74.0511579, 4.6676812], [-74.0503243, 4.6672035], [-74.0502643, 4.6671686]]"
"[1041551763, 914672126]#1",13805375143,267899342,115.06602777849805,0.13807923333419767,0.0,30.0,baja,True,0,secundaria,Avenida Calle 85,4.0,False,False,[],"[[-74.0515205, 4.667905], [-74.0515398, 4.667916], [-74.0515706, 4.6679362], [-74.0516624, 4.6679963], [-74.0517989, 4.6680751], [-74.0519276, 4.6681493], [-74.0523031, 4.668366], [-74.0524148, 4.6684303]]"
914672127#1,13805375143,13805375142,15.165037743494837,0.018198045292193803,0.0,30.0,baja,True,0,secundaria,Avenida Calle 85,2.0,False,False,[],"[[-74.0515205, 4.667905], [-74.0514226, 4.6678425], [-74.0514053, 4.6678314]]"
915184746,13805375143,13805375148,130.6108481310581,0.15673301775726972,0.0,50.0,baja,True,0,secundaria,Avenida Carrera 11,2.0,True,False,[],"[[-74.0515205, 4.667905], [-74.0515464, 4.667869], [-74.0515589, 4.6678516], [-74.0516425, 4.6677358], [-74.052147, 4.6669847], [-74.0521694, 4.6669503], [-74.0521817, 4.6669328]]"
1042467369,13805375146,13805375147,13.035138538156348,0.01564216624578762,0.0,30.0,baja,True,0,secundaria,Avenida Carrera 11,1.0,True,False,[],
89606479,13805375146,13805375148,14.764599933738712,0.017717519920486452,0.0,45.0,baja,True,0,terciaria,Calle 84A,2.0,True,False,[],"[[-74.0520917, 4.6668349], [-74.0521062, 4.6668506], [-74.0521817, 4.6669328]]"
"[1331505634, 89615894]",13805375147,1038604576,113.27710051099533,0.13593252061319439,0.0,45.0,baja,True,0,terciaria,Calle 84A,2.0,True,False,[],"[[-74.0521567, 4.6667372], [-74.0521411, 4.6667214], [-74.051967, 4.6665352], [-74.0516876, 4.6662375], [-74.0514776, 4.6660139], [-74.0514584, 4.6659933]]"
"[937018882, 856995358]",13805375147,265580307,144.34342350438104,0.17321210820525723,0.0,30.0,baja,True,0,secundaria,Avenida Carrera 11,1.0,True,False,[],"[[-74.0521567, 4.6667372], [-74.0521693, 4.6667183], [-74.0522217, 4.6666397], [-74.0522511, 4.6665938], [-74.0527374, 4.6658271], [-74.0527584, 4.665794], [-74.0528903, 4.6656705]]"
89607756,13805375148,13805375149,13.038143378474613,0.015645772054169536,0.0,50.0,baja,True,0,secundaria,Avenida Carrera 11,2.0,True,False,[],
89606494,13805375148,267899340,123.01425496124423,0.1476171059534931,0.0,45.0,baja,True,0,terciaria,Calle 84A,2.0,True,False,[],"[[-74.0521817, 4.6669328], [-74.0521942, 4.6669463], [-74.0523852, 4.6671501], [-74.052404, 4.6671698], [-74.0525056, 4.6672789], [-74.0527697, 4.6675626], [-74.0529246, 4.6677291], [-74.0529375, 4.667743]]"
89606509,13805375149,13805375147,14.787782499602795,0.017745338999523352,0.0,45.0,baja,True,0,terciaria,Calle 84A,2.0,True,False,[],"[[-74.0522469, 4.6668352], [-74.0521706, 4.6667524], [-74.0521567, 4.6667372]]"
366401396,13805375149,13805375156,133.42060261051716,0.1601047231326206,0.0,30.0,baja,True,0,secundaria,Avenida Carrera 11,2.0,True,False,[],"[[-74.0522469, 4.6668352], [-74.0522606, 4.6668138], [-74.0524345, 4.6665407], [-74.0525136, 4.6664164], [-74.0528462, 4.6658931], [-74.0528641, 4.6658649], [-74.0528921, 4.6658222]]"
68748976#1,13805375156,6366922438,135.53490411658333,0.1626418849399,0.0,30.0,baja,True,0,residencial,Calle 82,2.0,True,False,[],"[[-74.0528921, 4.6658222], [-74.0529314, 4.6658478], [-74.0533813, 4.6661407], [-74.0539192, 4.6664838]]"
366401396#1,13805375156,3705876603,14.25475845105272,0.017105710141263265,0.0,30.0,baja,True,0,secundaria,Avenida Carrera 11,2.0,True,False,[],"[[-74.0528921, 4.6658222], [-74.0529356, 4.6657425], [-74.0529534, 4.6657095]]"
856959920#2,13805375158,13805375161,97.34946075687226,0.1168193529082467,0.0,30.0,baja,True,0,secundaria,Avenida Carrera 11,3.0,True,False,[],"[[-74.0533945, 4.6650116], [-74.0534134, 4.6649856], [-74.0538457, 4.6643493], [-74.0538786, 4.6643009], [-74.0538879, 4.6642873]]"
"[929026392, 1014466557]",13805375158,309297385,251.1126628093736,0.3013351953712483,0.0,30.0,baja,True,0,terciaria,Calle 81,2.0,True,False,[],"[[-74.0533945, 4.6650116], [-74.0534391, 4.6650404], [-74.0547463, 4.6658838], [-74.055278, 4.6662297], [-74.0552952, 4.6662409]]"
89615898#1,13805375161,9368025350,86.53995233213658,0.1038479427985639,0.0,30.0,baja,True,0,residencial,Calle 80,2.0,True,False,[],"[[-74.0538879, 4.6642873], [-74.0538336, 4.6642505], [-74.0532421, 4.6638498]]"
856959920#3,13805375161,253762048,96.27633891771163,0.11553160670125397,0.0,30.0,baja,True,0,secundaria,Avenida Carrera 11,3.0,True,False,[],"[[-74.0538879, 4.6642873], [-74.0539053, 4.66426], [-74.0540727, 4.6639975], [-74.0543726, 4.663569]]"
89616006#4,13805375164,253762045,99.0260695689455,0.1188312834827346,0.0,30.0,baja,True,0,residencial,Calle 78,2.0,True,False,[],"[[-74.0549441, 4.6627526], [-74.0550029, 4.6628], [-74.0555285, 4.6632114], [-74.0556494, 4.6632992]]"
856959920#4,13805375164,852230647,105.6781811778687,0.12681381741344244,0.0,30.0,baja,True,0,secundaria,Avenida Carrera 11,3.0,True,False,[],"[[-74.0549441, 4.6627526], [-74.0549696, 4.6627162], [-74.0550349, 4.6626228], [-74.0554919, 4.6619747]]"
1077977410#1,13805375168,12577137934,21.142727228960478,0.025371272674752577,0.0,30.0,baja,True,0,secundaria,Avenida Carrera 11,3.0,False,False,[],
1176617724,13805375168,12577137968,92.91836793891576,0.11150204152669892,0.0,30.0,baja,True,0,secundaria,Avenida Carrera 11,3.0,True,False,[],"[[-74.0557126, 4.6616545], [-74.056126, 4.6610389], [-74.0561528, 4.660999], [-74.056179, 4.6609601]]"
1014910028#1,13805375169,693951507,142.0926677177482,0.17051120126129782,0.0,45.0,baja,True,0,terciaria,Calle 74,2.0,True,False,[],"[[-74.0574877, 4.6590322], [-74.0574613, 4.659008], [-74.0565553, 4.6581551]]"
1550029305,13805375169,13805375172,96.8732350248919,0.11624788202987028,0.0,30.0,baja,True,0,secundaria,Avenida Carrera 11,3.0,True,False,[],"[[-74.0574877, 4.6590322], [-74.057514, 4.6589959], [-74.0579406, 4.6583885], [-74.0579678, 4.6583497], [-74.0579882, 4.658318]]"
89618018,13805375172,12566330550,224.29190212381988,0.26915028254858386,0.0,45.0,baja,True,0,terciaria,Calle 73,3.0,True,False,[],"[[-74.0579882, 4.658318], [-74.0580333, 4.6583487], [-74.0581432, 4.65842], [-74.0593445, 4.6592426], [-74.0594963, 4.6593456], [-74.0595911, 4.6594101], [-74.0596161, 4.6594271], [-74.0596589, 4.6594563]]"
1064127152,13805375172,13281957905,140.23327748339935,0.1682799329800792,0.0,30.0,baja,True,0,secundaria,Avenida Carrera 11,3.0,True,False,[],"[[-74.0579882, 4.658318], [-74.0580198, 4.6582715], [-74.0584106, 4.6577001], [-74.0586533, 4.6573451], [-74.0586766, 4.6573111], [-74.0587007, 4.6572758]]"
24677714#2,13805375175,1038727554,79.11942535442009,0.0949433104253041,0.0,30.0,baja,True,0,residencial,Calle 70A,2.0,True,False,[],"[[-74.0597932, 4.6556778], [-74.0597523, 4.6556545], [-74.0591737, 4.6553242]]"
1057643950,13805375175,13805375178,77.67740714703592,0.09321288857644311,0.0,50.0,baja,True,0,secundaria,Avenida Carrera 11,3.0,True,False,[],"[[-74.0597932, 4.6556778], [-74.0598151, 4.6556464], [-74.0601264, 4.6551998], [-74.0601581, 4.6551543], [-74.0601931, 4.6551041]]"
914963954#3,13805375178,265498776,27.852229525640343,0.03342267543076841,0.0,50.0,baja,True,0,secundaria,Avenida Carrera 11,3.0,True,False,[],
857003626#1,13805375178,2807673252,77.73011978391321,0.09327614374069586,0.0,30.0,baja,True,0,residencial,Calle 70,2.0,True,False,[],"[[-74.0601931, 4.6551041], [-74.0602738, 4.6551052], [-74.0603641, 4.6551419], [-74.0607812, 4.6554566]]"
89616100#1,13821341071,852230694,225.96721462031286,0.2711606575443754,0.0,30.0,baja,True,0,residencial,Calle 75,2.0,False,False,[],"[[-74.0585165, 4.6611362], [-74.0584359, 4.6610808], [-74.0584018, 4.6610574], [-74.0568795, 4.6600123], [-74.0568374, 4.6599834]]"
"[1014910029, 1014910030]#1",13821341071,12566330552,125.47688023696176,0.1505722562843541,0.0,30.0,baja,True,0,residencial,Carrera 13,,False,False,[],"[[-74.0585165, 4.6611362], [-74.0585553, 4.6610782], [-74.0585892, 4.6610276], [-74.058828, 4.6606709], [-74.059078, 4.6602975], [-74.0591169, 4.6602393], [-74.059145, 4.6601976]]"
1079835946#3,13821341071,312649100,91.62528275764816,0.1099503393091778,0.0,30.0,baja,True,0,residencial,Calle 75,2.0,False,False,[],"[[-74.0585165, 4.6611362], [-74.0585907, 4.6611872], [-74.0586542, 4.6612308], [-74.0591973, 4.6616037]]"
"[1122106476, 1014910031]#1",13821341071,12577137965,125.19481497065343,0.15023377796478413,0.0,30.0,baja,True,0,residencial,Carrera 13,,False,False,[],"[[-74.0585165, 4.6611362], [-74.0584802, 4.6611876], [-74.058447, 4.6612346], [-74.0581491, 4.6616564], [-74.0579393, 4.6619536], [-74.0579167, 4.6619856], [-74.0578663, 4.6620569]]"
1039766878,13821378702,13821378703,12.080522774457442,0.014496627329348932,0.0,45.0,baja,True,0,terciaria,Carrera 28,2.0,True,False,[],
375278995,13821378702,1847559927,54.570275051758216,0.06548433006210985,0.0,50.0,baja,True,0,secundaria,Avenida Calle 72,2.0,True,False,[],"[[-74.070117, 4.6652351], [-74.0700882, 4.6652134], [-74.0697241, 4.6649393]]"
1039766879,13821378703,13821378707,62.17700474900465,0.07461240569880558,0.0,50.0,baja,True,0,secundaria,Avenida Calle 72,2.0,True,False,[],"[[-74.0700528, 4.6653229], [-74.070088, 4.6653492], [-74.0703124, 4.6655166], [-74.0704225, 4.6655985], [-74.0704675, 4.6656319], [-74.070502, 4.6656579]]"
1169377972,13821378703,253762179,181.82086817638103,0.2181850418116572,0.0,45.0,baja,True,0,terciaria,Carrera 28,2.0,True,False,[],"[[-74.0700528, 4.6653229], [-74.0700312, 4.6653524], [-74.0699141, 4.665512], [-74.06932, 4.6663291], [-74.0692734, 4.6663937], [-74.0692217, 4.6664422], [-74.0691679, 4.6664765], [-74.0690917, 4.6665163], [-74.0690054, 4.6665492]]"
1064447334,13821378707,13821378708,11.83886676566822,0.014206640118801864,0.0,30.0,baja,True,0,terciaria,Carrera 28A,2.0,True,False,[],
530041389,13821378708,13821378702,62.150932377098655,0.07458111885251839,0.0,50.0,baja,True,0,secundaria,Avenida Calle 72,2.0,True,False,[],"[[-74.0705647, 4.6655717], [-74.0705229, 4.6655405], [-74.070447, 4.6654832], [-74.0702035, 4.6653002], [-74.0701517, 4.6652612], [-74.070117, 4.6652351]]"
472038862#1,13859007793,3885544407,114.23425384211292,0.1370811046105355,0.0,30.0,baja,True,0,residencial,Carrera 21,,False,False,[],
672573105,13859007793,314145669,107.56973811511813,0.12908368573814175,0.0,45.0,baja,True,0,terciaria,Calle 80 Bis,1.0,True,False,[],"[[-74.0610476, 4.6678043], [-74.0615356, 4.6678426], [-74.061978, 4.6678809], [-74.0620149, 4.6678841]]"
1169194388,13903297057,373377963,74.38510207584845,0.08926212249101814,0.0,30.0,baja,True,0,secundaria,Avenida Carrera 17,3.0,True,False,[],"[[-74.0667992, 4.6545732], [-74.0667636, 4.6546446], [-74.0664727, 4.6551025], [-74.0664473, 4.6551424]]"
1373065429,13903297057,13903297059,104.28205283105919,0.12513846339727103,0.0,30.0,baja,True,0,residencial,Calle 66,2.0,True,False,[],"[[-74.0667992, 4.6545732], [-74.0667583, 4.654552], [-74.0660966, 4.6542093], [-74.0660418, 4.6541809], [-74.0659643, 4.6541407]]"
675560588#2,13903297059,7596155969,64.35436614341047,0.07722523937209257,0.0,30.0,baja,True,0,residencial,Carrera 16,2.0,True,False,[],"[[-74.0659643, 4.6541407], [-74.0659231, 4.6541818], [-74.0658583, 4.6542198], [-74.065806, 4.654256], [-74.0657716, 4.6542991], [-74.0657479, 4.6543507], [-74.0657136, 4.6545542], [-74.065703, 4.6546174]]"
1097972742,13903297059,261817164,118.93000609898843,0.14271600731878611,0.0,30.0,baja,True,0,residencial,Calle 66,2.0,True,False,[],"[[-74.0659643, 4.6541407], [-74.0657991, 4.6540551], [-74.0651018, 4.6536939], [-74.0650523, 4.6536683], [-74.0650121, 4.6536475]]"
837258672#1,13903297060,310666531,110.10133081068925,0.1321215969728271,0.0,30.0,baja,True,0,terciaria,Carrera 19,2.0,True,False,[],"[[-74.0676714, 4.6550765], [-74.067697, 4.6550376], [-74.0682168, 4.6542489]]"
1167376069,13903297060,13903297057,111.86954109280059,0.1342434493113607,0.0,50.0,baja,True,0,secundaria,Calle 66,2.0,True,False,[],"[[-74.0676714, 4.6550765], [-74.0676443, 4.6550583], [-74.0673524, 4.6548617], [-74.0672676, 4.6548137], [-74.06713, 4.6547431], [-74.066888, 4.6546188], [-74.0668344, 4.6545913], [-74.0667992, 4.6545732]]"
89890128#13,13903297062,253762143,152.5157726952332,0.18301892723427984,0.0,30.0,baja,True,0,terciaria,Carrera 20,2.0,True,False,[],"[[-74.0684252, 4.6556087], [-74.0684098, 4.6556328], [-74.0676869, 4.6567662]]"
655514737#3,13903297062,13903297060,102.3787019195813,0.12285444230349757,0.0,50.0,baja,True,0,secundaria,Calle 66,2.0,True,False,[],"[[-74.0684252, 4.6556087], [-74.0683945, 4.6555866], [-74.0677446, 4.6551282], [-74.0677155, 4.6551076], [-74.0676714, 4.6550765]]"
